target_season,pitcher_id,pg,skill
2020,20700,breaking,-0.011179352822326846
2020,20700,fastball,0.09352405904425014
2020,20700,offspeed,0.0018043912327926548
2020,20938,breaking,-0.05548209002099276
2020,20938,fastball,0.07304412131955107
2020,20938,offspeed,-0.005283198291796661
2020,21095,breaking,-0.01202434793715752
2020,21095,fastball,0.05391916355712019
2020,21095,offspeed,-0.040194788560182985
2020,21178,breaking,-0.010277041154605331
2020,21178,fastball,0.06460102414159194
2020,21178,offspeed,-0.037211648442218935
2020,21279,breaking,-0.053293514461227855
2020,21279,fastball,0.017916199879101816
2020,21279,offspeed,0.029260085102088586
2020,21372,breaking,-0.1093549101608344
2020,21372,fastball,-0.025107757745941664
2020,21372,offspeed,0.01982439551872329
2020,21402,breaking,0.05640103129021536
2020,21402,fastball,0.03635992969348344
2020,21402,offspeed,0.03033952096798189
2020,21414,breaking,0.03244965730927145
2020,21414,fastball,0.0340573118680006
2020,21414,offspeed,0.007264114631422104
2020,21415,breaking,-0.06374742181889642
2020,21415,fastball,-0.03860595474890398
2020,21415,offspeed,-0.011473169044618868
2020,21432,breaking,-0.05855076209639245
2020,21432,fastball,0.008418686686307414
2020,21549,breaking,0.047687386485688876
2020,21549,fastball,0.1925471843103404
2020,21549,offspeed,0.00491497239981022
2020,21558,breaking,-0.04179550288561524
2020,21558,fastball,-0.015934940442567762
2020,21558,offspeed,0.06750888649656975
2020,21587,breaking,0.004750609683832402
2020,21587,fastball,-0.017946641712042386
2020,21587,offspeed,-0.006781058364071724
2020,21588,breaking,-0.015600097388997558
2020,21588,fastball,0.0006988769360707633
2020,21588,offspeed,-0.034261770541171827
2020,21595,breaking,-0.10403952812779892
2020,21595,fastball,-0.04291224092905299
2020,21595,offspeed,-0.022227797182698943
2020,21622,breaking,-0.022080755152229768
2020,21622,fastball,0.009440972901704366
2020,21622,offspeed,-0.028150156206092864
2020,21624,fastball,-0.022080755152229768
2020,21654,breaking,-0.008191866263340878
2020,21654,fastball,0.0033275095926424084
2020,21654,offspeed,0.02638219214607121
2020,21690,breaking,0.03248262336682456
2020,21690,fastball,0.053175112528037694
2020,21690,offspeed,-0.012302783302998173
2020,21699,breaking,-0.029300898199186146
2020,21699,fastball,-0.0019291341437567685
2020,21699,offspeed,-0.017228768035418687
2020,21733,breaking,-0.055483704996106005
2020,21733,fastball,0.02817223008953682
2020,21733,offspeed,-0.04967087253103796
2020,21754,breaking,-0.03297275447167176
2020,21754,fastball,0.011611045634693304
2020,21754,offspeed,0.010683224462420126
2020,21789,breaking,-0.06610079838669684
2020,21789,fastball,0.015394215900132997
2020,21789,offspeed,-0.028648562304456716
2020,21795,breaking,-0.10943662132185486
2020,21795,fastball,-0.045111373121411405
2020,21795,offspeed,-0.0700164670462428
2020,21813,breaking,0.013030501512471707
2020,21813,fastball,0.09094474913547525
2020,21813,offspeed,-0.05711277443760045
2020,21830,breaking,-0.04572316815407034
2020,21830,fastball,0.1365887687621147
2020,21830,offspeed,-0.017345069595594412
2020,21840,breaking,-0.054387599347847405
2020,21840,fastball,-0.0033240770743125712
2020,21840,offspeed,-0.002230584968187779
2020,21857,breaking,0.006906706977982813
2020,21857,fastball,0.012030938209535085
2020,21874,breaking,0.02529289400659514
2020,21874,fastball,0.04943425572324195
2020,21874,offspeed,0.03164726255853094
2020,21875,breaking,-0.06878319941798557
2020,21875,fastball,-0.04386799928824861
2020,21875,offspeed,-0.0030719498487528293
2020,21916,breaking,-0.01306732460537849
2020,21916,fastball,0.03682021371023243
2020,21916,offspeed,0.032851391441217334
2020,21936,breaking,-0.028296786186962
2020,21936,fastball,0.0394131757011492
2020,21936,offspeed,-0.049443888069684826
2020,21940,breaking,-0.01770627164635391
2020,21940,fastball,0.09363461734264762
2020,21940,offspeed,-0.01616618462200611
2020,21955,breaking,0.013727343454401499
2020,21955,fastball,0.011822112757002606
2020,21955,offspeed,0.061381201901393
2020,21961,breaking,-0.03070696306238369
2020,21961,fastball,0.1030048500333905
2020,21961,offspeed,0.0056290505290586355
2020,21978,breaking,-0.006867893536455215
2020,21978,fastball,0.021556448321882207
2020,21978,offspeed,-0.018060303204058173
2020,21991,breaking,-0.029381115640984612
2020,21991,fastball,-0.007334842738109281
2020,21991,offspeed,0.008207453523141216
2020,21994,breaking,-0.01741690022258883
2020,21994,fastball,-0.0012375057377288713
2020,21994,offspeed,0.020912688721382307
2020,21998,breaking,-0.04417488639895612
2020,21998,fastball,0.02092568316933057
2020,21998,offspeed,0.022287916330092236
2020,22007,breaking,0.010683224462420126
2020,22007,fastball,0.018556284971845173
2020,22007,offspeed,0.07587285959761349
2020,22015,breaking,-0.07781331157102599
2020,22015,fastball,-0.00923932778324917
2020,22028,breaking,-0.03451410813759359
2020,22028,fastball,0.018262169225133545
2020,22028,offspeed,-0.008573881641189786
2020,22029,breaking,0.017348944685184425
2020,22029,fastball,0.058783170108844957
2020,22029,offspeed,0.0002621194066820488
2020,22094,breaking,-0.1000114417067273
2020,22094,fastball,-0.09811141011225331
2020,22094,offspeed,-0.025419060962091632
2020,22099,breaking,-0.011473169044618868
2020,22099,fastball,-0.064801063501501
2020,22099,offspeed,-0.08861157371439905
2020,22110,breaking,0.020968438497378936
2020,22110,fastball,0.017625581950527876
2020,22110,offspeed,-0.023635419691490026
2020,22118,breaking,-0.17159989152802446
2020,22118,fastball,0.02905979008020115
2020,22118,offspeed,-0.0075961149920607375
2020,22123,breaking,-0.04762218058416436
2020,22123,fastball,0.07751035672070523
2020,22123,offspeed,-0.026456716230482992
2020,22131,breaking,-0.03807692567775711
2020,22131,fastball,0.13261314898951362
2020,22131,offspeed,0.19811000632480255
2020,22136,breaking,-0.04329272934052233
2020,22136,fastball,-0.012889086615226746
2020,22136,offspeed,-0.049590233314504614
2020,22143,breaking,-0.04037159463048348
2020,22143,fastball,0.006788425412785932
2020,22143,offspeed,0.012520859754281126
2020,22154,breaking,0.003938396422713206
2020,22154,fastball,0.03349975900680897
2020,22154,offspeed,-0.0015639682069422294
2020,22156,breaking,-0.03058584274960143
2020,22156,fastball,0.01902158880175614
2020,22156,offspeed,-0.0031885824756288307
2020,22163,breaking,-0.026965400642951356
2020,22163,fastball,0.11888498114261377
2020,22163,offspeed,-0.008060320513149949
2020,22180,breaking,0.06693833567202813
2020,22180,fastball,0.04209106787664404
2020,22192,breaking,-0.009900882427401777
2020,22192,fastball,-0.05032410845638152
2020,22192,offspeed,-0.02778111167567776
2020,22201,breaking,-0.019272861203457496
2020,22201,fastball,0.049514938646269144
2020,22201,offspeed,-0.021184105243871112
2020,22203,breaking,-0.0020736258390265127
2020,22203,fastball,0.00837625067658454
2020,22220,breaking,0.027282185639211618
2020,22220,fastball,-0.038874092226834515
2020,22220,offspeed,-0.024163096877446343
2020,22231,breaking,0.07965060278288663
2020,22231,fastball,0.056117091139240016
2020,22231,offspeed,-0.0038979491420898693
2020,22233,breaking,-0.0542744153995408
2020,22233,fastball,-0.04465243968800163
2020,22233,offspeed,-0.008477908406632572
2020,22234,breaking,0.029494822628726165
2020,22234,fastball,-0.021866047697479046
2020,22234,offspeed,-0.032312681403013466
2020,22249,breaking,-0.03485759935159462
2020,22249,fastball,-0.002109322995519025
2020,22249,offspeed,-0.001044295558655118
2020,22253,breaking,-0.019740300386983087
2020,22253,fastball,0.0117043667755714
2020,22253,offspeed,-0.007252406459378343
2020,22254,breaking,0.07808378072893898
2020,22254,fastball,0.07174361435277785
2020,22254,offspeed,0.05211212322336758
2020,22277,breaking,-0.09549068030308874
2020,22277,fastball,-0.00171746585397558
2020,22277,offspeed,-0.07089493786465798
2020,22278,breaking,-0.17018864718180074
2020,22278,fastball,-0.12873272629112206
2020,22278,offspeed,-0.06033128423108021
2020,22293,breaking,-0.02937176893285958
2020,22293,fastball,0.03842145249737103
2020,22293,offspeed,-0.057506115598535155
2020,22302,breaking,-0.05836986552037232
2020,22302,fastball,-0.09483723460366929
2020,22302,offspeed,-0.038835199158276615
2020,22309,breaking,0.04125850114950248
2020,22309,fastball,0.13093993676102908
2020,22309,offspeed,0.017759607667729438
2020,22311,breaking,-0.024163096877446343
2020,22311,fastball,-0.01595933131670439
2020,22311,offspeed,0.008923388519994675
2020,22312,breaking,0.00042552738800650684
2020,22312,fastball,-0.025525928199274052
2020,22312,offspeed,-0.0020736258390265127
2020,22318,breaking,0.056780802053294915
2020,22318,fastball,-0.00905364102030461
2020,22318,offspeed,-0.025947961213346266
2020,22321,breaking,0.04447757714104042
2020,22321,fastball,0.07020165635947578
2020,22321,offspeed,0.01676486879132396
2020,22335,breaking,-0.01649690618267572
2020,22335,fastball,0.02566691618710729
2020,22335,offspeed,0.03161010032425145
2020,22349,breaking,-0.03381965758505826
2020,22349,fastball,-0.012742963919015244
2020,22368,breaking,-0.009138823027429091
2020,22368,fastball,0.030689339171163815
2020,22368,offspeed,-0.006781058364071724
2020,22380,breaking,0.015328104663472354
2020,22380,fastball,-0.07069868771407338
2020,22380,offspeed,-0.10827430431649987
2020,22389,breaking,0.05470474824144036
2020,22389,fastball,0.08834667364656645
2020,22389,offspeed,0.042283958404200996
2020,22397,breaking,-0.00700040114342621
2020,22397,fastball,0.07180865290070851
2020,22397,offspeed,-0.02282634728854146
2020,22404,breaking,0.036715653400561474
2020,22404,fastball,0.04219075439216242
2020,22404,offspeed,-0.017337403494162427
2020,22419,breaking,-0.029950540925932426
2020,22419,fastball,0.05990596626418115
2020,22419,offspeed,-0.07894537230198702
2020,22427,breaking,0.02304969667917419
2020,22427,fastball,0.07641757914796249
2020,22427,offspeed,-0.02796563394088531
2020,22435,breaking,-0.01041040277445099
2020,22435,fastball,0.1342541385150289
2020,22435,offspeed,0.037524755527301126
2020,22458,breaking,0.03954107539805553
2020,22458,fastball,0.03345983974101247
2020,22458,offspeed,-0.07453785284421513
2020,22469,breaking,-0.12075625830132675
2020,22469,fastball,-0.062051775286565525
2020,22469,offspeed,-0.04435502163813472
2020,22478,breaking,-0.028011752846410012
2020,22478,fastball,-0.0778180962280514
2020,22487,breaking,-0.10695157155737717
2020,22487,fastball,-0.04399422987748656
2020,22487,offspeed,-0.06468315443753359
2020,22491,breaking,0.046538020001429675
2020,22491,fastball,0.018481215010928313
2020,22491,offspeed,-0.0948780860570361
2020,22505,breaking,0.031669582143917935
2020,22505,fastball,-0.014428865148033385
2020,22505,offspeed,-0.009646614369087474
2020,22508,breaking,-0.017653672407775236
2020,22508,fastball,0.010264513929103528
2020,22508,offspeed,0.027596293332669046
2020,22525,breaking,-0.012064403442381655
2020,22525,fastball,-0.06091070183120104
2020,22525,offspeed,-0.02858311500294779
2020,22539,breaking,-0.02693010075150387
2020,22539,fastball,-0.00888612037830101
2020,22539,offspeed,-0.02291009062213624
2020,22540,breaking,0.002528346046521802
2020,22540,fastball,0.025753076191439333
2020,22540,offspeed,-0.035497327448830086
2020,22541,breaking,-0.04425532827078388
2020,22541,fastball,-0.01317395818134296
2020,22541,offspeed,-0.006781058364071724
2020,22547,breaking,-0.11325260133479045
2020,22547,fastball,-0.06706229029351082
2020,22548,breaking,-0.03432194984875283
2020,22548,fastball,0.04578219404695154
2020,22548,offspeed,0.015328104663472354
2020,22551,breaking,-0.03924713917586334
2020,22551,fastball,-0.047342529313935136
2020,22551,offspeed,-0.006781058364071724
2020,22575,breaking,0.01379939003398936
2020,22575,fastball,-0.008477908406632572
2020,22575,offspeed,-0.013138300580388965
2020,22579,breaking,0.009347973893992792
2020,22579,fastball,-0.0031885824756288307
2020,22579,offspeed,-0.017946641712042386
2020,22592,breaking,-0.03732762915249223
2020,22592,fastball,-0.04931338912525955
2020,22592,offspeed,-0.04970476437566792
2020,22595,breaking,-0.049878742511435044
2020,22595,fastball,-0.04982130475369374
2020,22596,breaking,0.06313072482232868
2020,22596,fastball,0.10735411647488607
2020,22596,offspeed,0.04867840100802828
2020,22597,breaking,-0.04282624187859856
2020,22597,fastball,-0.09744067844681142
2020,22597,offspeed,-0.06966047903201811
2020,22598,breaking,0.012074328878412215
2020,22598,fastball,-0.013692888260374316
2020,22598,offspeed,-0.06297919949053585
2020,22617,breaking,-0.004275381048196222
2020,22617,fastball,0.060577008326483515
2020,22621,breaking,0.01379939003398936
2020,22621,fastball,0.018111699419611035
2020,22621,offspeed,-0.011642832939118417
2020,22624,breaking,-0.06118824214003606
2020,22624,fastball,-0.005888476450358704
2020,22624,offspeed,-0.0401976895158687
2020,22640,breaking,-0.028103646533233557
2020,22640,fastball,-0.12001651925108305
2020,22640,offspeed,-0.042015235445086514
2020,22666,breaking,0.014922694557417146
2020,22666,fastball,-0.011339377796465575
2020,22666,offspeed,0.0013227471238046896
2020,22668,breaking,0.001628312562906366
2020,22668,fastball,0.03066196773905569
2020,22668,offspeed,0.009630622625927203
2020,22675,breaking,0.027445416873818296
2020,22675,fastball,0.0071635117070588065
2020,22675,offspeed,-0.05625206342597286
2020,22703,breaking,-0.10452214281071177
2020,22703,fastball,0.030360764242760806
2020,22703,offspeed,-0.009430118270834485
2020,22708,breaking,0.03568429100933088
2020,22708,fastball,0.025430436489066746
2020,22708,offspeed,-0.05171365406933496
2020,22717,breaking,-0.11996279586995992
2020,22717,fastball,-0.028263536289891672
2020,22717,offspeed,-0.0015855225025821055
2020,22729,breaking,-0.08983649324618516
2020,22729,fastball,0.0035742964877959133
2020,22729,offspeed,-0.07066713254307477
2020,22730,breaking,0.03943002335516868
2020,22730,fastball,0.027230630577847303
2020,22730,offspeed,0.016172586738350817
2020,22734,breaking,-0.06033128423108021
2020,22734,fastball,-0.022497974063317456
2020,22734,offspeed,0.016314651966213217
2020,22735,breaking,-0.04969298635873978
2020,22735,fastball,0.040794159743199415
2020,22735,offspeed,-0.027751658533992335
2020,22738,breaking,0.054304959398199446
2020,22738,fastball,0.002132677960174917
2020,22738,offspeed,-0.02477421082200381
2020,22741,breaking,0.005889932266446813
2020,22741,fastball,0.07997363685859248
2020,22741,offspeed,0.0563630556002428
2020,22742,fastball,0.008051416408442386
2020,22743,breaking,0.04406862083803677
2020,22743,fastball,0.011900067232208867
2020,22743,offspeed,-0.053114709415996955
2020,22759,breaking,-0.015565087595987858
2020,22759,fastball,0.024765690860703852
2020,22759,offspeed,-0.05972299214291787
2020,22761,breaking,0.06627919210084085
2020,22761,fastball,0.07402804491028406
2020,22761,offspeed,0.027596293332669046
2020,22772,breaking,-0.024769755552165287
2020,22772,fastball,0.03389948000901308
2020,22772,offspeed,0.03597557588664587
2020,22776,breaking,-0.028910934317212904
2020,22776,fastball,-0.01221782552927873
2020,22782,breaking,-0.03682689881327874
2020,22782,fastball,-0.009924812952941318
2020,22782,offspeed,0.001913212055863774
2020,22784,breaking,-0.006781058364071724
2020,22784,fastball,-0.0031885824756288307
2020,22786,breaking,0.018111699419611035
2020,22786,fastball,0.015350900522334865
2020,22786,offspeed,-0.011642832939118417
2020,22795,breaking,-0.006253713625800573
2020,22795,fastball,-0.02617023288288945
2020,22795,offspeed,-0.05798310302357403
2020,22810,breaking,-0.003551420901425247
2020,22810,fastball,0.037925501084802554
2020,22810,offspeed,-0.0009560747774779011
2020,22820,breaking,-0.10581046502247796
2020,22820,fastball,-0.053693127231218815
2020,22820,offspeed,-0.04713713993601353
2020,22834,breaking,-0.04379217820410935
2020,22834,fastball,-0.03749876026910423
2020,22834,offspeed,-0.04711919823704655
2020,22851,breaking,0.03347480040332579
2020,22851,fastball,-0.02700265377546895
2020,22851,offspeed,-0.02048837618588768
2020,22869,breaking,-0.017714554760646622
2020,22869,fastball,-0.03984657155256766
2020,22869,offspeed,-0.010277041154605331
2020,22881,breaking,-0.0020736258390265127
2020,22881,fastball,0.043177551061191574
2020,22881,offspeed,-0.008477908406632572
2020,22890,breaking,-0.06493534803378678
2020,22890,fastball,0.026031437149131535
2020,22890,offspeed,0.00791547987276703
2020,22905,breaking,0.052168022373961065
2020,22905,fastball,0.023417112394725197
2020,22905,offspeed,-0.08665613452258401
2020,22908,breaking,0.009744492661352635
2020,22908,fastball,0.06462121984737954
2020,22908,offspeed,0.045648343118172355
2020,22911,breaking,-0.013657402582904455
2020,22911,fastball,0.06477220561031156
2020,22911,offspeed,-0.10601352133163627
2020,22915,breaking,0.012818300907483024
2020,22915,fastball,-0.03421231247898634
2020,22915,offspeed,-0.03432194984875283
2020,22922,breaking,-0.01899178459103448
2020,22922,fastball,-0.02865690458569003
2020,22923,breaking,-0.018915742582480875
2020,22923,fastball,-0.07500652084442903
2020,22925,breaking,-0.08032976637755937
2020,22925,fastball,0.02515306681112996
2020,22925,offspeed,-0.009002478648853202
2020,22926,breaking,0.004680845966326654
2020,22926,fastball,-0.0502477437926321
2020,22926,offspeed,-0.003958740238141524
2020,22933,fastball,0.03817270315111076
2020,22933,offspeed,0.030812099969740027
2020,22964,breaking,-0.049740064307911995
2020,22964,fastball,0.021382397122654894
2020,22964,offspeed,-0.008842046539195712
2020,22978,breaking,-0.08101510998603202
2020,22978,fastball,-0.039290593688636924
2020,22978,offspeed,-0.07087655898646221
2020,22996,breaking,-0.0052726214155706455
2020,22996,fastball,0.07318042159806054
2020,22996,offspeed,-0.007696731518367286
2020,23005,breaking,-0.05632573637360688
2020,23005,fastball,-0.04174826559179279
2020,23005,offspeed,-0.002841194156150368
2020,23023,breaking,-0.06878319941798557
2020,23023,fastball,-0.000630885278057856
2020,23024,breaking,0.01379939003398936
2020,23024,fastball,-0.011289740679144348
2020,23030,breaking,-0.04467444354795698
2020,23030,fastball,-0.030056468589475673
2020,23030,offspeed,-0.07988527161856676
2020,23035,breaking,-0.10770085041536517
2020,23035,fastball,-0.046096226020793364
2020,23035,offspeed,-0.06633122528479794
2020,23041,breaking,0.015350900522334865
2020,23041,fastball,0.011192774913373628
2020,23041,offspeed,0.018111699419611035
2020,23047,breaking,-0.05124598140208817
2020,23047,fastball,0.011216881073788598
2020,23047,offspeed,0.024451319594053954
2020,23053,breaking,0.009347973893992792
2020,23053,fastball,0.015350900522334865
2020,23054,breaking,0.007618391379596716
2020,23054,fastball,0.021075083342543124
2020,23054,offspeed,0.0030394411992648576
2020,23082,breaking,-0.011642832939118417
2020,23082,fastball,0.0026430858852329892
2020,23090,breaking,-0.020377524005610874
2020,23090,fastball,0.04096075615864446
2020,23090,offspeed,-0.019671950957799833
2020,23091,breaking,-0.028763300580388965
2020,23091,fastball,-0.04892435710325946
2020,23094,breaking,-0.014183561177712212
2020,23094,fastball,-0.05325351438785582
2020,23094,offspeed,-0.07375545681550724
2020,23110,breaking,-0.04421634203276268
2020,23110,fastball,-0.016395486436463085
2020,23110,offspeed,-0.018798790157582432
2020,23112,breaking,-0.048802274640992176
2020,23112,fastball,0.024203032089617573
2020,23112,offspeed,-0.00826576438742484
2020,23115,breaking,-0.010277041154605331
2020,23115,fastball,-0.01869694984875283
2020,23117,breaking,0.0024866994196110354
2020,23117,fastball,0.03824526438988225
2020,23117,offspeed,-0.019110255389656675
2020,23122,breaking,-0.06281875920093005
2020,23122,fastball,0.05656557594505133
2020,23122,offspeed,-0.0030719498487528293
2020,23137,breaking,-0.017946641712042386
2020,23137,fastball,0.0046241048094219795
2020,23139,breaking,-0.019110255389656675
2020,23139,fastball,0.01938672831926783
2020,23139,offspeed,-0.011642832939118417
2020,23150,breaking,0.00213390461652987
2020,23150,fastball,0.050385819281797604
2020,23151,breaking,-0.03948922766281341
2020,23151,fastball,-0.001556314696170233
2020,23151,offspeed,-0.010835780242772439
2020,23157,breaking,-0.011642832939118417
2020,23157,fastball,0.004537399221342926
2020,23158,fastball,0.030812099969740027
2020,23190,breaking,0.00042552738800650684
2020,23190,fastball,0.009222220605990062
2020,23190,offspeed,-0.03157016932200311
2020,23204,breaking,-0.0027357072907701987
2020,23204,fastball,0.004365557851486227
2020,23204,offspeed,-0.02361189654341571
2020,23206,breaking,-0.03935284780759846
2020,23206,fastball,0.02478271409518548
2020,23206,offspeed,-0.04656580080786927
2020,23225,breaking,-0.08981245083861741
2020,23225,fastball,-0.07134665360929235
2020,23231,breaking,-0.0731692323272876
2020,23231,fastball,0.04276620053283548
2020,23231,offspeed,-0.07048828119275413
2020,23238,breaking,-0.015029124274210793
2020,23238,fastball,-0.03532697452193712
2020,23238,offspeed,-0.010277041154605331
2020,23258,fastball,0.020179562797936257
2020,23258,offspeed,0.011192774913373628
2020,23260,breaking,-0.0025532023215558584
2020,23260,fastball,-0.01876967279520815
2020,23260,offspeed,-0.023862523791247956
2020,23267,breaking,0.04489660701199355
2020,23267,fastball,0.027009309333702478
2020,23267,offspeed,-0.008477908406632572
2020,23284,breaking,0.011119309580698093
2020,23284,fastball,0.07315791027656382
2020,23284,offspeed,0.01379939003398936
2020,23288,fastball,0.034092610672209006
2020,23288,offspeed,0.004750609683832402
2020,23289,breaking,-0.05242357800644562
2020,23289,fastball,0.036967413897583706
2020,23289,offspeed,0.03464213905251718
2020,23293,breaking,-0.030718295096146847
2020,23293,fastball,-0.005680813528437489
2020,23293,offspeed,0.05260613780582625
2020,23294,breaking,0.004214638295667111
2020,23294,fastball,0.019188911179612675
2020,23294,offspeed,0.01725285995432363
2020,23302,breaking,-0.1413298034823338
2020,23302,fastball,-0.05348857761477621
2020,23302,offspeed,-0.012742963919015244
2020,23306,breaking,0.06456541569810689
2020,23306,fastball,0.0037791707294595246
2020,23306,offspeed,-0.008573881641189786
2020,23307,breaking,-0.06736596713931514
2020,23307,fastball,-0.001566608183853762
2020,23307,offspeed,-0.03767133753701412
2020,23312,breaking,-0.018219498487528293
2020,23312,fastball,0.056755080767841755
2020,23312,offspeed,0.008345232630734408
2020,23314,breaking,-0.06788312444471152
2020,23314,fastball,-0.0433119781754102
2020,23314,offspeed,-0.019110255389656675
2020,23332,breaking,-0.03270700449157742
2020,23332,fastball,-0.03644609835339458
2020,23332,offspeed,-0.02291009062213624
2020,23334,breaking,0.005294500055589773
2020,23334,fastball,-0.01138450271698703
2020,23334,offspeed,-0.007555229222772627
2020,23342,breaking,0.009347973893992792
2020,23342,fastball,0.01938672831926783
2020,23342,offspeed,-0.03381965758505826
2020,23360,fastball,-0.026256477432528756
2020,23361,breaking,-0.03322733104375168
2020,23361,fastball,-0.006728160702057974
2020,23361,offspeed,-0.011370482669729022
2020,23362,breaking,-0.011397020374583275
2020,23362,fastball,0.00016209112600099195
2020,23362,offspeed,-0.020189042604139725
2020,23363,breaking,-0.01668089362677702
2020,23363,fastball,0.014139221578010137
2020,23363,offspeed,-0.009002478648853202
2020,23369,breaking,-0.008477908406632572
2020,23369,fastball,0.0024866994196110354
2020,23383,breaking,-0.04972992650274167
2020,23383,fastball,0.009739241867435376
2020,23383,offspeed,-0.011249309065729705
2020,23384,breaking,-0.035497327448830086
2020,23384,fastball,-0.09358880146296818
2020,23384,offspeed,0.01454350975548241
2020,23385,breaking,0.04462410480942198
2020,23385,fastball,-0.01373309513010156
2020,23385,offspeed,0.03210970345080555
2020,23411,breaking,-0.06261096254474631
2020,23411,fastball,0.04718953558659731
2020,23411,offspeed,-0.020011775896608283
2020,23414,breaking,-0.03515650126688689
2020,23414,fastball,0.008220695796953894
2020,23414,offspeed,-0.0720713799482168
2020,23415,breaking,0.04670665624380479
2020,23415,fastball,0.13506071139300888
2020,23415,offspeed,-0.07273373621016202
2020,23421,breaking,-0.0050101190878774045
2020,23421,fastball,-0.03682627363133424
2020,23421,offspeed,0.00042552738800650684
2020,23422,breaking,-0.19995071556798372
2020,23422,fastball,-0.001831511594588125
2020,23422,offspeed,-0.06196949848752829
2020,23423,breaking,-0.023374149488228687
2020,23423,fastball,-0.040251688011097596
2020,23423,offspeed,0.011367768775364733
2020,23426,breaking,-0.019461018905067393
2020,23426,fastball,0.005879834676060577
2020,23426,offspeed,0.02330557560034767
2020,23429,breaking,-0.0773694587664652
2020,23429,fastball,-0.002444948001173694
2020,23429,offspeed,-0.003958740238141524
2020,23437,breaking,-0.10195489090310321
2020,23437,fastball,-0.011298474461937096
2020,23437,offspeed,-0.04360710060717223
2020,23439,breaking,0.052229097371831734
2020,23439,fastball,0.04970431474178904
2020,23440,breaking,-0.012052602221527407
2020,23440,fastball,0.051115956281608345
2020,23440,offspeed,0.016406084069036958
2020,23446,breaking,-0.004781644060257565
2020,23446,fastball,0.01971026047094046
2020,23446,offspeed,-0.006781058364071724
2020,23455,breaking,0.01829188499705221
2020,23455,fastball,-0.010620339300571359
2020,23455,offspeed,-0.04972992650274167
2020,23462,breaking,-0.015373936101030232
2020,23462,fastball,0.01716587791965077
2020,23462,offspeed,-0.04276387482753563
2020,23475,breaking,-0.017714554760646622
2020,23475,fastball,-0.010347620543167424
2020,23476,fastball,-0.009298875217846402
2020,23478,breaking,-0.12436778158261455
2020,23478,fastball,0.008161629475191447
2020,23478,offspeed,-0.08465650666999801
2020,23496,breaking,-0.026487571361409036
2020,23496,fastball,0.07388959040489014
2020,23496,offspeed,-0.017714554760646622
2020,23497,breaking,0.0026430858852329892
2020,23497,fastball,0.03809297537023837
2020,23497,offspeed,-0.005679931646029143
2020,23498,breaking,-0.1171775772665073
2020,23498,fastball,-0.013064629005192844
2020,23498,offspeed,0.027596293332669046
2020,23499,breaking,0.015350900522334865
2020,23499,fastball,0.01379939003398936
2020,23499,offspeed,0.009347973893992792
2020,23501,breaking,-0.09112100796812433
2020,23501,fastball,-0.039072712580857136
2020,23501,offspeed,-0.009298875217846402
2020,23512,breaking,0.02377721627763984
2020,23512,fastball,0.05300127992535536
2020,23512,offspeed,-0.044397248399594434
2020,23515,breaking,-0.06430154941104936
2020,23515,fastball,-0.01265837021181817
2020,23515,offspeed,-0.009002478648853202
2020,23516,breaking,0.025017951196548073
2020,23516,fastball,0.04938700355409446
2020,23516,offspeed,0.006404514222300693
2020,23518,breaking,-0.031013783388573572
2020,23518,fastball,0.07790247709452972
2020,23518,offspeed,-0.007525330378271189
2020,23519,breaking,-0.039917113738516856
2020,23519,fastball,0.0007705495944982692
2020,23519,offspeed,0.006906706977982813
2020,23532,breaking,-0.0261500570276212
2020,23532,fastball,-0.03981391513399582
2020,23532,offspeed,-0.002367527539771058
2020,23534,breaking,-0.010947423679233343
2020,23534,fastball,0.04029046571556322
2020,23534,offspeed,0.022999792742424627
2020,23536,breaking,-0.012963477322999796
2020,23536,fastball,0.03478465169549115
2020,23536,offspeed,-0.026940788190891005
2020,23554,breaking,0.008812821977159262
2020,23554,fastball,0.02896729506954981
2020,23554,offspeed,0.004750609683832402
2020,23556,breaking,-0.04999324581756416
2020,23556,fastball,-0.007176254725509314
2020,23556,offspeed,-0.02017268526921755
2020,23557,breaking,-0.10323553619578078
2020,23557,fastball,0.04095707767110524
2020,23557,offspeed,0.0356997229793021
2020,23558,breaking,-0.03241553214300689
2020,23558,fastball,0.05769200899490713
2020,23558,offspeed,0.0024866994196110354
2020,23561,breaking,-0.0025414483362811227
2020,23561,fastball,0.04364435952810237
2020,23561,offspeed,-0.05378084585901404
2020,23564,breaking,-0.003958740238141524
2020,23564,fastball,-0.004781644060257565
2020,23568,breaking,-0.07527245715229058
2020,23568,fastball,-0.016254813644391693
2020,23568,offspeed,0.008199251689474628
2020,23574,breaking,-0.004468290689095025
2020,23574,fastball,-0.015602268062199843
2020,23589,breaking,0.040628747110593035
2020,23589,fastball,0.021846840762575245
2020,23589,offspeed,0.009347973893992792
2020,23590,breaking,-0.10062019507329244
2020,23590,fastball,-0.04062369858974368
2020,23590,offspeed,-0.012382008697378195
2020,23591,breaking,0.009347973893992792
2020,23591,fastball,0.030812099969740027
2020,23591,offspeed,0.004750609683832402
2020,23593,breaking,-0.029170465947196397
2020,23593,fastball,-0.0020200672497475026
2020,23593,offspeed,0.03790730793533008
2020,23596,breaking,-0.03204130901147282
2020,23596,fastball,0.00920227490704092
2020,23597,breaking,-0.02663388530234903
2020,23597,fastball,-0.05645652669302965
2020,23597,offspeed,-0.01755044436732994
2020,23614,breaking,-0.0311042359615016
2020,23614,fastball,0.03670565428390029
2020,23614,offspeed,0.01255305015124717
2020,23615,breaking,0.009347973893992792
2020,23615,fastball,0.0046241048094219795
2020,23615,offspeed,0.004750609683832402
2020,23617,breaking,-0.01185137852155351
2020,23617,fastball,-0.04281559708187605
2020,23617,offspeed,-0.004781644060257565
2020,23618,fastball,-0.01793953879709967
2020,23618,offspeed,0.01379939003398936
2020,23627,breaking,-0.08019825040088548
2020,23627,fastball,0.05204503739773843
2020,23627,offspeed,0.02912606366735889
2020,23628,breaking,0.01255305015124717
2020,23628,fastball,0.04523735289239194
2020,23628,offspeed,-0.010397581233947335
2020,23630,breaking,0.06008902060353498
2020,23630,fastball,0.056001591006513994
2020,23630,offspeed,-0.02048837618588768
2020,23631,breaking,0.01799674926639989
2020,23631,fastball,0.026561048254685974
2020,23631,offspeed,-0.07564568230003574
2020,23632,breaking,0.055665222198925925
2020,23632,fastball,0.04125850114950248
2020,23632,offspeed,-0.05691074892085208
2020,23633,breaking,-0.148700200351618
2020,23633,fastball,0.07019401270742733
2020,23633,offspeed,-0.08157354643552038
2020,23636,breaking,-0.005039893028698939
2020,23636,fastball,0.011039377748851584
2020,23636,offspeed,0.01972938203223286
2020,23637,breaking,0.005537158991246678
2020,23637,fastball,-0.07136399502628675
2020,23637,offspeed,0.017728151809180626
2020,23638,breaking,-0.0727141199341567
2020,23638,fastball,-0.01710450782672309
2020,23638,offspeed,0.0019249124688631959
2020,23642,breaking,-0.060060802653206694
2020,23642,fastball,-0.04077945723500159
2020,23642,offspeed,-0.01351432012331072
2020,23643,breaking,0.032978508164558835
2020,23643,fastball,0.00743299150753097
2020,23643,offspeed,-0.04166672962428014
2020,23644,breaking,-0.008477908406632572
2020,23644,fastball,0.022291322362598197
2020,23644,offspeed,-0.011642832939118417
2020,23650,breaking,-0.016916881180019883
2020,23650,fastball,0.025245609763230488
2020,23650,offspeed,-0.015684486946123948
2020,23651,breaking,-0.1023961131569773
2020,23651,fastball,0.030785142238458126
2020,23651,offspeed,-0.046253959807124524
2020,23653,breaking,-0.03421231247898634
2020,23653,fastball,-0.06117389638002421
2020,23653,offspeed,-0.009002478648853202
2020,23654,breaking,-0.09333496598001889
2020,23654,fastball,-0.018798790157582432
2020,23654,offspeed,-0.008573881641189786
2020,23655,breaking,-0.03598762473070288
2020,23655,fastball,0.1138532200208134
2020,23655,offspeed,0.029528127971547972
2020,23665,breaking,-0.0925569242054122
2020,23665,fastball,0.01495283501249712
2020,23665,offspeed,0.03124166532269414
2020,23672,breaking,-0.0414738563424192
2020,23672,fastball,0.03759048728509971
2020,23672,offspeed,-0.036208034029444995
2020,23673,breaking,-0.13027538075513773
2020,23673,fastball,0.08191086146649611
2020,23673,offspeed,-0.013800684331454439
2020,23676,breaking,-0.03477132099212532
2020,23676,fastball,-0.004358056608581423
2020,23676,offspeed,-0.01869694984875283
2020,23684,breaking,0.02026381320282206
2020,23684,fastball,-0.053456166541298124
2020,23684,offspeed,-0.0015855225025821055
2020,23689,breaking,-0.04002550666848069
2020,23689,fastball,-0.03915759858140585
2020,23689,offspeed,-0.04110821575968327
2020,23690,breaking,-0.0247309187395557
2020,23690,fastball,-0.017930764608052787
2020,23690,offspeed,0.004577051167110786
2020,23694,breaking,0.007027768986848143
2020,23694,fastball,0.07917802235702298
2020,23694,offspeed,-0.03585414220931802
2020,23695,breaking,-0.028440498241968034
2020,23695,fastball,0.07044144012664015
2020,23695,offspeed,-0.008468198548420987
2020,23696,breaking,-0.0400155264202861
2020,23696,fastball,0.10675529755681931
2020,23696,offspeed,0.07475947212533252
2020,23697,breaking,-0.15593717726510592
2020,23697,fastball,-0.06355157871344845
2020,23697,offspeed,-0.10516939506634036
2020,23713,breaking,-0.062370011150855414
2020,23713,fastball,-0.017055181897747823
2020,23713,offspeed,-0.04972992650274167
2020,23714,breaking,0.027797576621525297
2020,23714,fastball,0.014643291386404873
2020,23714,offspeed,0.020061510679721218
2020,23717,breaking,-0.0570980142317502
2020,23717,fastball,-0.008552221117249308
2020,23717,offspeed,-0.07478779939501132
2020,23719,breaking,0.08092451037517014
2020,23719,fastball,0.11468582359755393
2020,23719,offspeed,0.0324817909828737
2020,23727,breaking,0.00042552738800650684
2020,23727,fastball,-0.028131260404616134
2020,23727,offspeed,-0.023862523791247956
2020,23737,breaking,0.004750609683832402
2020,23737,fastball,0.01340161734554701
2020,23737,offspeed,-0.02291009062213624
2020,23740,fastball,0.027112455816253794
2020,23745,breaking,-0.10354133186456554
2020,23745,fastball,0.030272784217928478
2020,23745,offspeed,0.024310761181226083
2020,23747,breaking,-0.021307313940006466
2020,23747,fastball,-0.01389162744787816
2020,23747,offspeed,-0.017714554760646622
2020,23748,breaking,-0.008709228523911353
2020,23748,fastball,-0.0034042697620744783
2020,23748,offspeed,0.011192774913373628
2020,23749,breaking,0.0008353510402839503
2020,23749,fastball,-0.00950669350185313
2020,23749,offspeed,-0.010277041154605331
2020,23751,breaking,-0.05290412672552985
2020,23751,fastball,0.046447718509139674
2020,23754,breaking,0.0026430858852329892
2020,23754,fastball,0.0007705495944982692
2020,23758,breaking,-0.04616342055983348
2020,23758,fastball,0.02282469290870627
2020,23758,offspeed,0.03312495875698399
2020,23759,breaking,-0.006693550068473831
2020,23759,fastball,0.02918031586074437
2020,23759,offspeed,0.0530410355788182
2020,23761,breaking,-0.10304370384409657
2020,23761,fastball,-0.10293061987688353
2020,23761,offspeed,-0.04264290982928127
2020,23766,breaking,-0.049363398185033956
2020,23766,fastball,0.03992060636191752
2020,23766,offspeed,0.006780501512471707
2020,23767,breaking,-0.05548104409418245
2020,23767,fastball,0.09803565787467884
2020,23767,offspeed,-0.025963657772374138
2020,23769,breaking,0.007390963974097619
2020,23769,fastball,-0.021307313940006466
2020,23771,breaking,0.0033622421121393014
2020,23771,fastball,0.006974004664882899
2020,23772,breaking,-0.07427532647507203
2020,23772,fastball,0.03067755056745376
2020,23772,offspeed,-0.042680544528876076
2020,23779,breaking,0.017842639053002218
2020,23779,fastball,-0.061102926049760115
2020,23781,breaking,0.026452050464811444
2020,23781,fastball,0.09481337833760455
2020,23781,offspeed,-0.015539468340846902
2020,23782,breaking,-0.012724099397818735
2020,23782,fastball,0.0960658415739895
2020,23782,offspeed,-0.015619774852154126
2020,23784,breaking,-0.014782643032804185
2020,23784,fastball,-0.009174252738689328
2020,23784,offspeed,-0.07035161228942159
2020,23786,breaking,0.001695625671411297
2020,23786,fastball,-0.014782652081458776
2020,23786,offspeed,-0.08031218331233207
2020,23787,breaking,0.052890882622731665
2020,23787,fastball,0.03647031799239975
2020,23787,offspeed,-0.0015855225025821055
2020,23790,breaking,0.008242897012326519
2020,23790,fastball,-0.022597610677182387
2020,23790,offspeed,0.010638044197427001
2020,23843,breaking,-0.0366888114321385
2020,23843,fastball,0.02616612174170081
2020,23843,offspeed,-0.022080755152229768
2020,23849,breaking,0.08830201445759486
2020,23849,fastball,0.030186386417027387
2020,23849,offspeed,0.03460298235245754
2021,20700,breaking,-0.03300245812206095
2021,20700,fastball,0.06909337081165942
2021,20700,offspeed,-0.015897348352370593
2021,20938,breaking,-0.05548209002099276
2021,20938,fastball,0.07304412131955107
2021,20938,offspeed,-0.005283198291796661
2021,21095,breaking,-0.01202434793715752
2021,21095,fastball,0.05391916355712019
2021,21095,offspeed,-0.040194788560182985
2021,21178,breaking,-0.010277041154605331
2021,21178,fastball,0.06460102414159194
2021,21178,offspeed,-0.037211648442218935
2021,21279,breaking,-0.05222430618928732
2021,21279,fastball,0.025818983183222503
2021,21279,offspeed,0.03264675053192928
2021,21372,breaking,-0.11382645787566818
2021,21372,fastball,-0.020865835212758282
2021,21372,offspeed,0.01867378054649682
2021,21402,breaking,0.04808616974499853
2021,21402,fastball,0.10205809449816768
2021,21402,offspeed,0.08083752463973665
2021,21414,breaking,0.022647873292250452
2021,21414,fastball,0.04728043515636966
2021,21414,offspeed,0.0013191928881087166
2021,21415,breaking,-0.09111616528026957
2021,21415,fastball,-0.018339120393916372
2021,21415,offspeed,-0.004775789182499682
2021,21432,breaking,-0.09155789116281914
2021,21432,fastball,0.017803252709495627
2021,21432,offspeed,-0.025316186864847028
2021,21441,breaking,-0.10743877605137221
2021,21441,fastball,0.06042733093564806
2021,21441,offspeed,-0.0013657775818836093
2021,21549,breaking,0.04392142825531082
2021,21549,fastball,0.18849473511435622
2021,21549,offspeed,-0.013693145446787484
2021,21558,breaking,-0.020059508260615148
2021,21558,fastball,-0.0051048251397569685
2021,21558,offspeed,0.0720479178679833
2021,21571,breaking,0.04302040810395921
2021,21571,fastball,0.008447876324455653
2021,21571,offspeed,0.011555822252182506
2021,21587,breaking,0.004750609683832402
2021,21587,fastball,-0.017946641712042386
2021,21587,offspeed,-0.006781058364071724
2021,21588,breaking,-0.015600097388997558
2021,21588,fastball,0.0006988769360707633
2021,21588,offspeed,-0.034261770541171827
2021,21595,breaking,-0.10403952812779892
2021,21595,fastball,-0.04291224092905299
2021,21595,offspeed,-0.022227797182698943
2021,21622,breaking,-0.022360763815450494
2021,21622,fastball,0.057576261179401934
2021,21622,offspeed,-0.008774218646426675
2021,21624,fastball,-0.022080755152229768
2021,21654,breaking,-0.057025256189360475
2021,21654,fastball,-0.0030487968990904582
2021,21654,offspeed,0.012616548656376807
2021,21690,breaking,0.01569492032091677
2021,21690,fastball,0.03217985118995407
2021,21690,offspeed,0.008168299292877037
2021,21699,breaking,-0.003146462652569447
2021,21699,fastball,0.000671322013525699
2021,21699,offspeed,-0.0231686861507316
2021,21733,breaking,-0.055483704996106005
2021,21733,fastball,0.02817223008953682
2021,21733,offspeed,-0.04967087253103796
2021,21754,breaking,-0.025799411827360716
2021,21754,fastball,0.00493621135769111
2021,21754,offspeed,0.010683224462420126
2021,21789,breaking,-0.05430083200893684
2021,21789,fastball,0.024545190257012923
2021,21789,offspeed,-0.031184451810109322
2021,21795,breaking,-0.10538755605527318
2021,21795,fastball,-0.028050998382620686
2021,21795,offspeed,-0.030291212443298673
2021,21813,breaking,-0.007530601848435792
2021,21813,fastball,0.06700116014468674
2021,21813,offspeed,-0.04726977280213309
2021,21830,breaking,-0.008147175939833155
2021,21830,fastball,0.12513538232179613
2021,21830,offspeed,0.002376027599714234
2021,21840,breaking,-0.05445616043186633
2021,21840,fastball,0.018424203042528297
2021,21840,offspeed,-0.05062204320864058
2021,21857,breaking,0.006906706977982813
2021,21857,fastball,0.012030938209535085
2021,21874,breaking,0.07635971323369165
2021,21874,fastball,0.06877879163315333
2021,21874,offspeed,0.04588510706540065
2021,21875,breaking,-0.017609995715110092
2021,21875,fastball,-0.02313961334500075
2021,21875,offspeed,0.05387568313343409
2021,21916,breaking,-0.016256381823509403
2021,21916,fastball,0.026012328796484196
2021,21916,offspeed,0.034764713906904526
2021,21936,breaking,-0.01905451688547296
2021,21936,fastball,0.02670329903520025
2021,21936,offspeed,-0.019380898033078506
2021,21940,breaking,-0.008434843615473281
2021,21940,fastball,0.10217772256662945
2021,21940,offspeed,-0.011088200149672505
2021,21943,breaking,0.009889837455258017
2021,21943,fastball,-0.038567176152334785
2021,21943,offspeed,-0.040994585842296434
2021,21955,breaking,0.013727343454401499
2021,21955,fastball,0.011822112757002606
2021,21955,offspeed,0.061381201901393
2021,21961,breaking,-0.014743141064806883
2021,21961,fastball,0.06170673146081916
2021,21961,offspeed,0.03940202318563955
2021,21978,breaking,0.004559593557218148
2021,21978,fastball,0.05673515109778789
2021,21978,offspeed,-0.0303387443878579
2021,21991,breaking,-0.0355023928795574
2021,21991,fastball,-0.04164027083060544
2021,21991,offspeed,-0.029559948650436176
2021,21994,breaking,-0.022758039781084767
2021,21994,fastball,0.0082820461622302
2021,21994,offspeed,0.015343990609292698
2021,21998,breaking,-0.06347186320932596
2021,21998,fastball,0.07234705540810318
2021,21998,offspeed,-0.055099850411150245
2021,22007,breaking,0.04296227437076859
2021,22007,fastball,0.03349610418027195
2021,22007,offspeed,0.08816697052076444
2021,22015,breaking,-0.10184581151878626
2021,22015,fastball,-0.07760460386719596
2021,22015,offspeed,-0.025185501134255835
2021,22028,breaking,0.004988068715092133
2021,22028,fastball,0.02828051175818907
2021,22028,offspeed,-0.06224929410493335
2021,22029,breaking,0.017348944685184425
2021,22029,fastball,0.058783170108844957
2021,22029,offspeed,0.0002621194066820488
2021,22094,breaking,-0.088253412884563
2021,22094,fastball,-0.12718364941016586
2021,22094,offspeed,-0.05146353803239062
2021,22099,breaking,-0.004129265132676895
2021,22099,fastball,-0.05676585338878304
2021,22099,offspeed,-0.0779135525517428
2021,22110,breaking,0.051915815444303084
2021,22110,fastball,0.02448144465863398
2021,22110,offspeed,0.015633184556921087
2021,22118,breaking,-0.1605299416200237
2021,22118,fastball,-0.011198539888481724
2021,22118,offspeed,0.012392872656968233
2021,22123,breaking,-0.035741096445252564
2021,22123,fastball,0.09575878214596742
2021,22123,offspeed,-0.03599693853075283
2021,22131,breaking,0.015195298793389109
2021,22131,fastball,0.1506081286014601
2021,22131,offspeed,0.1800929585879763
2021,22136,breaking,-0.03893075886996785
2021,22136,fastball,-0.014378817951449789
2021,22136,offspeed,-0.052779707593097344
2021,22143,breaking,-0.04495786809498392
2021,22143,fastball,0.003926625481123615
2021,22143,offspeed,0.03692757364459416
2021,22154,breaking,-0.025664477815240287
2021,22154,fastball,0.020375565858018203
2021,22154,offspeed,-0.008816603763649568
2021,22156,breaking,-0.03058584274960143
2021,22156,fastball,0.01902158880175614
2021,22156,offspeed,-0.0031885824756288307
2021,22163,breaking,-0.02045783147154377
2021,22163,fastball,0.09688294182185098
2021,22163,offspeed,-0.02018384500748985
2021,22180,breaking,0.04421245285427578
2021,22180,fastball,0.04940490060208938
2021,22180,offspeed,-0.0016734694285280433
2021,22192,breaking,-0.003597544667733561
2021,22192,fastball,-0.03593925332672727
2021,22192,offspeed,-0.04212898306342596
2021,22201,breaking,-0.06819235302032046
2021,22201,fastball,0.056743574427619195
2021,22201,offspeed,-0.06754746538182382
2021,22203,breaking,-0.0020736258390265127
2021,22203,fastball,0.00837625067658454
2021,22205,breaking,0.0654240358846423
2021,22205,fastball,-0.05213027432076516
2021,22205,offspeed,-0.006178964043795852
2021,22220,breaking,0.027282185639211618
2021,22220,fastball,-0.038874092226834515
2021,22220,offspeed,-0.024163096877446343
2021,22231,breaking,0.09190998974332436
2021,22231,fastball,0.05766234101263274
2021,22231,offspeed,0.003372885853865328
2021,22233,breaking,-0.0542744153995408
2021,22233,fastball,-0.04465243968800163
2021,22233,offspeed,-0.008477908406632572
2021,22234,breaking,0.02338114388197822
2021,22234,fastball,-0.017119011902303076
2021,22234,offspeed,-0.06111865885387344
2021,22249,breaking,-0.034719443992703235
2021,22249,fastball,-0.002471916377646952
2021,22249,offspeed,0.009445644138563575
2021,22250,breaking,-0.025518040473175078
2021,22250,fastball,-0.0010300361854395461
2021,22250,offspeed,-0.0105754166073209
2021,22253,breaking,-0.007826305375626695
2021,22253,fastball,0.024393778411204943
2021,22253,offspeed,-0.005160199617917912
2021,22254,breaking,0.0854181255450392
2021,22254,fastball,0.03105267190506626
2021,22254,offspeed,0.040440351877987266
2021,22261,breaking,0.049239576354435474
2021,22261,fastball,-0.013775263042448416
2021,22277,breaking,-0.11075548959310456
2021,22277,fastball,0.003203129308399342
2021,22277,offspeed,-0.082829279403332
2021,22278,breaking,-0.16232393853027977
2021,22278,fastball,-0.10912230339860934
2021,22278,offspeed,-0.01459537629991448
2021,22280,breaking,-0.020443803494232637
2021,22280,fastball,-0.02943909647197944
2021,22280,offspeed,-0.03563958971400981
2021,22293,breaking,0.019775033939870568
2021,22293,fastball,0.0443316508697859
2021,22293,offspeed,-0.07825546109562531
2021,22302,breaking,-0.018741131926042275
2021,22302,fastball,-0.02081646629764268
2021,22302,offspeed,-0.028913126756955784
2021,22309,breaking,0.04125850114950248
2021,22309,fastball,0.13093993676102908
2021,22309,offspeed,0.017759607667729438
2021,22311,breaking,-0.024163096877446343
2021,22311,fastball,-0.00037380880610326297
2021,22311,offspeed,0.0011596363551186833
2021,22312,breaking,-0.01647907265092045
2021,22312,fastball,-0.047983586007124664
2021,22312,offspeed,0.0017830829782401593
2021,22318,breaking,0.06865031775164313
2021,22318,fastball,0.008416495991344917
2021,22318,offspeed,-0.01515035683448561
2021,22321,breaking,0.04447757714104042
2021,22321,fastball,0.07020165635947578
2021,22321,offspeed,0.01676486879132396
2021,22335,breaking,-0.037195179872784534
2021,22335,fastball,0.0015930151897207562
2021,22335,offspeed,0.006089227294176591
2021,22349,breaking,-0.03381965758505826
2021,22349,fastball,-0.012742963919015244
2021,22368,breaking,-0.03826429259244185
2021,22368,fastball,-0.052096658689679574
2021,22368,offspeed,0.0008380773106524515
2021,22380,breaking,-0.050741181050618346
2021,22380,fastball,0.011225281184278606
2021,22380,offspeed,-0.04172796941693976
2021,22389,breaking,0.05263863908924492
2021,22389,fastball,0.05082140291722988
2021,22389,offspeed,0.014058744904983864
2021,22397,breaking,0.002622261253780025
2021,22397,fastball,0.04347284967109
2021,22397,offspeed,-0.026191311457011198
2021,22404,breaking,0.028686891856712284
2021,22404,fastball,0.08168738799876199
2021,22404,offspeed,-0.013341786657555458
2021,22419,breaking,-0.029393961949608586
2021,22419,fastball,0.04434161005606296
2021,22419,offspeed,-0.05152178935488418
2021,22427,breaking,-0.01939342813512773
2021,22427,fastball,0.07384052825715484
2021,22427,offspeed,-0.06685804410660669
2021,22428,breaking,-0.025185501134255835
2021,22428,fastball,0.00942630374614744
2021,22428,offspeed,-0.0008637261566596352
2021,22435,breaking,-0.01870573321111445
2021,22435,fastball,0.12275521710754592
2021,22435,offspeed,0.017641196656220562
2021,22458,breaking,0.03954107539805553
2021,22458,fastball,0.03345983974101247
2021,22458,offspeed,-0.07453785284421513
2021,22469,breaking,-0.12075625830132675
2021,22469,fastball,-0.062051775286565525
2021,22469,offspeed,-0.04435502163813472
2021,22473,breaking,-0.036309558718801586
2021,22473,fastball,-0.007752253443750411
2021,22473,offspeed,-0.08959667460862905
2021,22478,breaking,-0.05474492099562299
2021,22478,fastball,-0.09343411925616217
2021,22487,breaking,-0.10695157155737717
2021,22487,fastball,-0.04399422987748656
2021,22487,offspeed,-0.06468315443753359
2021,22491,breaking,0.023308900593923227
2021,22491,fastball,0.0375806827527583
2021,22491,offspeed,-0.0649204085093301
2021,22505,breaking,-0.04053891477048774
2021,22505,fastball,-0.021180549283211385
2021,22505,offspeed,-0.03898597210438027
2021,22508,breaking,-0.020072033270576085
2021,22508,fastball,0.022462234792542547
2021,22508,offspeed,0.03734035921296588
2021,22525,breaking,-0.021138283651849766
2021,22525,fastball,-0.03703201001324693
2021,22525,offspeed,-0.023527792535682008
2021,22539,breaking,-0.04783077684968186
2021,22539,fastball,-0.06927586290353302
2021,22539,offspeed,-0.02291009062213624
2021,22540,breaking,0.026253573867178415
2021,22540,fastball,0.02980683492188555
2021,22540,offspeed,-0.032170930644047184
2021,22541,breaking,-0.06946377715105034
2021,22541,fastball,-0.014882098636731214
2021,22541,offspeed,0.002924402699470598
2021,22547,breaking,-0.11242452196064776
2021,22547,fastball,-0.04343063396651148
2021,22547,offspeed,-0.017298469428528043
2021,22548,breaking,-0.03432194984875283
2021,22548,fastball,0.04578219404695154
2021,22548,offspeed,0.015328104663472354
2021,22551,breaking,-0.03924713917586334
2021,22551,fastball,-0.047342529313935136
2021,22551,offspeed,-0.006781058364071724
2021,22575,breaking,-0.012496213939104266
2021,22575,fastball,0.022895156284140735
2021,22575,offspeed,-0.05818412954048745
2021,22579,breaking,-0.01573586825156254
2021,22579,fastball,0.018240400969412082
2021,22579,offspeed,-0.017946641712042386
2021,22583,breaking,-0.04490785440654777
2021,22583,fastball,-0.0003698735555140943
2021,22583,offspeed,-0.09279653721167948
2021,22592,breaking,-0.06520622908205953
2021,22592,fastball,-0.0013960785033987075
2021,22592,offspeed,-0.06365144144659404
2021,22595,breaking,-0.002612840969656151
2021,22595,fastball,-0.07442605282395603
2021,22595,offspeed,-0.020323057118289953
2021,22596,breaking,0.08225644702702997
2021,22596,fastball,0.1186595788273015
2021,22596,offspeed,0.04975001615219853
2021,22597,breaking,-0.04282624187859856
2021,22597,fastball,-0.09744067844681142
2021,22597,offspeed,-0.06966047903201811
2021,22598,breaking,-0.003806952572312049
2021,22598,fastball,-0.007975062546056113
2021,22598,offspeed,-0.046166253591376334
2021,22617,breaking,-0.01825313483195997
2021,22617,fastball,0.008841403335738164
2021,22617,offspeed,-0.01699275841472415
2021,22621,breaking,-0.038513569749964165
2021,22621,fastball,0.03952193705615998
2021,22621,offspeed,0.0430407212409116
2021,22622,breaking,-0.037174535846098526
2021,22622,fastball,-0.015300291917970681
2021,22622,offspeed,0.023315192635036328
2021,22624,breaking,-0.04479000891352243
2021,22624,fastball,-0.010163153493160994
2021,22624,offspeed,-0.04433167707310464
2021,22640,breaking,-0.028103646533233557
2021,22640,fastball,-0.12001651925108305
2021,22640,offspeed,-0.042015235445086514
2021,22666,breaking,0.006375546301017941
2021,22666,fastball,-0.04755782313426083
2021,22666,offspeed,0.0040613900292147355
2021,22667,breaking,0.005011448306806448
2021,22667,fastball,0.02480560683432829
2021,22667,offspeed,-0.0024341373505862448
2021,22668,breaking,0.007672034260467275
2021,22668,fastball,0.006166065556039921
2021,22668,offspeed,-0.0188828572969199
2021,22675,breaking,0.03759788648018979
2021,22675,fastball,0.004082671003557988
2021,22675,offspeed,-0.00970750348199546
2021,22703,breaking,-0.10452214281071177
2021,22703,fastball,0.030360764242760806
2021,22703,offspeed,-0.009430118270834485
2021,22708,breaking,-0.04078416596407263
2021,22708,fastball,0.02820825197418026
2021,22708,offspeed,-0.04931789159277296
2021,22710,breaking,-0.003965781227745338
2021,22710,fastball,-0.030015543431816356
2021,22710,offspeed,-0.020919924210053824
2021,22717,breaking,-0.17744060699266342
2021,22717,fastball,-0.049135399668465425
2021,22717,offspeed,0.004379908976662872
2021,22722,breaking,-0.006178964043795852
2021,22722,fastball,0.015779703546111877
2021,22729,breaking,-0.05817026067744483
2021,22729,fastball,0.029528446332444613
2021,22729,offspeed,-0.03625077617758029
2021,22730,breaking,0.03943002335516868
2021,22730,fastball,0.027230630577847303
2021,22730,offspeed,0.016172586738350817
2021,22731,breaking,0.0005820300706541849
2021,22731,fastball,-0.003418137537750034
2021,22731,offspeed,0.008447876324455653
2021,22734,breaking,-0.06033128423108021
2021,22734,fastball,-0.022497974063317456
2021,22734,offspeed,0.016314651966213217
2021,22735,breaking,-0.049758169329501285
2021,22735,fastball,0.014082801434782072
2021,22735,offspeed,-0.04286261053422996
2021,22738,breaking,-0.008101014358396873
2021,22738,fastball,0.022291604930277452
2021,22738,offspeed,-0.03236147550451512
2021,22741,breaking,0.013603917799654511
2021,22741,fastball,0.07654063824393616
2021,22741,offspeed,0.01838697823882504
2021,22742,fastball,0.008051416408442386
2021,22743,breaking,0.012866512293895158
2021,22743,fastball,0.0034689639655685416
2021,22743,offspeed,-0.003511802201531423
2021,22759,breaking,-0.020646381269159474
2021,22759,fastball,0.008882683336638159
2021,22759,offspeed,-0.06024975512048488
2021,22761,breaking,-0.0018213202912967911
2021,22761,fastball,0.07876513417493454
2021,22761,offspeed,0.006257808063455544
2021,22772,breaking,0.011987145161497145
2021,22772,fastball,0.024538134126489152
2021,22772,offspeed,-0.015544821550828715
2021,22776,breaking,-0.017369345998512857
2021,22776,fastball,0.03758204815714353
2021,22776,offspeed,-0.037021609008015446
2021,22782,breaking,-0.03267843737044048
2021,22782,fastball,-0.000787715696913581
2021,22782,offspeed,-0.019045230114487215
2021,22784,breaking,-0.06183297263572426
2021,22784,fastball,-0.01659346275811661
2021,22785,breaking,0.022534499483026254
2021,22785,fastball,0.022700762051827472
2021,22785,offspeed,-0.010738834749391859
2021,22786,breaking,0.018111699419611035
2021,22786,fastball,0.015350900522334865
2021,22786,offspeed,-0.011642832939118417
2021,22795,breaking,-0.006253713625800573
2021,22795,fastball,-0.02617023288288945
2021,22795,offspeed,-0.05798310302357403
2021,22810,breaking,-0.003551420901425247
2021,22810,fastball,0.037925501084802554
2021,22810,offspeed,-0.0009560747774779011
2021,22815,breaking,-0.012004526959661563
2021,22815,fastball,0.016845851769651785
2021,22820,breaking,-0.12215483180893873
2021,22820,fastball,-0.06996287478209112
2021,22820,offspeed,-0.05587074181546898
2021,22834,breaking,-0.049764872509374905
2021,22834,fastball,-0.04743926441344834
2021,22834,offspeed,-0.04069487590633144
2021,22836,breaking,-0.04554633555302781
2021,22836,fastball,-0.05448416654797514
2021,22836,offspeed,0.024534621244491628
2021,22840,breaking,-0.04144374411832901
2021,22840,fastball,-0.032842453026027424
2021,22840,offspeed,-0.0008486255497293932
2021,22851,breaking,-0.01958989475912591
2021,22851,fastball,-0.006969642368806236
2021,22851,offspeed,0.017860080515760674
2021,22867,breaking,-0.048872462750043165
2021,22867,fastball,-0.021550252944664436
2021,22869,breaking,-0.017714554760646622
2021,22869,fastball,-0.03984657155256766
2021,22869,offspeed,-0.010277041154605331
2021,22870,fastball,0.022946815131903695
2021,22870,offspeed,0.01346271743774886
2021,22881,breaking,-0.0020736258390265127
2021,22881,fastball,0.043177551061191574
2021,22881,offspeed,-0.008477908406632572
2021,22890,breaking,-0.08188328033197305
2021,22890,fastball,0.0052730094643332875
2021,22890,offspeed,-0.02163413492792322
2021,22899,breaking,0.048298701091129964
2021,22899,fastball,0.02513680998972651
2021,22905,breaking,0.030667289479138517
2021,22905,fastball,0.030141952556668596
2021,22905,offspeed,-0.06552919324865557
2021,22908,breaking,-0.024900294686255986
2021,22908,fastball,0.04079079957149095
2021,22908,offspeed,0.018869995315461883
2021,22911,breaking,-0.013657402582904455
2021,22911,fastball,0.06477220561031156
2021,22911,offspeed,-0.10601352133163627
2021,22915,breaking,0.012818300907483024
2021,22915,fastball,-0.03421231247898634
2021,22915,offspeed,-0.03432194984875283
2021,22922,breaking,-0.08021680686268792
2021,22922,fastball,-0.05582641470934826
2021,22923,breaking,-0.018915742582480875
2021,22923,fastball,-0.07500652084442903
2021,22925,breaking,-0.067451079982916
2021,22925,fastball,0.0014354625643789353
2021,22925,offspeed,-0.046440025236124734
2021,22926,breaking,-0.042620931903772696
2021,22926,fastball,-0.05149598434923336
2021,22926,offspeed,-0.003958740238141524
2021,22932,breaking,0.022700762051827472
2021,22932,fastball,-0.005755102377521906
2021,22932,offspeed,-0.018110787265206957
2021,22933,breaking,0.013951530571471957
2021,22933,fastball,0.00625474039777863
2021,22933,offspeed,0.06578155674593113
2021,22960,breaking,0.009383106092976478
2021,22960,fastball,0.004366317330650124
2021,22960,offspeed,0.01346271743774886
2021,22964,breaking,-0.049740064307911995
2021,22964,fastball,0.021382397122654894
2021,22964,offspeed,-0.008842046539195712
2021,22978,breaking,-0.08101510998603202
2021,22978,fastball,-0.039290593688636924
2021,22978,offspeed,-0.07087655898646221
2021,22996,breaking,0.0160347363637922
2021,22996,fastball,0.08507795392961022
2021,22996,offspeed,-0.01041007045560407
2021,23005,breaking,-0.05632573637360688
2021,23005,fastball,-0.04174826559179279
2021,23005,offspeed,-0.002841194156150368
2021,23023,breaking,-0.06878319941798557
2021,23023,fastball,-0.000630885278057856
2021,23024,breaking,0.01379939003398936
2021,23024,fastball,-0.011289740679144348
2021,23030,breaking,-0.04467444354795698
2021,23030,fastball,-0.030056468589475673
2021,23030,offspeed,-0.07988527161856676
2021,23035,breaking,-0.10216565378544645
2021,23035,fastball,-0.03704053697459174
2021,23035,offspeed,-0.040487770458092265
2021,23041,breaking,0.015350900522334865
2021,23041,fastball,0.011192774913373628
2021,23041,offspeed,0.018111699419611035
2021,23043,breaking,-0.017298469428528043
2021,23043,fastball,0.048613756444624415
2021,23043,offspeed,-0.02513657775818836
2021,23047,breaking,-0.05903425073078162
2021,23047,fastball,-0.018270958617106346
2021,23047,offspeed,-0.007294759405261878
2021,23053,breaking,0.009347973893992792
2021,23053,fastball,0.015350900522334865
2021,23054,breaking,0.007618391379596716
2021,23054,fastball,0.021075083342543124
2021,23054,offspeed,0.0030394411992648576
2021,23082,breaking,0.038865733849646596
2021,23082,fastball,0.03154079185256518
2021,23082,offspeed,0.015160892066655047
2021,23090,breaking,-0.020377524005610874
2021,23090,fastball,0.04096075615864446
2021,23090,offspeed,-0.019671950957799833
2021,23091,breaking,-0.028763300580388965
2021,23091,fastball,-0.04892435710325946
2021,23092,breaking,-0.06164431521052074
2021,23092,fastball,-0.03164028595525576
2021,23092,offspeed,-0.003418137537750034
2021,23094,breaking,-0.04515357262017493
2021,23094,fastball,0.07427130179220429
2021,23094,offspeed,-0.04023501806389674
2021,23101,breaking,-0.03413683687302188
2021,23101,fastball,-0.017671057010133568
2021,23101,offspeed,0.002811346181236507
2021,23105,breaking,-0.002706861450112864
2021,23105,fastball,-0.01826708730903603
2021,23105,offspeed,-0.01813824928985234
2021,23110,breaking,-0.03236708835211129
2021,23110,fastball,-0.004320705172084799
2021,23110,offspeed,-0.04063261869121568
2021,23112,breaking,0.024242560138479682
2021,23112,fastball,0.06051754941394571
2021,23112,offspeed,-0.015638278157264176
2021,23115,breaking,-0.010277041154605331
2021,23115,fastball,-0.01869694984875283
2021,23117,breaking,0.0024866994196110354
2021,23117,fastball,0.03824526438988225
2021,23117,offspeed,-0.019110255389656675
2021,23122,breaking,-0.08771981397926168
2021,23122,fastball,0.028978977738108837
2021,23122,offspeed,-0.005545011931190136
2021,23137,breaking,0.012405696263948194
2021,23137,fastball,-0.014685618383439559
2021,23137,offspeed,-0.011354745915867973
2021,23139,breaking,-0.027716498760999325
2021,23139,fastball,-0.007531475060050467
2021,23139,offspeed,0.0025854316099353293
2021,23150,breaking,0.00213390461652987
2021,23150,fastball,0.050385819281797604
2021,23151,breaking,-0.03948922766281341
2021,23151,fastball,-0.001556314696170233
2021,23151,offspeed,-0.010835780242772439
2021,23154,breaking,-0.010260127999927475
2021,23154,fastball,0.027556850939172175
2021,23154,offspeed,-0.03780599664179534
2021,23157,breaking,-0.011642832939118417
2021,23157,fastball,-0.02390702088721415
2021,23157,offspeed,-0.0008637261566596352
2021,23158,fastball,0.030812099969740027
2021,23175,breaking,-0.01119057210452022
2021,23175,fastball,-0.0456061777295984
2021,23175,offspeed,-0.008635664112400798
2021,23182,breaking,0.007240882394832305
2021,23182,fastball,-0.008896701082480526
2021,23182,offspeed,-0.009236926223670908
2021,23190,breaking,0.005481010843252674
2021,23190,fastball,0.006954646970560849
2021,23190,offspeed,-0.025260236091183674
2021,23204,breaking,-0.0200726591300743
2021,23204,fastball,-0.015978430699392105
2021,23204,offspeed,-0.030255371791159346
2021,23206,breaking,-0.03202775500132055
2021,23206,fastball,0.014266863300439208
2021,23206,offspeed,-0.01743746282576092
2021,23225,breaking,-0.13836049499461592
2021,23225,fastball,-0.058317629997003385
2021,23231,breaking,-0.07958527458702687
2021,23231,fastball,0.02367335138157772
2021,23231,offspeed,-0.060618305175025644
2021,23232,breaking,0.0019538790611473835
2021,23232,fastball,0.010951155448501311
2021,23232,offspeed,0.0005646155009724851
2021,23235,breaking,0.01343697047163899
2021,23235,fastball,0.09363211199952994
2021,23235,offspeed,0.008439280051292117
2021,23236,breaking,0.016509405018209113
2021,23236,fastball,-0.00021017436091691933
2021,23236,offspeed,0.013862933428339105
2021,23238,breaking,-0.0211173955142021
2021,23238,fastball,0.006384022396950414
2021,23238,offspeed,-0.039591117152198006
2021,23240,breaking,0.00491496033441625
2021,23240,fastball,0.025380598646715782
2021,23240,offspeed,-0.003965781227745338
2021,23257,breaking,-0.02527507914677374
2021,23257,fastball,0.0003217282693567286
2021,23257,offspeed,-0.002562514863495571
2021,23258,breaking,-0.0456061777295984
2021,23258,fastball,-0.008074774939820412
2021,23258,offspeed,0.0312811103146857
2021,23260,breaking,-0.006956123191477743
2021,23260,fastball,-0.04707771513438141
2021,23260,offspeed,-0.056361361811837665
2021,23262,breaking,-0.018175887085287917
2021,23262,fastball,0.005471526052639845
2021,23262,offspeed,-0.0020468548272234003
2021,23267,breaking,0.04489660701199355
2021,23267,fastball,0.027009309333702478
2021,23267,offspeed,-0.008477908406632572
2021,23284,breaking,0.01610499794178187
2021,23284,fastball,0.010398695632271084
2021,23284,offspeed,-0.0035483652430517176
2021,23288,breaking,0.03945233257729272
2021,23288,fastball,0.03326438906797211
2021,23288,offspeed,-0.044159164229572154
2021,23289,breaking,-0.07406136853224264
2021,23289,fastball,0.038410690721032495
2021,23289,offspeed,-0.04485150752151445
2021,23293,breaking,-0.02078292549021067
2021,23293,fastball,0.0206187968109914
2021,23293,offspeed,0.03176137982436224
2021,23294,breaking,0.004214638295667111
2021,23294,fastball,0.019188911179612675
2021,23294,offspeed,0.01725285995432363
2021,23302,breaking,-0.1413298034823338
2021,23302,fastball,-0.05348857761477621
2021,23302,offspeed,-0.012742963919015244
2021,23306,breaking,0.035410722877341906
2021,23306,fastball,0.04045835453748777
2021,23306,offspeed,0.006155042803817697
2021,23307,breaking,-0.06372687182553927
2021,23307,fastball,-0.018654444187674365
2021,23307,offspeed,-0.0294985083301473
2021,23312,breaking,-0.05521509682095745
2021,23312,fastball,0.05156170331979767
2021,23312,offspeed,-0.0057775885733404525
2021,23314,breaking,-0.083612599387153
2021,23314,fastball,-0.051334144033905973
2021,23314,offspeed,-0.019110255389656675
2021,23331,breaking,-0.007464999958108872
2021,23331,fastball,-0.07580906914293618
2021,23331,offspeed,-0.003965781227745338
2021,23332,breaking,-0.03270700449157742
2021,23332,fastball,-0.03644609835339458
2021,23332,offspeed,-0.02291009062213624
2021,23334,breaking,0.00012419548496559957
2021,23334,fastball,0.01385676628195311
2021,23334,offspeed,-0.014600186935201525
2021,23336,breaking,0.02080026630973335
2021,23336,fastball,0.010726193486918941
2021,23336,offspeed,0.000547648793255779
2021,23342,breaking,0.03937539559250321
2021,23342,fastball,-0.0018415815555527669
2021,23342,offspeed,-0.03857277640522873
2021,23360,fastball,-0.026256477432528756
2021,23361,breaking,-0.03322733104375168
2021,23361,fastball,-0.006728160702057974
2021,23361,offspeed,-0.011370482669729022
2021,23362,breaking,-0.03510928821111491
2021,23362,fastball,0.008006731098885733
2021,23362,offspeed,-0.0013176220490506276
2021,23363,breaking,-0.02991291131247826
2021,23363,fastball,0.014865772041456834
2021,23363,offspeed,-0.009002478648853202
2021,23369,breaking,-0.008477908406632572
2021,23369,fastball,0.0024866994196110354
2021,23383,breaking,-0.04972992650274167
2021,23383,fastball,0.009739241867435376
2021,23383,offspeed,-0.011249309065729705
2021,23384,breaking,-0.035497327448830086
2021,23384,fastball,-0.09358880146296818
2021,23384,offspeed,0.01454350975548241
2021,23385,breaking,-0.016597282583349877
2021,23385,fastball,-0.08405815066672176
2021,23385,offspeed,-0.013935559921060242
2021,23411,breaking,-0.07667239350862745
2021,23411,fastball,0.04747324644173033
2021,23411,offspeed,0.004178865313926425
2021,23414,breaking,0.00668851533246627
2021,23414,fastball,0.0013035626229144217
2021,23414,offspeed,-0.05569986228552633
2021,23415,breaking,0.04670665624380479
2021,23415,fastball,0.13506071139300888
2021,23415,offspeed,-0.07273373621016202
2021,23421,breaking,-0.0050101190878774045
2021,23421,fastball,-0.03682627363133424
2021,23421,offspeed,0.00042552738800650684
2021,23422,breaking,-0.18251190793130528
2021,23422,fastball,-0.010429279506044328
2021,23422,offspeed,-0.061025661733324625
2021,23423,breaking,-0.023374149488228687
2021,23423,fastball,-0.040251688011097596
2021,23423,offspeed,0.011367768775364733
2021,23426,breaking,-0.018801140641379183
2021,23426,fastball,-0.021518887342092362
2021,23426,offspeed,-0.004462511127012969
2021,23429,breaking,-0.0773694587664652
2021,23429,fastball,-0.002444948001173694
2021,23429,offspeed,-0.003958740238141524
2021,23437,breaking,-0.1354234143455683
2021,23437,fastball,-0.024601082906166274
2021,23437,offspeed,-0.025290280093498763
2021,23439,breaking,0.059532420856493594
2021,23439,fastball,0.05693721229001417
2021,23439,offspeed,0.0013115644953769282
2021,23440,breaking,-0.020617673844825154
2021,23440,fastball,0.03223581620802893
2021,23440,offspeed,-0.0045578465279876666
2021,23446,breaking,-0.004781644060257565
2021,23446,fastball,0.01971026047094046
2021,23446,offspeed,-0.006781058364071724
2021,23455,breaking,0.01829188499705221
2021,23455,fastball,-0.010620339300571359
2021,23455,offspeed,-0.04972992650274167
2021,23458,breaking,-0.008635664112400798
2021,23458,fastball,0.05918695472841021
2021,23458,offspeed,-0.017212828407717016
2021,23462,breaking,-0.015373936101030232
2021,23462,fastball,0.01716587791965077
2021,23462,offspeed,-0.04276387482753563
2021,23475,breaking,-0.017714554760646622
2021,23475,fastball,-0.010347620543167424
2021,23476,fastball,-0.009298875217846402
2021,23478,breaking,-0.09948454780333188
2021,23478,fastball,-0.0094446821115141
2021,23478,offspeed,-0.09392335548266265
2021,23496,breaking,-0.0465774084838614
2021,23496,fastball,0.042364679859509126
2021,23496,offspeed,0.017859426263768102
2021,23497,breaking,0.0026430858852329892
2021,23497,fastball,0.03809297537023837
2021,23497,offspeed,-0.005679931646029143
2021,23498,breaking,-0.12795647025571627
2021,23498,fastball,-0.014524959616569206
2021,23498,offspeed,0.03214878775743454
2021,23499,breaking,0.02041547139513771
2021,23499,fastball,0.012303816133634795
2021,23499,offspeed,0.023844114995541496
2021,23501,breaking,-0.09112100796812433
2021,23501,fastball,-0.039072712580857136
2021,23501,offspeed,-0.009298875217846402
2021,23512,breaking,0.007108078502288867
2021,23512,fastball,0.0505674675367088
2021,23512,offspeed,-0.048452076390952704
2021,23513,breaking,-0.0013956234903412038
2021,23513,fastball,-0.004601503999744255
2021,23513,offspeed,0.022534499483026254
2021,23515,breaking,-0.08379084143861736
2021,23515,fastball,-0.03873991269409291
2021,23515,offspeed,0.006306313979477101
2021,23516,breaking,0.025017951196548073
2021,23516,fastball,0.04938700355409446
2021,23516,offspeed,0.006404514222300693
2021,23518,breaking,0.014179062578062174
2021,23518,fastball,0.10479197717837961
2021,23518,offspeed,0.025023062280317258
2021,23519,breaking,-0.039917113738516856
2021,23519,fastball,0.0007705495944982692
2021,23519,offspeed,0.006906706977982813
2021,23532,breaking,-0.0261500570276212
2021,23532,fastball,-0.03981391513399582
2021,23532,offspeed,-0.002367527539771058
2021,23534,breaking,-0.010947423679233343
2021,23534,fastball,0.04029046571556322
2021,23534,offspeed,0.022999792742424627
2021,23536,breaking,-0.03163230760631127
2021,23536,fastball,0.05281040921042687
2021,23536,offspeed,-0.01761916584800412
2021,23542,breaking,-0.007464999958108872
2021,23542,fastball,-0.04450829705500476
2021,23542,offspeed,-0.019590781227745338
2021,23554,breaking,-0.12042608796898195
2021,23554,fastball,-0.04232469039609577
2021,23554,offspeed,-0.005140748776474168
2021,23556,breaking,-0.03886095358434894
2021,23556,fastball,-0.01873627776145836
2021,23556,offspeed,-0.02739224744646329
2021,23557,breaking,-0.10323553619578078
2021,23557,fastball,0.04095707767110524
2021,23557,offspeed,0.0356997229793021
2021,23558,breaking,-0.03241553214300689
2021,23558,fastball,0.05769200899490713
2021,23558,offspeed,0.0024866994196110354
2021,23561,breaking,0.05998654320458224
2021,23561,fastball,0.052933996149546275
2021,23561,offspeed,-0.060055169889978055
2021,23564,breaking,-0.003958740238141524
2021,23564,fastball,-0.004781644060257565
2021,23565,breaking,0.06393469348613079
2021,23565,fastball,0.047925496354847906
2021,23565,offspeed,0.006011131428886958
2021,23567,breaking,-0.0010300361854395461
2021,23567,fastball,0.018273750178037295
2021,23567,offspeed,0.020787976207432123
2021,23568,breaking,-0.06692134469195396
2021,23568,fastball,0.0032192847391893085
2021,23568,offspeed,-0.01624376909579328
2021,23574,breaking,-0.0671726891490863
2021,23574,fastball,0.033690993627332674
2021,23574,offspeed,-0.008418895525386256
2021,23589,breaking,0.040628747110593035
2021,23589,fastball,0.021846840762575245
2021,23589,offspeed,0.009347973893992792
2021,23590,breaking,-0.10827695157581496
2021,23590,fastball,-0.030794911929993514
2021,23590,offspeed,-0.014852033403004382
2021,23591,breaking,0.009347973893992792
2021,23591,fastball,0.030812099969740027
2021,23591,offspeed,0.004750609683832402
2021,23593,breaking,-0.030591591984809346
2021,23593,fastball,0.02632709943710305
2021,23593,offspeed,-0.002752344975506967
2021,23596,breaking,-0.022529339298669432
2021,23596,fastball,0.027404809899605236
2021,23597,breaking,-0.005423738956596501
2021,23597,fastball,-0.02503018428825056
2021,23597,offspeed,-0.026404923587944766
2021,23599,breaking,0.035675873657780355
2021,23599,fastball,-0.018697076404752207
2021,23599,offspeed,0.007757778510550021
2021,23600,breaking,0.014644897828710262
2021,23600,fastball,0.04699462929337922
2021,23600,offspeed,-0.017298469428528043
2021,23614,breaking,0.0038443984470240143
2021,23614,fastball,0.03604209110808479
2021,23614,offspeed,0.021277977489216577
2021,23615,breaking,0.009347973893992792
2021,23615,fastball,0.0046241048094219795
2021,23615,offspeed,0.004750609683832402
2021,23617,breaking,0.026055832209311867
2021,23617,fastball,-0.0009645179638924738
2021,23617,offspeed,-0.011560785187480827
2021,23618,breaking,0.01346271743774886
2021,23618,fastball,-0.018969521842141634
2021,23618,offspeed,0.01379939003398936
2021,23627,breaking,-0.06870925978704003
2021,23627,fastball,0.07090173066217788
2021,23627,offspeed,0.02336547337000249
2021,23628,breaking,0.0005834881054266907
2021,23628,fastball,0.04102467041636439
2021,23628,offspeed,-0.05709244366268274
2021,23630,breaking,0.05691481980477014
2021,23630,fastball,0.07015262073297705
2021,23630,offspeed,-0.04506010204716789
2021,23631,breaking,0.07495839450594574
2021,23631,fastball,0.009982995297684441
2021,23631,offspeed,-0.06771453177541914
2021,23632,breaking,0.0877335357899735
2021,23632,fastball,-0.02067074203940406
2021,23632,offspeed,-0.06343664839217981
2021,23633,breaking,-0.12741180329034701
2021,23633,fastball,0.06152636929420925
2021,23633,offspeed,-0.07917293036926767
2021,23634,breaking,-0.005919092640880924
2021,23634,fastball,0.0402962147538488
2021,23634,offspeed,0.020332942071464133
2021,23636,breaking,-0.005039893028698939
2021,23636,fastball,0.011039377748851584
2021,23636,offspeed,0.01972938203223286
2021,23637,breaking,-0.006305742389521449
2021,23637,fastball,-0.07896371219386786
2021,23637,offspeed,0.009500736380649612
2021,23638,breaking,-0.04529146861478534
2021,23638,fastball,0.005143150484418775
2021,23638,offspeed,-1.5667064731780243e-05
2021,23640,breaking,-0.13137982546839036
2021,23640,fastball,-0.03589429826656545
2021,23640,offspeed,0.03965999229251822
2021,23642,breaking,-0.060060802653206694
2021,23642,fastball,-0.04077945723500159
2021,23642,offspeed,-0.01351432012331072
2021,23643,breaking,0.0020261510386720503
2021,23643,fastball,-0.04236127227143791
2021,23643,offspeed,-0.01999660209058789
2021,23644,breaking,-0.0561007980656786
2021,23644,fastball,-0.09505527228041888
2021,23644,offspeed,-0.04368595596543462
2021,23648,breaking,0.012717377800928907
2021,23648,fastball,-0.06623445677055426
2021,23648,offspeed,-0.0038250729794926702
2021,23650,breaking,-0.0227546892957394
2021,23650,fastball,0.003702119505797718
2021,23650,offspeed,-0.04038581631347776
2021,23651,breaking,-0.1023961131569773
2021,23651,fastball,0.030785142238458126
2021,23651,offspeed,-0.046253959807124524
2021,23653,breaking,-0.03421231247898634
2021,23653,fastball,-0.06117389638002421
2021,23653,offspeed,-0.009002478648853202
2021,23654,breaking,-0.10137929547901772
2021,23654,fastball,0.03056085629700716
2021,23654,offspeed,-0.0345858511572929
2021,23655,breaking,-0.03598762473070288
2021,23655,fastball,0.1138532200208134
2021,23655,offspeed,0.029528127971547972
2021,23665,breaking,-0.08360984331874946
2021,23665,fastball,0.010094615609655102
2021,23665,offspeed,0.03124166532269414
2021,23672,breaking,-0.023192211957262013
2021,23672,fastball,0.018183386958192407
2021,23672,offspeed,-0.01623741828648084
2021,23673,breaking,-0.13027538075513773
2021,23673,fastball,0.08191086146649611
2021,23673,offspeed,-0.013800684331454439
2021,23676,breaking,-0.03477132099212532
2021,23676,fastball,-0.004358056608581423
2021,23676,offspeed,-0.01869694984875283
2021,23680,breaking,0.002811346181236507
2021,23680,fastball,0.026759228487377367
2021,23680,offspeed,-0.018175887085287917
2021,23684,breaking,0.0009371096893366704
2021,23684,fastball,-0.09666395993445231
2021,23684,offspeed,-0.025929219377822277
2021,23689,breaking,-0.02559449416749446
2021,23689,fastball,-0.03478500238151926
2021,23689,offspeed,-0.056865086709988584
2021,23690,breaking,-0.0247309187395557
2021,23690,fastball,-0.017930764608052787
2021,23690,offspeed,0.004577051167110786
2021,23693,breaking,-0.008635664112400798
2021,23693,fastball,0.005806122285887827
2021,23694,breaking,-0.008008003018115177
2021,23694,fastball,0.08739595896698972
2021,23694,offspeed,-0.0580594917817405
2021,23695,breaking,-0.03397827900730087
2021,23695,fastball,0.03892511753642295
2021,23695,offspeed,-0.01993898213691668
2021,23696,breaking,-0.037994485065729985
2021,23696,fastball,0.1080490938524261
2021,23696,offspeed,0.0849691840414381
2021,23697,breaking,-0.15593717726510592
2021,23697,fastball,-0.06355157871344845
2021,23697,offspeed,-0.10516939506634036
2021,23703,breaking,0.01779420888292384
2021,23703,fastball,0.024148477575140877
2021,23703,offspeed,0.021963030462018654
2021,23713,breaking,-0.062370011150855414
2021,23713,fastball,-0.017055181897747823
2021,23713,offspeed,-0.04972992650274167
2021,23714,breaking,0.027797576621525297
2021,23714,fastball,0.014643291386404873
2021,23714,offspeed,0.020061510679721218
2021,23717,breaking,-0.0570980142317502
2021,23717,fastball,-0.008552221117249308
2021,23717,offspeed,-0.07478779939501132
2021,23719,breaking,0.053324760883683986
2021,23719,fastball,0.13207656047403657
2021,23719,offspeed,-0.005306118229244569
2021,23727,breaking,-0.007327429056764893
2021,23727,fastball,-0.05953895519853183
2021,23727,offspeed,-0.023862523791247956
2021,23729,breaking,0.009383106092976478
2021,23729,fastball,-0.012573269203378878
2021,23729,offspeed,-0.009236926223670908
2021,23731,breaking,-0.03687676466399122
2021,23731,fastball,0.0073095000712149185
2021,23737,breaking,-0.05660627163265276
2021,23737,fastball,-0.011795098310008967
2021,23737,offspeed,-0.06356124721678762
2021,23738,breaking,0.009248184994917393
2021,23738,fastball,0.005471526052639845
2021,23738,offspeed,-0.010958055538599623
2021,23740,breaking,-0.03521578122774534
2021,23740,fastball,0.025372784540653087
2021,23740,offspeed,-0.0020468548272234003
2021,23743,breaking,0.030684067201380925
2021,23743,fastball,-0.014092052201604147
2021,23743,offspeed,0.011659218772254662
2021,23745,breaking,-0.07259551149300587
2021,23745,fastball,0.033339430819260885
2021,23745,offspeed,0.0255822063194432
2021,23747,breaking,0.024627970803860505
2021,23747,fastball,-0.04479137770240935
2021,23747,offspeed,-0.020486551420239276
2021,23748,breaking,-0.055366681993355045
2021,23748,fastball,-0.03771883643410312
2021,23748,offspeed,-0.019938931656336895
2021,23749,breaking,-0.011297558716109818
2021,23749,fastball,-0.05702799757157891
2021,23749,offspeed,0.02984700140440672
2021,23751,breaking,-0.08980323773494052
2021,23751,fastball,-0.007017419722639792
2021,23754,breaking,0.0026430858852329892
2021,23754,fastball,0.0007705495944982692
2021,23758,breaking,-0.04616342055983348
2021,23758,fastball,0.02282469290870627
2021,23758,offspeed,0.03312495875698399
2021,23759,breaking,-0.03695311168243651
2021,23759,fastball,0.02037907568321922
2021,23759,offspeed,0.0530410355788182
2021,23761,breaking,-0.08479400108984157
2021,23761,fastball,-0.07829945052780567
2021,23761,offspeed,0.007231513838241937
2021,23762,breaking,-0.050510420647534075
2021,23762,fastball,-0.02080745035050437
2021,23762,offspeed,-0.005768409058538673
2021,23763,fastball,0.005221071479439228
2021,23766,breaking,-0.049363398185033956
2021,23766,fastball,0.03992060636191752
2021,23766,offspeed,0.006780501512471707
2021,23767,breaking,-0.014810477068967176
2021,23767,fastball,0.08311564610582708
2021,23767,offspeed,-0.047489607740381
2021,23769,breaking,-0.0799271365162704
2021,23769,fastball,-0.013088648323088207
2021,23769,offspeed,-0.09471875049946853
2021,23771,breaking,0.0033622421121393014
2021,23771,fastball,0.006974004664882899
2021,23772,breaking,-0.08240942319289755
2021,23772,fastball,-0.0007532347150121394
2021,23772,offspeed,-0.03800259344875038
2021,23779,breaking,0.017842639053002218
2021,23779,fastball,-0.061102926049760115
2021,23781,breaking,0.04509372453158892
2021,23781,fastball,0.11679720119215659
2021,23781,offspeed,-0.02798797743087652
2021,23782,breaking,-0.025313468457598017
2021,23782,fastball,0.07603490052654766
2021,23782,offspeed,-0.016289774912562435
2021,23784,breaking,-0.040146258111714524
2021,23784,fastball,-0.004757365067970245
2021,23784,offspeed,-0.05073757501540724
2021,23786,breaking,-0.002212777957758429
2021,23786,fastball,-0.021473804080738033
2021,23786,offspeed,-0.08410743460956893
2021,23787,breaking,0.027170073193303383
2021,23787,fastball,-0.026758212958986272
2021,23787,offspeed,0.016348140945519313
2021,23790,breaking,-0.0005260192718231284
2021,23790,fastball,-0.0394943260795274
2021,23790,offspeed,0.010638044197427001
2021,23843,breaking,-0.0366888114321385
2021,23843,fastball,0.02616612174170081
2021,23843,offspeed,-0.022080755152229768
2021,23848,breaking,0.01895539706837901
2021,23848,fastball,0.06819777195549744
2021,23848,offspeed,-0.004305419034147644
2021,23849,breaking,0.025814390235719614
2021,23849,fastball,0.05102384736866308
2021,23849,offspeed,0.05891348890486151
2021,23850,breaking,-0.018351474031630337
2021,23850,fastball,-0.03580045377173231
2021,23850,offspeed,-0.009211532263005494
2021,23852,breaking,-0.10760550773976485
2021,23852,fastball,-0.04544037433327562
2021,23852,offspeed,-0.011617556727860726
2021,23853,breaking,-0.11675039296649899
2021,23853,fastball,-0.05901776263702094
2021,23853,offspeed,-0.012683136721475696
2021,23856,breaking,-0.005768409058538673
2021,23856,fastball,0.007366402534556598
2021,23857,breaking,-0.002450775751563058
2021,23857,fastball,0.028697500144545134
2021,23858,breaking,0.000833320932724211
2021,23858,fastball,-0.041938809422073925
2021,23860,breaking,-0.046211610509642904
2021,23860,fastball,0.05639766780977895
2021,23860,offspeed,0.041503598266325464
2021,23863,breaking,-0.027891747185478905
2021,23863,fastball,-0.021433055331360442
2021,23863,offspeed,0.014082177430841116
2021,23868,breaking,0.01959061826872924
2021,23868,fastball,-0.03868843550462307
2021,23868,offspeed,-0.008635664112400798
2021,23869,breaking,-0.010738834749391859
2021,23869,fastball,0.033301320336338626
2021,23869,offspeed,0.007520945082852907
2021,23870,breaking,-0.04538185818957827
2021,23870,fastball,-0.0801321073134661
2021,23870,offspeed,-0.01512781978921794
2021,23871,breaking,-0.0328535336361295
2021,23871,fastball,0.05306357881368074
2021,23871,offspeed,0.007733150079575858
2021,23880,breaking,-0.019361356557195893
2021,23880,fastball,0.07654028239388835
2021,23880,offspeed,0.03357581963170937
2021,23886,breaking,-0.008635664112400798
2021,23886,fastball,-0.034377903221327145
2021,23886,offspeed,-0.009236926223670908
2021,23887,breaking,0.027284218772254662
2021,23887,fastball,-0.013358420977668506
2021,23893,breaking,-0.04841431196336125
2021,23893,fastball,-0.009689804455128865
2021,23893,offspeed,-0.053369614729927344
2021,23895,breaking,-0.023350357091989345
2021,23895,fastball,0.03487054364855741
2021,23895,offspeed,-0.010958055538599623
2021,23897,breaking,0.014541115160918036
2021,23897,fastball,0.048130644416028136
2021,23897,offspeed,0.01944768740743397
2021,23898,breaking,-0.047975990978753644
2021,23898,fastball,0.09441951900546856
2021,23898,offspeed,0.08222844922852834
2021,23902,breaking,-0.013162332724709715
2021,23902,fastball,-0.017670744946306247
2021,23902,offspeed,-0.0024341373505862448
2021,23903,breaking,-0.09411341276523759
2021,23903,fastball,-0.057146705377064046
2021,23903,offspeed,0.011221712208545767
2021,23904,breaking,-0.014642884533213555
2021,23904,fastball,0.014619000142429837
2021,23909,breaking,0.03968613639600678
2021,23909,fastball,0.014413549475031684
2021,23909,offspeed,0.007156516399279911
2021,23912,fastball,-0.022623487562005353
2021,23914,breaking,0.005415718644220723
2021,23914,fastball,0.016774809887993503
2021,23914,offspeed,-0.05447189453579283
2021,23915,breaking,-0.030288630040494036
2021,23915,fastball,0.05826530571471957
2021,23915,offspeed,-0.00549742346870201
2021,23916,breaking,-0.07940417602567415
2021,23916,fastball,0.06863142304430368
2021,23916,offspeed,-0.03576735692714864
2021,23917,breaking,0.02452096423950375
2021,23917,fastball,0.11429019475545327
2021,23917,offspeed,0.01611078669438578
2021,23929,breaking,-0.0077977572403503
2021,23929,fastball,0.007995703098219316
2021,23929,offspeed,0.01946206159722979
2021,23931,fastball,-0.022432023656920413
2021,23933,breaking,-0.018114078816183047
2021,23933,fastball,-0.006878949074102767
2021,23933,offspeed,-0.020919924210053824
2021,23934,breaking,-0.010277808549659673
2021,23934,fastball,0.002142778015160839
2021,23934,offspeed,-0.019590781227745338
2021,23935,breaking,0.022168844004655342
2021,23935,fastball,-0.018944541892185043
2021,23935,offspeed,-0.01699275841472415
2021,23936,breaking,-0.019590781227745338
2021,23936,fastball,0.00889551994652533
2021,23936,offspeed,-0.025518040473175078
2021,23942,breaking,0.030294869063055244
2021,23942,fastball,-0.004124643637234482
2021,23942,offspeed,-0.017585652502101395
2021,23944,breaking,0.03348645736588448
2021,23944,fastball,0.14447772622316354
2021,23944,offspeed,0.030868677466306317
2021,23947,breaking,-0.05470029358535019
2021,23947,fastball,-0.014413589034120995
2021,23947,offspeed,-0.040110874268584194
2021,23951,breaking,0.0025968857669836144
2021,23951,fastball,0.024820160771865295
2021,23951,offspeed,-0.009751962373572976
2021,23952,breaking,-0.009236926223670908
2021,23952,fastball,0.03663916674883773
2021,23952,offspeed,-0.010958055538599623
2021,23953,breaking,-0.037638694296763656
2021,23953,fastball,-0.08424856750515765
2021,23953,offspeed,-0.0116807641006848
2021,23954,breaking,-0.04842778724581594
2021,23954,fastball,-0.07870340073729906
2021,23954,offspeed,-0.018175887085287917
2021,23955,breaking,0.00491496033441625
2021,23955,fastball,-0.03269049992878508
2021,23959,breaking,-0.03903155398668859
2021,23959,fastball,-0.017229903695506903
2021,23962,breaking,-0.03164028595525576
2021,23962,fastball,0.03603652506186252
2021,23962,offspeed,-0.08072308135273772
2021,23967,breaking,-0.034404303507592764
2021,23967,fastball,-0.01613937726330306
2021,23967,offspeed,0.014082177430841116
2021,23977,breaking,-0.027463397353726375
2021,23977,fastball,-0.004195867208869036
2021,23977,offspeed,-0.018175887085287917
2021,23979,breaking,0.007840856392830421
2021,23979,fastball,0.011355055587081808
2021,23979,offspeed,0.03335414259880716
2021,23982,breaking,-0.0020468548272234003
2021,23982,fastball,-0.00893161383841244
2021,23982,offspeed,-0.0010300361854395461
2021,23984,breaking,-0.026831071411615497
2021,23984,fastball,-0.05448416654797514
2021,23985,breaking,-0.06613097216287646
2021,23985,fastball,-0.0275359904115148
2021,23985,offspeed,0.020642833404548252
2021,23987,breaking,-0.09559408926832881
2021,23987,fastball,0.03263630073713985
2021,23987,offspeed,-0.00651007941047654
2021,23988,breaking,-0.10184520651159239
2021,23988,fastball,0.02214173003108266
2021,23988,offspeed,-0.035388377223486964
2021,23991,breaking,-0.03239650155092124
2021,23991,fastball,-0.0978878473304404
2022,20700,breaking,-0.03300245812206095
2022,20700,fastball,0.06909337081165942
2022,20700,offspeed,-0.015897348352370593
2022,20938,breaking,-0.05548209002099276
2022,20938,fastball,0.07304412131955107
2022,20938,offspeed,-0.005283198291796661
2022,21095,breaking,-0.01202434793715752
2022,21095,fastball,0.05391916355712019
2022,21095,offspeed,-0.040194788560182985
2022,21170,breaking,-0.008457466128538064
2022,21170,fastball,0.00298191720397439
2022,21170,offspeed,-0.0005130785109942542
2022,21178,breaking,-0.010277041154605331
2022,21178,fastball,0.06460102414159194
2022,21178,offspeed,-0.037211648442218935
2022,21279,breaking,-0.05222430618928732
2022,21279,fastball,0.025818983183222503
2022,21279,offspeed,0.03264675053192928
2022,21372,breaking,-0.08480473982606938
2022,21372,fastball,-0.0023397463115921286
2022,21372,offspeed,-0.009525088875089198
2022,21402,breaking,0.04893367901323419
2022,21402,fastball,0.10103622024812488
2022,21402,offspeed,0.06666712336015716
2022,21414,breaking,0.022140932192792232
2022,21414,fastball,0.04806335123778353
2022,21414,offspeed,-0.002470224992256015
2022,21415,breaking,-0.09111616528026957
2022,21415,fastball,-0.018339120393916372
2022,21415,offspeed,-0.004775789182499682
2022,21432,breaking,-0.11040211180332833
2022,21432,fastball,0.017228037931199112
2022,21432,offspeed,-0.037259673976946385
2022,21441,breaking,-0.09439106791906435
2022,21441,fastball,0.051489321917599785
2022,21441,offspeed,0.006267067743329509
2022,21549,breaking,0.04392142825531082
2022,21549,fastball,0.18849473511435622
2022,21549,offspeed,-0.013693145446787484
2022,21558,breaking,-0.020296961252192883
2022,21558,fastball,0.011349466469984689
2022,21558,offspeed,0.0865270393262022
2022,21571,breaking,0.04302040810395921
2022,21571,fastball,0.008447876324455653
2022,21571,offspeed,0.011555822252182506
2022,21587,breaking,0.004750609683832402
2022,21587,fastball,-0.017946641712042386
2022,21587,offspeed,-0.006781058364071724
2022,21588,breaking,-0.015600097388997558
2022,21588,fastball,0.0006988769360707633
2022,21588,offspeed,-0.034261770541171827
2022,21595,breaking,-0.10403952812779892
2022,21595,fastball,-0.04291224092905299
2022,21595,offspeed,-0.022227797182698943
2022,21622,breaking,-0.007908296338708414
2022,21622,fastball,0.07201675056090491
2022,21622,offspeed,-0.00257147671014892
2022,21624,fastball,-0.022080755152229768
2022,21654,breaking,-0.05058645072822396
2022,21654,fastball,0.029862546852352
2022,21654,offspeed,0.018809931828297818
2022,21690,breaking,0.015539208367457653
2022,21690,fastball,0.03676985683575729
2022,21690,offspeed,0.006607121460422971
2022,21699,breaking,-0.005576328659889788
2022,21699,fastball,-0.016303835253702763
2022,21699,offspeed,-0.01465061574579673
2022,21733,breaking,-0.055483704996106005
2022,21733,fastball,0.02817223008953682
2022,21733,offspeed,-0.04967087253103796
2022,21754,breaking,-0.025799411827360716
2022,21754,fastball,0.00493621135769111
2022,21754,offspeed,0.010683224462420126
2022,21789,breaking,-0.06661546569718388
2022,21789,fastball,0.041842545710528256
2022,21789,offspeed,-0.035200380228385696
2022,21795,breaking,-0.09910631004770608
2022,21795,fastball,-0.02117041565340658
2022,21795,offspeed,-0.032727621275405065
2022,21813,breaking,-0.023895928827151813
2022,21813,fastball,0.05284544766080346
2022,21813,offspeed,-0.051283279007750836
2022,21830,breaking,-0.008147175939833155
2022,21830,fastball,0.12513538232179613
2022,21830,offspeed,0.002376027599714234
2022,21840,breaking,-0.042056502099509306
2022,21840,fastball,0.02023547572550831
2022,21840,offspeed,-0.053925411978932435
2022,21857,breaking,0.006906706977982813
2022,21857,fastball,0.012030938209535085
2022,21874,breaking,0.07635971323369165
2022,21874,fastball,0.06877879163315333
2022,21874,offspeed,0.04588510706540065
2022,21875,breaking,0.0021407412363374915
2022,21875,fastball,-0.018906373638175353
2022,21875,offspeed,0.020097055650616723
2022,21916,breaking,-0.03248785590238048
2022,21916,fastball,0.0434068931050122
2022,21916,offspeed,0.0828039271594083
2022,21936,breaking,-0.019459003429696257
2022,21936,fastball,0.012264709806421126
2022,21936,offspeed,-0.044162684722754246
2022,21940,breaking,-0.016940778338623362
2022,21940,fastball,0.0990758756011797
2022,21940,offspeed,-0.0021619341644450807
2022,21943,breaking,-0.03936079861769463
2022,21943,fastball,-0.0706155495898321
2022,21943,offspeed,-0.03529886845611402
2022,21955,breaking,0.013727343454401499
2022,21955,fastball,0.011822112757002606
2022,21955,offspeed,0.061381201901393
2022,21961,breaking,-0.014743141064806883
2022,21961,fastball,0.06170673146081916
2022,21961,offspeed,0.03940202318563955
2022,21978,breaking,0.004559593557218148
2022,21978,fastball,0.05673515109778789
2022,21978,offspeed,-0.0303387443878579
2022,21991,breaking,-0.06242676301246329
2022,21991,fastball,-0.034083860057253
2022,21991,offspeed,-0.036824585542577476
2022,21994,breaking,0.0024798329074802706
2022,21994,fastball,-0.00798488412092204
2022,21994,offspeed,0.004703406562140778
2022,21998,breaking,-0.08220274114342598
2022,21998,fastball,0.058362254174521636
2022,21998,offspeed,-0.03374508063613476
2022,22007,breaking,0.04296227437076859
2022,22007,fastball,0.03349610418027195
2022,22007,offspeed,0.08816697052076444
2022,22015,breaking,-0.10268229516048812
2022,22015,fastball,-0.08954699902544808
2022,22015,offspeed,-0.05248891372627718
2022,22028,breaking,-0.029893672528609614
2022,22028,fastball,0.03282478026422041
2022,22028,offspeed,-0.0490341084792065
2022,22029,breaking,0.017348944685184425
2022,22029,fastball,0.058783170108844957
2022,22029,offspeed,0.0002621194066820488
2022,22094,breaking,-0.060976215495554965
2022,22094,fastball,-0.11491141815925217
2022,22094,offspeed,-0.04945313694809558
2022,22099,breaking,0.0031576577224254193
2022,22099,fastball,-0.054681892752824625
2022,22099,offspeed,-0.07917994859471211
2022,22110,breaking,0.051915815444303084
2022,22110,fastball,0.02448144465863398
2022,22110,offspeed,0.015633184556921087
2022,22118,breaking,-0.15846807560532816
2022,22118,fastball,-0.022511184847510957
2022,22118,offspeed,0.007641083527420451
2022,22123,breaking,-0.035741096445252564
2022,22123,fastball,0.09575878214596742
2022,22123,offspeed,-0.03599693853075283
2022,22131,breaking,0.01571723250837219
2022,22131,fastball,0.14921593959624388
2022,22131,offspeed,0.1820483559528622
2022,22136,breaking,-0.03889261846120411
2022,22136,fastball,-0.046213030058519726
2022,22136,offspeed,-0.06970682232382397
2022,22143,breaking,-0.04003708215285793
2022,22143,fastball,-0.004715815170795786
2022,22143,offspeed,0.027706287772741638
2022,22154,breaking,-0.017845211621564248
2022,22154,fastball,0.011521522627627819
2022,22154,offspeed,-0.00457118412353312
2022,22156,breaking,-0.03058584274960143
2022,22156,fastball,0.01902158880175614
2022,22156,offspeed,-0.0031885824756288307
2022,22163,breaking,-0.023823998679266677
2022,22163,fastball,0.10191579042199667
2022,22163,offspeed,-0.01642575535777216
2022,22180,breaking,0.0442054690453245
2022,22180,fastball,0.02168954979553149
2022,22180,offspeed,0.011392362193275342
2022,22192,breaking,-0.002982943726302748
2022,22192,fastball,-0.03477147330921034
2022,22192,offspeed,-0.03805652363057834
2022,22201,breaking,-0.06819235302032046
2022,22201,fastball,0.05083177967529107
2022,22201,offspeed,-0.06719970947479328
2022,22203,breaking,-0.0020736258390265127
2022,22203,fastball,0.00837625067658454
2022,22205,breaking,0.06278521483289508
2022,22205,fastball,-0.030594769131699135
2022,22205,offspeed,-0.00036636415973508767
2022,22220,breaking,0.027282185639211618
2022,22220,fastball,-0.038874092226834515
2022,22220,offspeed,-0.024163096877446343
2022,22231,breaking,0.06792550102328229
2022,22231,fastball,0.0472586805146107
2022,22231,offspeed,0.025817517052961897
2022,22233,breaking,-0.0542744153995408
2022,22233,fastball,-0.04465243968800163
2022,22233,offspeed,-0.008477908406632572
2022,22234,breaking,0.02338114388197822
2022,22234,fastball,-0.017119011902303076
2022,22234,offspeed,-0.06111865885387344
2022,22249,breaking,-0.03879729136429745
2022,22249,fastball,-0.0071590945227963795
2022,22249,offspeed,0.010061762403830006
2022,22250,breaking,-0.025518040473175078
2022,22250,fastball,-0.0010300361854395461
2022,22250,offspeed,-0.0105754166073209
2022,22253,breaking,0.002932209754905688
2022,22253,fastball,0.025316006065149443
2022,22253,offspeed,-0.0178846568908212
2022,22254,breaking,0.06762979083708591
2022,22254,fastball,0.03634421672220164
2022,22254,offspeed,0.019095940434144833
2022,22261,breaking,0.07445665312429668
2022,22261,fastball,-0.005984410839999474
2022,22261,offspeed,-0.00619540875718138
2022,22277,breaking,-0.09521214945750642
2022,22277,fastball,-0.0013611727560142522
2022,22277,offspeed,-0.061118869602621674
2022,22278,breaking,-0.11791347626119777
2022,22278,fastball,-0.0830048479438973
2022,22278,offspeed,-0.04116270174046823
2022,22280,breaking,-0.08736246194623629
2022,22280,fastball,-0.033515702372600605
2022,22280,offspeed,-0.0007980030180100073
2022,22292,breaking,0.007919776082156448
2022,22292,fastball,-0.03542898492768526
2022,22292,offspeed,0.0034855798985022903
2022,22293,breaking,0.009246798421925646
2022,22293,fastball,0.039988472725136635
2022,22293,offspeed,-0.07423762436016093
2022,22302,breaking,-0.04723150328813738
2022,22302,fastball,-0.03134698407022792
2022,22302,offspeed,-0.004972477320074255
2022,22309,breaking,0.04125850114950248
2022,22309,fastball,0.13093993676102908
2022,22309,offspeed,0.017759607667729438
2022,22311,breaking,-0.036456655301530735
2022,22311,fastball,-0.01751069298365499
2022,22311,offspeed,0.0011596363551186833
2022,22312,breaking,-0.055736949359761374
2022,22312,fastball,-0.046902974165445546
2022,22312,offspeed,-0.005782535482471765
2022,22318,breaking,0.0669291767877351
2022,22318,fastball,0.008252189548229635
2022,22318,offspeed,-0.01516642230270553
2022,22321,breaking,0.04447757714104042
2022,22321,fastball,0.07020165635947578
2022,22321,offspeed,0.01676486879132396
2022,22332,breaking,-0.008457466128538064
2022,22332,fastball,-0.056660307054048176
2022,22335,breaking,-0.037195179872784534
2022,22335,fastball,0.0015930151897207562
2022,22335,offspeed,0.006089227294176591
2022,22345,fastball,-0.009320998616918796
2022,22345,offspeed,-0.024566925420991516
2022,22349,breaking,-0.03381965758505826
2022,22349,fastball,-0.012742963919015244
2022,22368,breaking,-0.03260953178309004
2022,22368,fastball,-0.05808929910465405
2022,22368,offspeed,-0.015061723032469835
2022,22380,breaking,-0.02269007433310685
2022,22380,fastball,0.010107333581166479
2022,22380,offspeed,-0.0265523999554415
2022,22389,breaking,0.04304047161328224
2022,22389,fastball,0.07187026066942172
2022,22389,offspeed,0.03944892514763591
2022,22397,breaking,0.002140217980042796
2022,22397,fastball,0.056437694529961176
2022,22397,offspeed,-0.03246244945220928
2022,22404,breaking,0.026705010714599655
2022,22404,fastball,0.09472955802214357
2022,22404,offspeed,-0.01450759531043158
2022,22419,breaking,-0.04190040854138823
2022,22419,fastball,0.03248829374059782
2022,22419,offspeed,-0.027103785592728916
2022,22427,breaking,-0.023665754879329575
2022,22427,fastball,0.07416076798220708
2022,22427,offspeed,-0.046076658963558115
2022,22428,breaking,-0.025185501134255835
2022,22428,fastball,0.00942630374614744
2022,22428,offspeed,-0.0008637261566596352
2022,22435,breaking,-0.015660570253394804
2022,22435,fastball,0.11846319033700987
2022,22435,offspeed,0.01696423582477165
2022,22458,breaking,0.03954107539805553
2022,22458,fastball,0.03345983974101247
2022,22458,offspeed,-0.07453785284421513
2022,22469,breaking,-0.1170001698406194
2022,22469,fastball,-0.04888676219421691
2022,22469,offspeed,-0.04610067005718616
2022,22473,breaking,-0.036309558718801586
2022,22473,fastball,-0.007752253443750411
2022,22473,offspeed,-0.08959667460862905
2022,22478,breaking,-0.06545246734878321
2022,22478,fastball,-0.0769199327205334
2022,22487,breaking,-0.10695157155737717
2022,22487,fastball,-0.04399422987748656
2022,22487,offspeed,-0.06468315443753359
2022,22491,breaking,0.023308900593923227
2022,22491,fastball,0.04196049411591303
2022,22491,offspeed,-0.06516774140001677
2022,22505,breaking,-0.03274495504616354
2022,22505,fastball,-0.016610582614143925
2022,22505,offspeed,-0.03276863729186701
2022,22508,breaking,-0.027341342726797547
2022,22508,fastball,0.015279043962653071
2022,22508,offspeed,0.06540989853754672
2022,22525,breaking,-0.028236229941882282
2022,22525,fastball,-0.024241015529274046
2022,22525,offspeed,-0.025464382333265846
2022,22539,breaking,-0.04783077684968186
2022,22539,fastball,-0.06927586290353302
2022,22539,offspeed,-0.02291009062213624
2022,22540,breaking,0.023441105490357165
2022,22540,fastball,0.02818177943704372
2022,22540,offspeed,-0.03154931930124876
2022,22541,breaking,-0.06680282860142309
2022,22541,fastball,-0.050517733180925305
2022,22541,offspeed,-0.023726859006692656
2022,22547,breaking,-0.09328001659559045
2022,22547,fastball,-0.03981291994909592
2022,22547,offspeed,-0.006721765281384321
2022,22548,breaking,-0.03432194984875283
2022,22548,fastball,0.04578219404695154
2022,22548,offspeed,0.015328104663472354
2022,22551,breaking,-0.03924713917586334
2022,22551,fastball,-0.047342529313935136
2022,22551,offspeed,-0.006781058364071724
2022,22575,breaking,-0.03248290565755962
2022,22575,fastball,0.032364868547487054
2022,22575,offspeed,-0.0639767328324789
2022,22579,breaking,-0.01573586825156254
2022,22579,fastball,0.018240400969412082
2022,22579,offspeed,-0.017946641712042386
2022,22583,breaking,-0.03896759959188102
2022,22583,fastball,0.002782906900285963
2022,22583,offspeed,-0.10363797870557072
2022,22592,breaking,-0.06370536638595611
2022,22592,fastball,-0.010406039498097578
2022,22592,offspeed,-0.027834227481558366
2022,22595,breaking,-0.02716352330417345
2022,22595,fastball,-0.05473610118858421
2022,22595,offspeed,-0.015168534606752306
2022,22596,breaking,0.08470162141865298
2022,22596,fastball,0.1030796601988559
2022,22596,offspeed,0.03818842612658524
2022,22597,breaking,-0.04282624187859856
2022,22597,fastball,-0.09744067844681142
2022,22597,offspeed,-0.06966047903201811
2022,22598,breaking,0.0011818546196383656
2022,22598,fastball,-0.0017913606218090124
2022,22598,offspeed,-0.04019875400297569
2022,22615,breaking,-0.06672382692818529
2022,22615,fastball,0.041853273509726806
2022,22615,offspeed,0.04170300837370501
2022,22617,breaking,-0.026009735745220877
2022,22617,fastball,0.010904147652216725
2022,22617,offspeed,-0.03929967449129861
2022,22621,breaking,-0.058738984953736126
2022,22621,fastball,0.023476152886043395
2022,22621,offspeed,0.07243284679406194
2022,22622,breaking,-0.08188390535125929
2022,22622,fastball,-0.03756192510823801
2022,22622,offspeed,0.01703470521240414
2022,22624,breaking,-0.04194394047508316
2022,22624,fastball,-0.010481561647483956
2022,22624,offspeed,-0.04706253236015746
2022,22640,breaking,-0.028103646533233557
2022,22640,fastball,-0.12001651925108305
2022,22640,offspeed,-0.042015235445086514
2022,22666,breaking,-0.029317533732186336
2022,22666,fastball,-0.039678238344033556
2022,22666,offspeed,-0.009141148603289106
2022,22667,breaking,-0.11958723848541584
2022,22667,fastball,-0.056360291572599204
2022,22667,offspeed,0.030520669835281573
2022,22668,breaking,-0.0029984272389219583
2022,22668,fastball,0.028886336878798137
2022,22668,offspeed,-0.054635670698834515
2022,22675,breaking,0.039489495893550365
2022,22675,fastball,0.01087150006189763
2022,22675,offspeed,0.007610685623387011
2022,22703,breaking,-0.10452214281071177
2022,22703,fastball,0.030360764242760806
2022,22703,offspeed,-0.009430118270834485
2022,22708,breaking,-0.04184267217584072
2022,22708,fastball,0.00651358871753309
2022,22708,offspeed,-0.03745810249626086
2022,22710,breaking,0.025339308642329944
2022,22710,fastball,0.049730169058993995
2022,22710,offspeed,-0.053645524251702034
2022,22717,breaking,-0.1616059547591661
2022,22717,fastball,-0.07108260206189096
2022,22717,offspeed,0.030709517007181362
2022,22720,breaking,0.08171200538592835
2022,22720,fastball,0.02484651902750718
2022,22720,offspeed,0.018602019344685517
2022,22721,breaking,0.03570212897635846
2022,22721,fastball,0.04344340569518492
2022,22721,offspeed,0.05622736348127459
2022,22722,breaking,-0.005260537632529367
2022,22722,fastball,0.025709250836995514
2022,22729,breaking,-0.04621691861075121
2022,22729,fastball,0.02113775384944996
2022,22729,offspeed,-0.03944864813245916
2022,22730,breaking,0.024551062621979727
2022,22730,fastball,0.027631285230230878
2022,22730,offspeed,0.03676950331804355
2022,22731,breaking,0.015642581828704257
2022,22731,fastball,0.022114011060952933
2022,22731,offspeed,0.011231195555728804
2022,22734,breaking,-0.06698103567572802
2022,22734,fastball,-0.015541234870350699
2022,22734,offspeed,0.017223149400983198
2022,22735,breaking,-0.051020663140311805
2022,22735,fastball,0.033735582396205194
2022,22735,offspeed,-0.05078694935248926
2022,22738,breaking,-0.04329961133818592
2022,22738,fastball,0.020240009876205688
2022,22738,offspeed,-0.03366714436525972
2022,22741,breaking,0.012869584152721969
2022,22741,fastball,0.06992027741636825
2022,22741,offspeed,0.033626643173659085
2022,22742,fastball,0.008051416408442386
2022,22743,breaking,0.046517599524781746
2022,22743,fastball,0.012223677067027816
2022,22743,offspeed,0.014867025077728678
2022,22759,breaking,-0.01912432680153344
2022,22759,fastball,0.013263892686789704
2022,22759,offspeed,-0.04494820588731698
2022,22761,breaking,0.02505416988357998
2022,22761,fastball,0.0539726682991794
2022,22761,offspeed,0.014233305983561153
2022,22772,breaking,-0.025179643031997514
2022,22772,fastball,0.036846851908460855
2022,22772,offspeed,-0.03538410636830855
2022,22776,breaking,-0.017369345998512857
2022,22776,fastball,0.03758204815714353
2022,22776,offspeed,-0.037021609008015446
2022,22782,breaking,-0.07287255918736328
2022,22782,fastball,-0.0006826321742753969
2022,22782,offspeed,-0.0045629716597961585
2022,22784,breaking,-0.06183297263572426
2022,22784,fastball,-0.01659346275811661
2022,22785,breaking,-0.04422685190052721
2022,22785,fastball,-0.008533145348882429
2022,22785,offspeed,-0.004984873033123813
2022,22786,breaking,0.018111699419611035
2022,22786,fastball,0.015350900522334865
2022,22786,offspeed,-0.011642832939118417
2022,22795,breaking,0.008960569848352865
2022,22795,fastball,0.015000459424463142
2022,22795,offspeed,-0.03755251453331396
2022,22810,breaking,-0.003551420901425247
2022,22810,fastball,0.037925501084802554
2022,22810,offspeed,-0.0009560747774779011
2022,22815,breaking,-0.012004526959661563
2022,22815,fastball,0.016845851769651785
2022,22820,breaking,-0.12081083225456976
2022,22820,fastball,-0.0795969388217751
2022,22820,offspeed,-0.08658448095639507
2022,22821,breaking,-0.03307936325030691
2022,22821,fastball,0.021444843092141362
2022,22821,offspeed,-0.07080653869736116
2022,22834,breaking,-0.05491762941096429
2022,22834,fastball,-0.04701106151624354
2022,22834,offspeed,-0.04758614568029309
2022,22836,breaking,-0.04554633555302781
2022,22836,fastball,-0.05448416654797514
2022,22836,offspeed,0.024534621244491628
2022,22840,breaking,-0.09211796158103089
2022,22840,fastball,-0.02101428001362862
2022,22840,offspeed,0.000523928946610941
2022,22851,breaking,-0.021981968875856323
2022,22851,fastball,-0.01786538138158733
2022,22851,offspeed,0.008852476847305607
2022,22867,breaking,-0.07646443661168341
2022,22867,fastball,-0.02242010103780322
2022,22867,offspeed,-0.008693909547975645
2022,22869,breaking,-0.017714554760646622
2022,22869,fastball,-0.03984657155256766
2022,22869,offspeed,-0.010277041154605331
2022,22870,fastball,0.05109452015861713
2022,22870,offspeed,0.010354419658252463
2022,22881,breaking,-0.0020736258390265127
2022,22881,fastball,0.043177551061191574
2022,22881,offspeed,-0.008477908406632572
2022,22890,breaking,-0.06888597697572096
2022,22890,fastball,0.001075955457312447
2022,22890,offspeed,-0.01861028724274269
2022,22893,fastball,0.00517175500626961
2022,22899,breaking,0.0024970930620375783
2022,22899,fastball,0.029062507252709268
2022,22899,offspeed,0.007179106325040228
2022,22904,breaking,-0.11184713214121718
2022,22904,fastball,-0.01357917490831403
2022,22904,offspeed,-0.004461701593505528
2022,22905,breaking,0.0258275232077602
2022,22905,fastball,0.03190498681624278
2022,22905,offspeed,-0.06290644923750636
2022,22908,breaking,0.01817043018950153
2022,22908,fastball,0.0448264990944531
2022,22908,offspeed,0.0329468893925844
2022,22911,breaking,-0.013657402582904455
2022,22911,fastball,0.06477220561031156
2022,22911,offspeed,-0.10601352133163627
2022,22915,breaking,0.012818300907483024
2022,22915,fastball,-0.03421231247898634
2022,22915,offspeed,-0.03432194984875283
2022,22922,breaking,-0.06326558407604155
2022,22922,fastball,-0.07201208721476265
2022,22922,offspeed,0.007935976494412756
2022,22923,breaking,-0.018915742582480875
2022,22923,fastball,-0.07500652084442903
2022,22925,breaking,-0.021307435842105447
2022,22925,fastball,0.006143985563947495
2022,22925,offspeed,0.010506641515483675
2022,22926,breaking,-0.06299354193674232
2022,22926,fastball,-0.047209244187429666
2022,22926,offspeed,0.0006964995941796513
2022,22932,breaking,0.023961636151465373
2022,22932,fastball,-0.009483795568121896
2022,22932,offspeed,-0.031094575152755505
2022,22933,breaking,0.013951530571471957
2022,22933,fastball,-0.016617074466404164
2022,22933,offspeed,0.0069597785525330556
2022,22960,breaking,0.028146265275073856
2022,22960,fastball,-0.00722609715393337
2022,22960,offspeed,0.02573270123315004
2022,22964,breaking,-0.057574061032574966
2022,22964,fastball,0.042493448592803955
2022,22964,offspeed,0.01667839774833981
2022,22978,breaking,-0.08101510998603202
2022,22978,fastball,-0.039290593688636924
2022,22978,offspeed,-0.07087655898646221
2022,22996,breaking,0.026296375412986833
2022,22996,fastball,0.0787604389277586
2022,22996,offspeed,-0.012734494915297653
2022,23005,breaking,-0.05632573637360688
2022,23005,fastball,-0.04174826559179279
2022,23005,offspeed,-0.002841194156150368
2022,23023,breaking,-0.06878319941798557
2022,23023,fastball,-0.000630885278057856
2022,23024,breaking,0.016982799810033505
2022,23024,fastball,-0.027538543447097462
2022,23030,breaking,-0.04467444354795698
2022,23030,fastball,-0.030056468589475673
2022,23030,offspeed,-0.07988527161856676
2022,23035,breaking,-0.10216565378544645
2022,23035,fastball,-0.03704053697459174
2022,23035,offspeed,-0.040487770458092265
2022,23041,breaking,0.015350900522334865
2022,23041,fastball,0.011192774913373628
2022,23041,offspeed,0.018111699419611035
2022,23043,breaking,-0.000401634693714127
2022,23043,fastball,0.0292460609391819
2022,23043,offspeed,-0.049550521267259465
2022,23047,breaking,-0.05903425073078162
2022,23047,fastball,-0.01752980042099815
2022,23047,offspeed,-0.03015194670235133
2022,23053,breaking,0.009347973893992792
2022,23053,fastball,0.015350900522334865
2022,23054,breaking,-0.015374398845391301
2022,23054,fastball,0.017380874665381723
2022,23054,offspeed,-0.04707398617155885
2022,23082,breaking,0.038865733849646596
2022,23082,fastball,0.03154079185256518
2022,23082,offspeed,0.015160892066655047
2022,23090,breaking,-0.020377524005610874
2022,23090,fastball,0.04096075615864446
2022,23090,offspeed,-0.019671950957799833
2022,23091,breaking,-0.028763300580388965
2022,23091,fastball,-0.04892435710325946
2022,23092,breaking,-0.03623935508550247
2022,23092,fastball,-0.04272354898034082
2022,23092,offspeed,-0.06579749954499212
2022,23094,breaking,-0.03906571225556196
2022,23094,fastball,0.07388557801429499
2022,23094,offspeed,-0.03908337763467359
2022,23097,breaking,-0.039206805986565646
2022,23097,fastball,-0.09906332902473866
2022,23097,offspeed,-0.0299423301697566
2022,23101,breaking,-0.08577163312781486
2022,23101,fastball,-0.034724658627985065
2022,23101,offspeed,-0.01267273680449658
2022,23105,breaking,-0.004662060374655882
2022,23105,fastball,-0.016014143021079154
2022,23105,offspeed,-0.010342888576820166
2022,23110,breaking,-0.04374769781943369
2022,23110,fastball,-0.004027485311329824
2022,23110,offspeed,-0.03622894712233805
2022,23112,breaking,0.023679374509783573
2022,23112,fastball,0.07147117883113413
2022,23112,offspeed,-0.030620938006457144
2022,23115,breaking,-0.026084052486606845
2022,23115,fastball,-0.05445914960343217
2022,23115,offspeed,-0.011345207729059389
2022,23116,fastball,0.026299223737025444
2022,23117,breaking,0.0024866994196110354
2022,23117,fastball,0.03824526438988225
2022,23117,offspeed,-0.019110255389656675
2022,23122,breaking,-0.09289186867583242
2022,23122,fastball,0.0348516542687851
2022,23122,offspeed,-0.005545011931190136
2022,23137,breaking,-0.0037487125603246265
2022,23137,fastball,-0.006925294776944348
2022,23137,offspeed,-0.006232062637034258
2022,23139,breaking,-0.017227662766504236
2022,23139,fastball,0.0005756256203237532
2022,23139,offspeed,0.0025854316099353293
2022,23145,breaking,-0.009308208116442144
2022,23145,fastball,0.003176931410950896
2022,23145,offspeed,-0.036797667411251414
2022,23150,breaking,0.00213390461652987
2022,23150,fastball,0.050385819281797604
2022,23151,breaking,-0.03948922766281341
2022,23151,fastball,-0.001556314696170233
2022,23151,offspeed,-0.010835780242772439
2022,23154,breaking,-0.010260127999927475
2022,23154,fastball,0.027556850939172175
2022,23154,offspeed,-0.03780599664179534
2022,23157,breaking,-0.011642832939118417
2022,23157,fastball,-0.02390702088721415
2022,23157,offspeed,-0.0008637261566596352
2022,23158,fastball,0.030812099969740027
2022,23175,breaking,-0.01119057210452022
2022,23175,fastball,-0.0456061777295984
2022,23175,offspeed,-0.008635664112400798
2022,23177,breaking,0.009933623500883136
2022,23177,fastball,0.06663289356510045
2022,23177,offspeed,-0.012003604467038922
2022,23182,breaking,0.007240882394832305
2022,23182,fastball,-0.005892699751700402
2022,23182,offspeed,-0.009236926223670908
2022,23190,breaking,-0.010887043023378331
2022,23190,fastball,-0.04053738973203731
2022,23190,offspeed,-0.025260236091183674
2022,23204,breaking,-0.0716518475798218
2022,23204,fastball,-0.039632674094294856
2022,23204,offspeed,-0.04349162255781936
2022,23206,breaking,-0.03202775500132055
2022,23206,fastball,0.014266863300439208
2022,23206,offspeed,-0.01743746282576092
2022,23225,breaking,-0.14883954832174645
2022,23225,fastball,-0.04335177603458611
2022,23225,offspeed,0.007935976494412756
2022,23229,breaking,-0.0468669226883128
2022,23229,fastball,0.05288789307524252
2022,23229,offspeed,-0.040347656085834196
2022,23231,breaking,-0.06204253038558344
2022,23231,fastball,0.0032779206840436717
2022,23231,offspeed,-0.06441018703709636
2022,23232,breaking,-0.036637640579714775
2022,23232,fastball,0.005496668434217397
2022,23232,offspeed,-0.02113241128497643
2022,23235,breaking,0.012486311311325212
2022,23235,fastball,0.10907279165539675
2022,23235,offspeed,0.03380191411099602
2022,23236,breaking,0.026755849230986867
2022,23236,fastball,-0.014487594736747923
2022,23236,offspeed,0.022369495969323354
2022,23238,breaking,-0.029631291172281724
2022,23238,fastball,-0.000254914171042
2022,23238,offspeed,-0.06136944761575385
2022,23240,breaking,-0.0011457360288772576
2022,23240,fastball,0.028677989014377698
2022,23240,offspeed,-0.003965781227745338
2022,23257,breaking,-0.020647059595743866
2022,23257,fastball,-0.011195531490676437
2022,23257,offspeed,0.03003564912917414
2022,23258,breaking,-0.0771862338195302
2022,23258,fastball,-0.08915526934259022
2022,23258,offspeed,-0.008473135006229288
2022,23260,breaking,-0.015147800683909633
2022,23260,fastball,-0.05093075790495098
2022,23260,offspeed,-0.04933856541328687
2022,23262,breaking,-0.018175887085287917
2022,23262,fastball,0.005471526052639845
2022,23262,offspeed,-0.0020468548272234003
2022,23267,breaking,0.04489660701199355
2022,23267,fastball,0.027009309333702478
2022,23267,offspeed,-0.008477908406632572
2022,23284,breaking,0.01610499794178187
2022,23284,fastball,0.010398695632271084
2022,23284,offspeed,-0.0035483652430517176
2022,23286,breaking,0.00504823489389143
2022,23286,fastball,-0.013151095924660395
2022,23288,breaking,0.043311019060063086
2022,23288,fastball,0.039152316195260446
2022,23288,offspeed,-0.053909074956057075
2022,23289,breaking,-0.07406136853224264
2022,23289,fastball,0.038410690721032495
2022,23289,offspeed,-0.04485150752151445
2022,23293,breaking,0.007003092263142727
2022,23293,fastball,0.0395680239206188
2022,23293,offspeed,0.03843163228364358
2022,23294,breaking,0.004214638295667111
2022,23294,fastball,0.019188911179612675
2022,23294,offspeed,0.01725285995432363
2022,23302,breaking,-0.1413298034823338
2022,23302,fastball,-0.05348857761477621
2022,23302,offspeed,-0.012742963919015244
2022,23306,breaking,0.03639747950328654
2022,23306,fastball,0.020484842494588963
2022,23306,offspeed,-3.972294014746308e-06
2022,23307,breaking,-0.06628843118512273
2022,23307,fastball,-0.02059693769600669
2022,23307,offspeed,-0.02851634976877986
2022,23312,breaking,-0.05712934321551125
2022,23312,fastball,0.03903884155262485
2022,23312,offspeed,0.006683951074303972
2022,23314,breaking,-0.083612599387153
2022,23314,fastball,-0.051334144033905973
2022,23314,offspeed,-0.019110255389656675
2022,23331,breaking,-0.018026982632796836
2022,23331,fastball,-0.04163276354431515
2022,23331,offspeed,-0.02481705062910526
2022,23332,breaking,-0.03270700449157742
2022,23332,fastball,-0.03644609835339458
2022,23332,offspeed,-0.02291009062213624
2022,23334,breaking,-0.016648977658439257
2022,23334,fastball,0.015595617627006161
2022,23334,offspeed,-0.0240901498972093
2022,23336,breaking,0.030270876476796146
2022,23336,fastball,-0.000577262484983916
2022,23336,offspeed,0.0030546167188878095
2022,23342,breaking,0.03959133494116313
2022,23342,fastball,0.0008614243895891056
2022,23342,offspeed,-0.02604813405826707
2022,23343,fastball,-0.023487951142492983
2022,23343,offspeed,-0.011489976811972485
2022,23347,breaking,-0.04682838601463608
2022,23347,fastball,0.0192943171034519
2022,23347,offspeed,-0.05312472222706811
2022,23360,fastball,-0.026256477432528756
2022,23361,breaking,-0.03322733104375168
2022,23361,fastball,-0.006728160702057974
2022,23361,offspeed,-0.011370482669729022
2022,23362,breaking,-0.03510928821111491
2022,23362,fastball,0.008006731098885733
2022,23362,offspeed,-0.0013176220490506276
2022,23363,breaking,-0.04620949815098913
2022,23363,fastball,-0.003962407554735461
2022,23363,offspeed,-0.009002478648853202
2022,23366,fastball,0.007927810432950226
2022,23366,offspeed,-0.024566925420991516
2022,23369,breaking,0.041353936741929165
2022,23369,fastball,-0.005067473270969556
2022,23369,offspeed,-0.009506475665479446
2022,23383,breaking,-0.09760681363790648
2022,23383,fastball,0.028576876768260446
2022,23383,offspeed,0.0001241548553107229
2022,23384,breaking,-0.035497327448830086
2022,23384,fastball,-0.09358880146296818
2022,23384,offspeed,0.01454350975548241
2022,23385,breaking,-0.016597282583349877
2022,23385,fastball,-0.08405815066672176
2022,23385,offspeed,-0.013935559921060242
2022,23411,breaking,-0.05696629652864794
2022,23411,fastball,0.05476458565880426
2022,23411,offspeed,0.005373856708735971
2022,23414,breaking,0.00668851533246627
2022,23414,fastball,0.0013035626229144217
2022,23414,offspeed,-0.05569986228552633
2022,23415,breaking,0.04670665624380479
2022,23415,fastball,0.13506071139300888
2022,23415,offspeed,-0.07273373621016202
2022,23418,breaking,-0.09442610110286763
2022,23418,fastball,0.047440232328287875
2022,23418,offspeed,0.016286745391449232
2022,23421,breaking,-0.0050101190878774045
2022,23421,fastball,-0.03682627363133424
2022,23421,offspeed,0.00042552738800650684
2022,23422,breaking,-0.18251190793130528
2022,23422,fastball,-0.010429279506044328
2022,23422,offspeed,-0.061025661733324625
2022,23423,breaking,-0.023374149488228687
2022,23423,fastball,-0.040251688011097596
2022,23423,offspeed,0.011367768775364733
2022,23426,breaking,-0.025510102776643957
2022,23426,fastball,-0.03895156266517594
2022,23426,offspeed,-0.008726037498504102
2022,23429,breaking,-0.0773694587664652
2022,23429,fastball,-0.002444948001173694
2022,23429,offspeed,-0.003958740238141524
2022,23437,breaking,-0.12115463453307446
2022,23437,fastball,-0.0039036171332083804
2022,23437,offspeed,-0.024050772097862196
2022,23439,breaking,0.0593547943825619
2022,23439,fastball,0.06871597486197852
2022,23439,offspeed,-0.006913673895197896
2022,23440,breaking,-0.0007223095540059393
2022,23440,fastball,0.03939892556450633
2022,23440,offspeed,-0.029302242869725142
2022,23446,breaking,-0.004781644060257565
2022,23446,fastball,0.01971026047094046
2022,23446,offspeed,-0.006781058364071724
2022,23455,breaking,-0.0013751721494862147
2022,23455,fastball,-0.04176925521976001
2022,23455,offspeed,-0.04780043709081218
2022,23458,breaking,-0.009478535964971358
2022,23458,fastball,0.030800386593082534
2022,23458,offspeed,-0.01663272618267083
2022,23459,breaking,0.0038885042816606016
2022,23459,fastball,0.030464793756124472
2022,23459,offspeed,-0.02575035246627462
2022,23461,breaking,0.007424127224806244
2022,23461,fastball,0.012847439133913438
2022,23461,offspeed,-0.0055338303784066975
2022,23462,breaking,-0.00991924930231675
2022,23462,fastball,0.009275305011740382
2022,23462,offspeed,-0.012850177118143954
2022,23475,breaking,-0.017714554760646622
2022,23475,fastball,-0.010347620543167424
2022,23476,fastball,-0.009298875217846402
2022,23478,breaking,-0.09948454780333188
2022,23478,fastball,-0.0094446821115141
2022,23478,offspeed,-0.09392335548266265
2022,23484,breaking,0.011180883431107177
2022,23484,fastball,-0.052520199468099146
2022,23496,breaking,-0.05068238945506606
2022,23496,fastball,0.04703484500851577
2022,23496,offspeed,0.016572768609338925
2022,23497,breaking,0.0026430858852329892
2022,23497,fastball,0.03809297537023837
2022,23497,offspeed,-0.005679931646029143
2022,23498,breaking,-0.07470995228650758
2022,23498,fastball,-0.059027283837860975
2022,23498,offspeed,0.04501037818653926
2022,23499,breaking,0.015295636627239864
2022,23499,fastball,-0.004210243470911271
2022,23499,offspeed,0.023844114995541496
2022,23500,breaking,-0.010420801481917784
2022,23500,fastball,0.02166934851673062
2022,23500,offspeed,0.07199402226542306
2022,23501,breaking,-0.09112100796812433
2022,23501,fastball,-0.039072712580857136
2022,23501,offspeed,-0.009298875217846402
2022,23504,breaking,-0.03675942337458831
2022,23504,fastball,0.018860266496256446
2022,23504,offspeed,-0.040639129769991914
2022,23512,breaking,0.006689535121301263
2022,23512,fastball,0.055520242254422265
2022,23512,offspeed,-0.053001412939824154
2022,23513,breaking,-0.03207223483314655
2022,23513,fastball,0.009716411032777959
2022,23513,offspeed,-0.028443622219863365
2022,23515,breaking,-0.09927785363841941
2022,23515,fastball,-0.026039610695380296
2022,23515,offspeed,0.006306313979477101
2022,23516,breaking,0.025017951196548073
2022,23516,fastball,0.04938700355409446
2022,23516,offspeed,0.006404514222300693
2022,23518,breaking,0.00017621014761237002
2022,23518,fastball,0.10011561686651475
2022,23518,offspeed,0.049069549177696216
2022,23519,breaking,-0.039917113738516856
2022,23519,fastball,0.0007705495944982692
2022,23519,offspeed,0.006906706977982813
2022,23532,breaking,-0.026084052486606845
2022,23532,fastball,-0.028391172488812132
2022,23532,offspeed,-0.002367527539771058
2022,23534,breaking,-0.010947423679233343
2022,23534,fastball,0.04029046571556322
2022,23534,offspeed,0.022999792742424627
2022,23536,breaking,-0.08141328566949181
2022,23536,fastball,-0.010355787161622838
2022,23536,offspeed,-0.032994746672376174
2022,23538,breaking,-0.0275284134374382
2022,23538,fastball,-0.02310031860084727
2022,23540,breaking,0.005592744619851938
2022,23540,fastball,0.02226281025116212
2022,23540,offspeed,0.00930862477559646
2022,23542,breaking,0.02317275596604701
2022,23542,fastball,0.012694237270991225
2022,23542,offspeed,-0.05401984605111249
2022,23554,breaking,-0.08567168156035344
2022,23554,fastball,-0.0007050108480061755
2022,23554,offspeed,-0.07345675536806455
2022,23555,breaking,0.01684681632187067
2022,23555,fastball,-0.05712998243930035
2022,23555,offspeed,-0.05880651620814667
2022,23556,breaking,-0.03886095358434894
2022,23556,fastball,-0.01873627776145836
2022,23556,offspeed,-0.02739224744646329
2022,23557,breaking,-0.10323553619578078
2022,23557,fastball,0.04095707767110524
2022,23557,offspeed,0.0356997229793021
2022,23558,breaking,-0.03241553214300689
2022,23558,fastball,0.05769200899490713
2022,23558,offspeed,0.0024866994196110354
2022,23560,breaking,-0.07091109745049153
2022,23560,fastball,-0.05146822189700239
2022,23560,offspeed,0.029087758385938856
2022,23561,breaking,0.05616969364635152
2022,23561,fastball,0.05886838110668769
2022,23561,offspeed,-0.0180048284831261
2022,23564,breaking,-0.003958740238141524
2022,23564,fastball,-0.004781644060257565
2022,23565,breaking,-0.04247490702279903
2022,23565,fastball,0.028624335089649785
2022,23565,offspeed,-0.013012319899498132
2022,23567,breaking,-0.004326945425741795
2022,23567,fastball,-0.049002025496332965
2022,23567,offspeed,0.027103460094762565
2022,23568,breaking,-0.07342669970657778
2022,23568,fastball,-0.01489971420195982
2022,23568,offspeed,-0.016216785302452002
2022,23574,breaking,-0.06594682307824819
2022,23574,fastball,0.032018861596201854
2022,23574,offspeed,-0.008418895525386256
2022,23589,breaking,0.040628747110593035
2022,23589,fastball,0.021846840762575245
2022,23589,offspeed,0.009347973893992792
2022,23590,breaking,-0.11004894492024063
2022,23590,fastball,-0.040215577227373796
2022,23590,offspeed,-0.02387069583975029
2022,23591,breaking,-0.008423112461885051
2022,23591,fastball,0.024307314417121584
2022,23591,offspeed,0.004750609683832402
2022,23593,breaking,0.005977362248716969
2022,23593,fastball,0.048788080047906794
2022,23593,offspeed,-0.033780734448983
2022,23596,breaking,-0.022529339298669432
2022,23596,fastball,0.027404809899605236
2022,23597,breaking,-0.039971286830786025
2022,23597,fastball,-0.03507936294411688
2022,23597,offspeed,-0.06528763463984401
2022,23599,breaking,0.039724319997707064
2022,23599,fastball,-0.03314379266040809
2022,23599,offspeed,0.006203929292588797
2022,23600,breaking,0.014644897828710262
2022,23600,fastball,0.04699462929337922
2022,23600,offspeed,-0.017298469428528043
2022,23614,breaking,-0.021217865093863662
2022,23614,fastball,0.025469022989502262
2022,23614,offspeed,0.014349522371537865
2022,23615,breaking,0.009347973893992792
2022,23615,fastball,0.0046241048094219795
2022,23615,offspeed,0.004750609683832402
2022,23617,breaking,0.026055832209311867
2022,23617,fastball,-0.0009645179638924738
2022,23617,offspeed,-0.011560785187480827
2022,23618,breaking,0.01346271743774886
2022,23618,fastball,-0.018969521842141634
2022,23618,offspeed,0.01379939003398936
2022,23624,breaking,0.03622850923851497
2022,23624,fastball,0.011180883431107177
2022,23627,breaking,-0.06050939251382481
2022,23627,fastball,0.06315863309902209
2022,23627,offspeed,0.028873276635316112
2022,23628,breaking,0.00038008480322296746
2022,23628,fastball,0.04578234643523641
2022,23628,offspeed,-0.015921134293028556
2022,23630,breaking,0.057653963809428874
2022,23630,fastball,0.06965655794110294
2022,23630,offspeed,-0.04969533795032476
2022,23631,breaking,0.062317798889597355
2022,23631,fastball,0.002452651123101911
2022,23631,offspeed,-0.06709032577620713
2022,23632,breaking,0.10735082242808659
2022,23632,fastball,-0.02293452842150006
2022,23632,offspeed,-0.06820206647679217
2022,23633,breaking,-0.09505788797797057
2022,23633,fastball,0.05619875105793999
2022,23633,offspeed,-0.07179935370874274
2022,23634,breaking,-0.031229666148929427
2022,23634,fastball,0.049797063071852415
2022,23634,offspeed,0.005174366404260114
2022,23636,breaking,-0.005039893028698939
2022,23636,fastball,0.011039377748851584
2022,23636,offspeed,0.01972938203223286
2022,23637,breaking,0.01589917909183254
2022,23637,fastball,-0.07067723589764324
2022,23637,offspeed,0.009500736380649612
2022,23638,breaking,-0.052884222150429636
2022,23638,fastball,-0.02066663907533023
2022,23638,offspeed,0.008698678816989582
2022,23640,breaking,-0.1264880693719938
2022,23640,fastball,-0.016226322723485984
2022,23640,offspeed,0.02206118238630498
2022,23642,breaking,-0.060060802653206694
2022,23642,fastball,-0.04077945723500159
2022,23642,offspeed,-0.01351432012331072
2022,23643,breaking,0.01797234681626617
2022,23643,fastball,-0.03043048444492695
2022,23643,offspeed,-0.020545185417574486
2022,23644,breaking,-0.009617997299973275
2022,23644,fastball,-0.011636319055694112
2022,23644,offspeed,-0.02499356137524856
2022,23648,breaking,0.007393804613658377
2022,23648,fastball,0.029735113675193988
2022,23648,offspeed,-0.01183925430796253
2022,23650,breaking,-0.0227546892957394
2022,23650,fastball,0.003702119505797718
2022,23650,offspeed,-0.04038581631347776
2022,23651,breaking,-0.1023961131569773
2022,23651,fastball,0.030785142238458126
2022,23651,offspeed,-0.046253959807124524
2022,23653,breaking,-0.03082784752067022
2022,23653,fastball,-0.047471010422211614
2022,23653,offspeed,-0.009002478648853202
2022,23654,breaking,-0.08726475672017651
2022,23654,fastball,0.03244843519462439
2022,23654,offspeed,-0.03415484273457398
2022,23655,breaking,-0.03598762473070288
2022,23655,fastball,0.1138532200208134
2022,23655,offspeed,0.029528127971547972
2022,23665,breaking,-0.05555664006786609
2022,23665,fastball,-0.009204504889246045
2022,23665,offspeed,0.06442658153964001
2022,23672,breaking,-0.03244675199258114
2022,23672,fastball,-0.0020865446701489763
2022,23672,offspeed,-0.018146883873705378
2022,23673,breaking,-0.13027538075513773
2022,23673,fastball,0.08191086146649611
2022,23673,offspeed,-0.013800684331454439
2022,23676,breaking,-0.03477132099212532
2022,23676,fastball,-0.004358056608581423
2022,23676,offspeed,-0.01869694984875283
2022,23680,breaking,0.016828810494055272
2022,23680,fastball,0.0642946872708861
2022,23680,offspeed,0.01614317951550688
2022,23684,breaking,-0.01869142484362316
2022,23684,fastball,-0.07729272693014268
2022,23684,offspeed,-0.019037006059754703
2022,23689,breaking,-0.00964528036447143
2022,23689,fastball,-0.026367478368248768
2022,23689,offspeed,-0.05384140244490363
2022,23690,breaking,-0.0247309187395557
2022,23690,fastball,-0.017930764608052787
2022,23690,offspeed,0.004577051167110786
2022,23693,breaking,-0.008635664112400798
2022,23693,fastball,0.005806122285887827
2022,23694,breaking,-0.008008003018115177
2022,23694,fastball,0.08739595896698972
2022,23694,offspeed,-0.0580594917817405
2022,23695,breaking,-0.02441832484355675
2022,23695,fastball,0.022380199878802323
2022,23695,offspeed,-0.047967193769843236
2022,23696,breaking,-0.037994485065729985
2022,23696,fastball,0.1080490938524261
2022,23696,offspeed,0.0849691840414381
2022,23697,breaking,-0.14563090049201513
2022,23697,fastball,-0.044365988095985624
2022,23697,offspeed,-0.09331488800322979
2022,23703,breaking,-0.02273321169015368
2022,23703,fastball,0.01568606761285451
2022,23703,offspeed,0.05286119039618376
2022,23713,breaking,-0.062370011150855414
2022,23713,fastball,-0.017055181897747823
2022,23713,offspeed,-0.04972992650274167
2022,23714,breaking,0.027797576621525297
2022,23714,fastball,0.014643291386404873
2022,23714,offspeed,0.020061510679721218
2022,23717,breaking,-0.0570980142317502
2022,23717,fastball,-0.008552221117249308
2022,23717,offspeed,-0.07478779939501132
2022,23719,breaking,0.06239137017296402
2022,23719,fastball,0.11418192814326404
2022,23719,offspeed,0.0156279577394557
2022,23721,breaking,-0.027628604467038922
2022,23721,fastball,-0.05978738968988157
2022,23721,offspeed,-0.05600823878180325
2022,23727,breaking,-0.007327429056764893
2022,23727,fastball,-0.05953895519853183
2022,23727,offspeed,-0.023862523791247956
2022,23729,breaking,0.009383106092976478
2022,23729,fastball,-0.012573269203378878
2022,23729,offspeed,-0.009236926223670908
2022,23731,breaking,-0.03818592734381425
2022,23731,fastball,-0.07774098239042722
2022,23737,breaking,-0.08434520859548066
2022,23737,fastball,-0.05011802564988851
2022,23737,offspeed,-0.036624336537617666
2022,23738,breaking,0.009248184994917393
2022,23738,fastball,0.005471526052639845
2022,23738,offspeed,-0.010958055538599623
2022,23740,breaking,-0.03521578122774534
2022,23740,fastball,0.025372784540653087
2022,23740,offspeed,-0.0020468548272234003
2022,23743,breaking,0.030684067201380925
2022,23743,fastball,-0.014092052201604147
2022,23743,offspeed,0.011659218772254662
2022,23745,breaking,-0.07685796360563152
2022,23745,fastball,0.04563898946768676
2022,23745,offspeed,0.04631666011114143
2022,23747,breaking,0.005734737794558674
2022,23747,fastball,-0.0634862653260901
2022,23747,offspeed,-0.07831234907239572
2022,23748,breaking,-0.07398496937251557
2022,23748,fastball,-0.016835417625817157
2022,23748,offspeed,-0.0277097869167138
2022,23749,breaking,-0.0013135639873667593
2022,23749,fastball,-0.03731966103873986
2022,23749,offspeed,0.04780712214706993
2022,23751,breaking,-0.09451051657349174
2022,23751,fastball,0.006625601989813133
2022,23751,offspeed,0.012843241987337325
2022,23754,breaking,0.0026430858852329892
2022,23754,fastball,0.0007705495944982692
2022,23758,breaking,-0.04616342055983348
2022,23758,fastball,0.02282469290870627
2022,23758,offspeed,0.03312495875698399
2022,23759,breaking,-0.04939238452953191
2022,23759,fastball,0.007505281024860996
2022,23759,offspeed,0.0530410355788182
2022,23761,breaking,-0.08479400108984157
2022,23761,fastball,-0.07829945052780567
2022,23761,offspeed,0.007231513838241937
2022,23762,breaking,-0.04524440720835288
2022,23762,fastball,-0.015568346834936178
2022,23762,offspeed,0.0034583773410470885
2022,23763,fastball,0.005221071479439228
2022,23766,breaking,-0.049363398185033956
2022,23766,fastball,0.03992060636191752
2022,23766,offspeed,0.006780501512471707
2022,23767,breaking,-0.027388462884501086
2022,23767,fastball,0.06999816885828351
2022,23767,offspeed,-0.05128598985735397
2022,23769,breaking,-0.06452092810136778
2022,23769,fastball,-0.0036382302440674673
2022,23769,offspeed,-0.0771131119142758
2022,23771,breaking,0.002112100941787328
2022,23771,fastball,0.020309790753618294
2022,23772,breaking,-0.08974684285429295
2022,23772,fastball,0.0020810227152830165
2022,23772,offspeed,-0.03280058893289983
2022,23779,breaking,-0.0004951671499551505
2022,23779,fastball,-0.08935159043572291
2022,23781,breaking,0.04509372453158892
2022,23781,fastball,0.11679720119215659
2022,23781,offspeed,-0.02798797743087652
2022,23782,breaking,-0.01524737445181027
2022,23782,fastball,0.07415715721494741
2022,23782,offspeed,-0.009966359316848318
2022,23784,breaking,-0.037080522297264856
2022,23784,fastball,-0.0019139881704970639
2022,23784,offspeed,-0.056822153995162356
2022,23786,breaking,-0.00034998452541527174
2022,23786,fastball,-0.01973935151297837
2022,23786,offspeed,-0.08410743460956893
2022,23787,breaking,0.023503021239866678
2022,23787,fastball,-0.021361612141851016
2022,23787,offspeed,0.04962586052847162
2022,23790,breaking,-0.0005260192718231284
2022,23790,fastball,-0.0394943260795274
2022,23790,offspeed,0.010638044197427001
2022,23843,breaking,-0.0366888114321385
2022,23843,fastball,0.02616612174170081
2022,23843,offspeed,-0.022080755152229768
2022,23848,breaking,-0.012817629658941378
2022,23848,fastball,0.09084195327575942
2022,23848,offspeed,0.0679337286860258
2022,23849,breaking,0.028287603365014364
2022,23849,fastball,0.05514230754257623
2022,23849,offspeed,0.04592073199503417
2022,23850,breaking,-0.018351474031630337
2022,23850,fastball,-0.02906048961794826
2022,23850,offspeed,-0.004256003188155763
2022,23852,breaking,-0.1123830368188658
2022,23852,fastball,-0.023557612956028907
2022,23852,offspeed,-0.05404536123753848
2022,23853,breaking,-0.10900089363149118
2022,23853,fastball,-0.03943869784659005
2022,23853,offspeed,0.022234949041492664
2022,23856,breaking,0.0034583773410470885
2022,23856,fastball,0.007429003185950146
2022,23857,breaking,-0.002450775751563058
2022,23857,fastball,0.028697500144545134
2022,23858,breaking,0.00285714597546166
2022,23858,fastball,-0.0904906236200399
2022,23858,offspeed,-0.00619540875718138
2022,23860,breaking,-0.046211610509642904
2022,23860,fastball,0.05639766780977895
2022,23860,offspeed,0.041503598266325464
2022,23863,breaking,-0.035925782936687904
2022,23863,fastball,0.004574437605355653
2022,23863,offspeed,-0.0031242771339341398
2022,23868,breaking,-0.005253317345916919
2022,23868,fastball,0.004394941898805603
2022,23868,offspeed,-0.014458584980979274
2022,23869,breaking,-0.010738834749391859
2022,23869,fastball,0.033301320336338626
2022,23869,offspeed,0.007520945082852907
2022,23870,breaking,-0.05200508033280403
2022,23870,fastball,-0.08729080754794809
2022,23870,offspeed,-0.010166700491798136
2022,23871,breaking,-0.005809362263339397
2022,23871,fastball,0.04270126600529273
2022,23871,offspeed,-0.019765032231117776
2022,23872,breaking,-0.0436198901348775
2022,23872,fastball,-0.018130041910272204
2022,23874,breaking,0.013743154395286358
2022,23874,fastball,0.02030051325825972
2022,23874,offspeed,0.009933623500883136
2022,23879,breaking,-0.03128299221656728
2022,23879,fastball,-0.016462433469488797
2022,23879,offspeed,-0.023380419725077872
2022,23880,breaking,-0.018636650150437112
2022,23880,fastball,0.08755332382729017
2022,23880,offspeed,0.01881469259544713
2022,23886,breaking,0.006203929292588797
2022,23886,fastball,-0.0276007493285317
2022,23886,offspeed,-0.009236926223670908
2022,23887,breaking,0.05929691988843632
2022,23887,fastball,-0.04512399954290142
2022,23893,breaking,-0.06701190267748493
2022,23893,fastball,-0.03515760468427533
2022,23893,offspeed,-0.05979531023739388
2022,23895,breaking,-0.023350357091989345
2022,23895,fastball,0.021608034463663536
2022,23895,offspeed,-0.010958055538599623
2022,23897,breaking,0.003542965913831321
2022,23897,fastball,0.04973060155575494
2022,23897,offspeed,0.003158706627520865
2022,23898,breaking,-0.047975990978753644
2022,23898,fastball,0.09441951900546856
2022,23898,offspeed,0.08222844922852834
2022,23902,breaking,-0.012407578791670605
2022,23902,fastball,-0.03387723282317872
2022,23902,offspeed,-0.012727025919571864
2022,23903,breaking,-0.09427823120798333
2022,23903,fastball,-0.07316890708829736
2022,23903,offspeed,-0.010545143925264504
2022,23904,breaking,-0.03513586698704725
2022,23904,fastball,0.045483014838442276
2022,23908,breaking,-0.01745978831569298
2022,23908,fastball,0.012495664961327408
2022,23908,offspeed,-0.012003604467038922
2022,23909,breaking,0.02347586393171781
2022,23909,fastball,0.05363215573159952
2022,23909,offspeed,-0.010056910307668539
2022,23912,fastball,-0.022623487562005353
2022,23914,breaking,0.005415718644220723
2022,23914,fastball,0.016774809887993503
2022,23914,offspeed,-0.05447189453579283
2022,23915,breaking,-0.014087270189213049
2022,23915,fastball,0.11829006787608591
2022,23915,offspeed,-0.017141241664927493
2022,23916,breaking,-0.07940417602567415
2022,23916,fastball,0.06863142304430368
2022,23916,offspeed,-0.03576735692714864
2022,23917,breaking,0.050901379101254425
2022,23917,fastball,0.1126045267818362
2022,23917,offspeed,0.04842890642725368
2022,23920,fastball,0.008255132372142114
2022,23927,breaking,-0.008693909547975645
2022,23927,fastball,0.02102364153979453
2022,23927,offspeed,0.033043203856423314
2022,23929,breaking,-0.010820958684593941
2022,23929,fastball,0.039865648605542994
2022,23929,offspeed,-0.004566112722190978
2022,23930,breaking,0.0347910537290411
2022,23930,fastball,-0.056660307054048176
2022,23930,offspeed,0.028857081772046496
2022,23931,breaking,-0.014286044075969324
2022,23931,fastball,0.0037918039069858777
2022,23931,offspeed,-0.011489976811972485
2022,23933,breaking,-0.018114078816183047
2022,23933,fastball,-0.006878949074102767
2022,23933,offspeed,-0.020919924210053824
2022,23934,breaking,-0.003585427386740309
2022,23934,fastball,0.009883098347807229
2022,23934,offspeed,-0.019590781227745338
2022,23935,breaking,0.0211173165927081
2022,23935,fastball,-0.01642256749850379
2022,23935,offspeed,-0.024912007231011418
2022,23936,breaking,-0.019590781227745338
2022,23936,fastball,0.00889551994652533
2022,23936,offspeed,-0.025518040473175078
2022,23942,breaking,0.049329647534580794
2022,23942,fastball,0.05795042904676958
2022,23942,offspeed,0.006409503716917537
2022,23944,breaking,0.03348645736588448
2022,23944,fastball,0.14447772622316354
2022,23944,offspeed,0.030868677466306317
2022,23947,breaking,-0.05470029358535019
2022,23947,fastball,-0.014413589034120995
2022,23947,offspeed,-0.040110874268584194
2022,23951,breaking,0.011435718164906922
2022,23951,fastball,0.037613067778483736
2022,23951,offspeed,-0.042155738273682145
2022,23952,breaking,-0.05463141310916369
2022,23952,fastball,0.020665117321275014
2022,23952,offspeed,-0.01914083503269353
2022,23953,breaking,-0.06124318786566604
2022,23953,fastball,-0.02428166616560815
2022,23953,offspeed,-0.007754758235743162
2022,23954,breaking,-0.06264395055920652
2022,23954,fastball,-0.06775632288766727
2022,23954,offspeed,-0.013088823668340266
2022,23955,breaking,0.005329668306054742
2022,23955,fastball,-0.03600299839084173
2022,23959,breaking,-0.03903155398668859
2022,23959,fastball,-0.017229903695506903
2022,23962,breaking,-0.03164028595525576
2022,23962,fastball,0.03603652506186252
2022,23962,offspeed,-0.08072308135273772
2022,23963,breaking,0.039689101414727763
2022,23963,fastball,-0.032743171607078875
2022,23963,offspeed,-0.05713995438181567
2022,23964,breaking,-0.0070813593440479045
2022,23964,fastball,-0.01051441786815569
2022,23964,offspeed,0.00504823489389143
2022,23966,breaking,0.01844719442021664
2022,23966,fastball,0.025380616412922392
2022,23966,offspeed,0.00517175500626961
2022,23967,breaking,-0.034404303507592764
2022,23967,fastball,-0.01613937726330306
2022,23967,offspeed,0.014082177430841116
2022,23968,breaking,-0.11060362256054791
2022,23968,fastball,-0.013151942747189683
2022,23968,offspeed,-0.04282219659806776
2022,23977,breaking,-0.07289986586415387
2022,23977,fastball,-0.03719246719954294
2022,23977,offspeed,-0.01803828385835058
2022,23979,breaking,-0.06438078083875408
2022,23979,fastball,0.029226323809237138
2022,23979,offspeed,-0.03425143466232271
2022,23982,breaking,-0.00798469284739213
2022,23982,fastball,-0.021211266426433624
2022,23982,offspeed,0.005294600023363968
2022,23984,breaking,-0.026831071411615497
2022,23984,fastball,-0.05448416654797514
2022,23985,breaking,-0.07828703869471282
2022,23985,fastball,-0.07985537150111516
2022,23985,offspeed,0.02338902520752375
2022,23987,breaking,-0.060346620059373066
2022,23987,fastball,0.033535320059255705
2022,23987,offspeed,0.009961147943001531
2022,23988,breaking,-0.06815811362884812
2022,23988,fastball,0.061637853726063285
2022,23988,offspeed,-0.011222647261667721
2022,23991,breaking,-0.03684688624217575
2022,23991,fastball,-0.07166602322952074
2022,24011,breaking,0.03888819255914317
2022,24011,fastball,0.08470441248394923
2022,24011,offspeed,-0.0069277724727691585
2022,24012,fastball,0.03976822629956003
2022,24013,breaking,-0.08074604507640597
2022,24013,fastball,0.08616401554062086
2022,24013,offspeed,-0.06128288468483485
2022,24018,breaking,0.02296936203016916
2022,24018,fastball,0.0951484680929131
2022,24018,offspeed,0.01270105842153511
2022,24020,breaking,0.007072559076892759
2022,24020,fastball,-0.033178245623032704
2022,24021,breaking,-0.0677345847881324
2022,24021,fastball,0.04482583529082773
2022,24021,offspeed,-0.03552572073295536
2022,24026,breaking,-0.0308436334058317
2022,24026,fastball,0.01844719442021664
2022,24026,offspeed,-0.00265090564013698
2022,24027,breaking,0.004290741817702796
2022,24027,fastball,-0.018876386805103493
2022,24038,breaking,-0.032244945221239794
2022,24038,fastball,-0.06358068826126066
2022,24038,offspeed,0.020726297956929058
2022,24039,breaking,-0.010560421717888789
2022,24039,fastball,-0.03660197017863234
2022,24039,offspeed,-0.009506475665479446
2022,24042,breaking,0.029171640790990622
2022,24042,fastball,0.0025591038494863242
2022,24042,offspeed,-0.03707904986206417
2022,24043,breaking,-0.001782840874931478
2022,24043,fastball,-0.0037955481590100652
2022,24043,offspeed,-0.04824625728494145
2022,24047,breaking,-0.09636217353632875
2022,24047,fastball,-0.044638207138469874
2022,24047,offspeed,-0.016577109863626104
2022,24048,breaking,-0.011345207729059389
2022,24048,fastball,-0.055965569147223185
2022,24051,breaking,-0.048191072660310356
2022,24051,fastball,-0.06464318036714514
2022,24051,offspeed,0.01810850492685089
2022,24052,breaking,0.00992957700601299
2022,24052,fastball,0.030982208584960362
2022,24052,offspeed,-0.0005130785109942542
2022,24053,breaking,-0.02328805057357861
2022,24053,fastball,0.001283446653947444
2022,24053,offspeed,-0.032402804563004844
2022,24056,breaking,-0.0386343440613494
2022,24056,fastball,0.04272204926740086
2022,24056,offspeed,-0.027020399262610868
2022,24059,breaking,-0.05051536531298877
2022,24059,fastball,0.0459377204312844
2022,24063,breaking,-0.10379972486586392
2022,24063,fastball,0.028266112464019135
2022,24063,offspeed,-0.008457466128538064
2022,24064,breaking,0.04016098867508304
2022,24064,fastball,-0.02495451040227577
2022,24064,offspeed,-0.04812915497437488
2022,24085,breaking,-0.03227349017390363
2022,24085,fastball,-0.02381401373039976
2022,24085,offspeed,-0.05726341719779472
2022,24086,breaking,-0.11790278318676244
2022,24086,fastball,-0.12103166416819096
2022,24088,breaking,-0.04111012660865047
2022,24088,fastball,0.02452669424318575
2022,24088,offspeed,-0.01664211076905877
2022,24089,breaking,0.006309880936983247
2022,24089,fastball,0.0032973802306870835
2022,24089,offspeed,-0.030085928974314426
2022,24097,breaking,-0.054072169402620815
2022,24097,fastball,-0.029346077054306117
2022,24099,breaking,-0.022821721629955657
2022,24099,fastball,0.011703494671067538
2022,24099,offspeed,-0.011345207729059389
2022,24100,breaking,0.007922974221792807
2022,24100,fastball,-0.02600787808625121
2022,24100,offspeed,-0.05077767999905047
2022,24102,breaking,0.011013290465672109
2022,24102,fastball,0.06502470994050893
2022,24109,breaking,0.04196855470830203
2022,24109,fastball,0.07883745835956882
2022,24109,offspeed,-0.060535258873083746
2022,24110,breaking,-0.0416486683793458
2022,24110,fastball,0.005769637730635781
2022,24110,offspeed,-0.013092424110745841
2022,24112,breaking,0.019246395532961078
2022,24112,fastball,0.013769060194268507
2022,24112,offspeed,0.013743154395286358
2022,24115,breaking,-0.08265839866285465
2022,24115,fastball,0.015291341179286284
2022,24115,offspeed,0.033294159733075444
2022,24117,breaking,-0.04733350753897851
2022,24117,fastball,-0.13103390900107342
2022,24117,offspeed,-0.008693909547975645
2022,24118,breaking,0.04348557989850229
2022,24118,fastball,0.0249599425853186
2022,24118,offspeed,-0.01655791912011741
2022,24126,breaking,0.03380552093394946
2022,24126,fastball,0.11057621841096665
2022,24126,offspeed,0.043637826463671245
2022,24129,breaking,-0.04424168479125776
2022,24129,fastball,0.0010563369651520528
2022,24129,offspeed,-0.05516305701972245
2022,24131,fastball,0.020803972470342654
2022,24133,breaking,-0.051959687667778434
2022,24133,fastball,0.033659844235128286
2022,24133,offspeed,-0.054947344575080076
2022,24136,breaking,-0.0072545728017017405
2022,24136,fastball,0.021861872713311328
2022,24136,offspeed,-0.02271316036899789
2022,24140,breaking,-0.01305656207631851
2022,24140,fastball,0.06172315318500722
2022,24140,offspeed,0.07385390894133911
2022,24146,breaking,-0.11298484358137253
2022,24146,fastball,-0.028260839760437726
2022,24146,offspeed,0.02932174550739841
2022,24147,breaking,0.029779903049225634
2022,24147,fastball,0.0023814637035675054
2022,24147,offspeed,-0.03295271692041094
2022,24151,breaking,-0.02636217353632875
2022,24151,fastball,-0.0626246372625875
2022,24151,offspeed,-0.023590982707732966
2023,20700,breaking,-0.03300245812206095
2023,20700,fastball,0.06909337081165942
2023,20700,offspeed,-0.015897348352370593
2023,20938,breaking,-0.05548209002099276
2023,20938,fastball,0.07304412131955107
2023,20938,offspeed,-0.005283198291796661
2023,21095,breaking,-0.01202434793715752
2023,21095,fastball,0.05391916355712019
2023,21095,offspeed,-0.040194788560182985
2023,21170,breaking,-0.008457466128538064
2023,21170,fastball,0.00298191720397439
2023,21170,offspeed,-0.0005130785109942542
2023,21178,breaking,-0.010277041154605331
2023,21178,fastball,0.06460102414159194
2023,21178,offspeed,-0.037211648442218935
2023,21279,breaking,-0.05222430618928732
2023,21279,fastball,0.025818983183222503
2023,21279,offspeed,0.03264675053192928
2023,21372,breaking,-0.08147411488216101
2023,21372,fastball,-0.012059839643887536
2023,21372,offspeed,-0.003997401576121022
2023,21402,breaking,0.06633999298603215
2023,21402,fastball,0.10510303607918078
2023,21402,offspeed,0.093160993881012
2023,21414,breaking,0.021972775403912292
2023,21414,fastball,0.048558419208041076
2023,21414,offspeed,0.002384283897402771
2023,21415,breaking,-0.09111616528026957
2023,21415,fastball,-0.018339120393916372
2023,21415,offspeed,-0.004775789182499682
2023,21432,breaking,-0.09881638108006892
2023,21432,fastball,0.011680234176118338
2023,21432,offspeed,0.026852965404887512
2023,21441,breaking,-0.05562864082689779
2023,21441,fastball,0.050640624364251326
2023,21441,offspeed,0.005651180496573637
2023,21549,breaking,0.04392142825531082
2023,21549,fastball,0.18849473511435622
2023,21549,offspeed,-0.013693145446787484
2023,21558,breaking,-0.020296961252192883
2023,21558,fastball,0.011349466469984689
2023,21558,offspeed,0.0865270393262022
2023,21571,breaking,0.04302040810395921
2023,21571,fastball,0.008447876324455653
2023,21571,offspeed,0.011555822252182506
2023,21587,breaking,0.004750609683832402
2023,21587,fastball,-0.017946641712042386
2023,21587,offspeed,-0.006781058364071724
2023,21588,breaking,-0.015600097388997558
2023,21588,fastball,0.0006988769360707633
2023,21588,offspeed,-0.034261770541171827
2023,21595,breaking,-0.10403952812779892
2023,21595,fastball,-0.04291224092905299
2023,21595,offspeed,-0.022227797182698943
2023,21622,breaking,0.006389507918180032
2023,21622,fastball,0.07723161713935774
2023,21622,offspeed,0.008252108357964067
2023,21624,fastball,-0.022080755152229768
2023,21654,breaking,-0.05058645072822396
2023,21654,fastball,0.029862546852352
2023,21654,offspeed,0.018809931828297818
2023,21690,breaking,0.0038208450356752195
2023,21690,fastball,0.029974948472528625
2023,21690,offspeed,-0.019248001408288876
2023,21699,breaking,-0.005576328659889788
2023,21699,fastball,-0.016303835253702763
2023,21699,offspeed,-0.01465061574579673
2023,21733,breaking,-0.055483704996106005
2023,21733,fastball,0.02817223008953682
2023,21733,offspeed,-0.04967087253103796
2023,21754,breaking,-0.025799411827360716
2023,21754,fastball,0.00493621135769111
2023,21754,offspeed,0.010683224462420126
2023,21789,breaking,-0.08198604841903907
2023,21789,fastball,0.03342296483185707
2023,21789,offspeed,-0.027995665843989832
2023,21795,breaking,-0.09795208180922772
2023,21795,fastball,-0.02171547271162684
2023,21795,offspeed,-0.03469394969762115
2023,21813,breaking,-0.023895928827151813
2023,21813,fastball,0.05284544766080346
2023,21813,offspeed,-0.051283279007750836
2023,21830,breaking,-0.008147175939833155
2023,21830,fastball,0.12513538232179613
2023,21830,offspeed,0.002376027599714234
2023,21840,breaking,-0.042056502099509306
2023,21840,fastball,0.02023547572550831
2023,21840,offspeed,-0.053925411978932435
2023,21857,breaking,0.006906706977982813
2023,21857,fastball,0.012030938209535085
2023,21874,breaking,0.07635971323369165
2023,21874,fastball,0.06877879163315333
2023,21874,offspeed,0.04588510706540065
2023,21875,breaking,-0.005797880726290847
2023,21875,fastball,-0.020548981439055508
2023,21875,offspeed,0.02147953833688571
2023,21916,breaking,-0.043107098127633345
2023,21916,fastball,0.0389801624512948
2023,21916,offspeed,0.056504681260552976
2023,21936,breaking,-0.027918962152099706
2023,21936,fastball,0.005488671386867455
2023,21936,offspeed,-0.044162684722754246
2023,21940,breaking,-0.02384977263159192
2023,21940,fastball,0.09191098358249349
2023,21940,offspeed,0.003347313151265449
2023,21943,breaking,-0.019351148093122345
2023,21943,fastball,-0.0605928639205514
2023,21943,offspeed,-0.03529886845611402
2023,21955,breaking,-0.005465659286166027
2023,21955,fastball,0.013930467652630079
2023,21955,offspeed,0.0714726870403696
2023,21961,breaking,-0.045874031588453795
2023,21961,fastball,0.055600681504714124
2023,21961,offspeed,0.03383274968815345
2023,21978,breaking,0.004559593557218148
2023,21978,fastball,0.05673515109778789
2023,21978,offspeed,-0.0303387443878579
2023,21991,breaking,-0.028911384642085737
2023,21991,fastball,-0.04246156842263563
2023,21991,offspeed,-0.007678618178515705
2023,21994,breaking,0.00622497692929409
2023,21994,fastball,-0.008617570778808864
2023,21994,offspeed,0.017439615379411768
2023,21998,breaking,-0.058323651551135856
2023,21998,fastball,0.06945941554990424
2023,21998,offspeed,-0.02762924304272723
2023,22007,breaking,0.04296227437076859
2023,22007,fastball,0.03349610418027195
2023,22007,offspeed,0.08816697052076444
2023,22015,breaking,-0.09212657717685364
2023,22015,fastball,-0.10038214953334486
2023,22015,offspeed,-0.0854336217591715
2023,22028,breaking,-0.04977320728907395
2023,22028,fastball,0.0229882893603135
2023,22028,offspeed,-0.06253914140983113
2023,22029,breaking,0.017348944685184425
2023,22029,fastball,0.058783170108844957
2023,22029,offspeed,0.0002621194066820488
2023,22094,breaking,-0.0781445400740357
2023,22094,fastball,-0.11282054142313169
2023,22094,offspeed,-0.05567050001449654
2023,22099,breaking,0.0031576577224254193
2023,22099,fastball,-0.054681892752824625
2023,22099,offspeed,-0.07917994859471211
2023,22110,breaking,0.051915815444303084
2023,22110,fastball,0.02448144465863398
2023,22110,offspeed,0.015633184556921087
2023,22118,breaking,-0.1578108997803159
2023,22118,fastball,-0.01994212536096568
2023,22118,offspeed,-0.004185451710846249
2023,22123,breaking,-0.035741096445252564
2023,22123,fastball,0.09575878214596742
2023,22123,offspeed,-0.03599693853075283
2023,22131,breaking,0.01571723250837219
2023,22131,fastball,0.14921593959624388
2023,22131,offspeed,0.1820483559528622
2023,22136,breaking,-0.03889261846120411
2023,22136,fastball,-0.046213030058519726
2023,22136,offspeed,-0.06970682232382397
2023,22143,breaking,-0.0724337459587408
2023,22143,fastball,-0.008072176755378925
2023,22143,offspeed,0.02983438471360302
2023,22154,breaking,-0.01316786524302787
2023,22154,fastball,0.010689227736172004
2023,22154,offspeed,0.00089176326696003
2023,22156,breaking,-0.03058584274960143
2023,22156,fastball,0.01902158880175614
2023,22156,offspeed,-0.0031885824756288307
2023,22163,breaking,-0.043334136840496536
2023,22163,fastball,0.09018897961585537
2023,22163,offspeed,0.007313819406828671
2023,22180,breaking,0.0442054690453245
2023,22180,fastball,0.02168954979553149
2023,22180,offspeed,0.011392362193275342
2023,22192,breaking,-0.04163870098489442
2023,22192,fastball,-0.0415484207880843
2023,22192,offspeed,-0.05353003985086023
2023,22201,breaking,-0.06573067027731352
2023,22201,fastball,0.048563512328195536
2023,22201,offspeed,-0.060666629625432254
2023,22203,breaking,-0.0020736258390265127
2023,22203,fastball,0.00837625067658454
2023,22205,breaking,0.04102627919041884
2023,22205,fastball,0.055994716295179485
2023,22205,offspeed,0.011572818793037856
2023,22220,breaking,0.027282185639211618
2023,22220,fastball,-0.038874092226834515
2023,22220,offspeed,-0.024163096877446343
2023,22231,breaking,0.06469390306468727
2023,22231,fastball,0.06483774886111256
2023,22231,offspeed,0.022593023715226396
2023,22233,breaking,-0.0542744153995408
2023,22233,fastball,-0.04465243968800163
2023,22233,offspeed,-0.008477908406632572
2023,22234,breaking,0.02338114388197822
2023,22234,fastball,-0.017119011902303076
2023,22234,offspeed,-0.06111865885387344
2023,22249,breaking,-0.03715662911858909
2023,22249,fastball,-0.011911799049285922
2023,22249,offspeed,-0.0045319724188252804
2023,22250,breaking,-0.025518040473175078
2023,22250,fastball,-0.0010300361854395461
2023,22250,offspeed,-0.0105754166073209
2023,22253,breaking,0.03257235753780093
2023,22253,fastball,0.01870212576807451
2023,22253,offspeed,0.02173132236383999
2023,22254,breaking,0.06214070965601665
2023,22254,fastball,0.05873841556710975
2023,22254,offspeed,-0.0018339424453139898
2023,22261,breaking,0.05174841164886413
2023,22261,fastball,-0.004101016372725361
2023,22261,offspeed,-0.008447064635287202
2023,22277,breaking,-0.0943079156219391
2023,22277,fastball,-0.0058843587447460766
2023,22277,offspeed,-0.05352073358817008
2023,22278,breaking,-0.1206481041407161
2023,22278,fastball,-0.06738413234393838
2023,22278,offspeed,-0.01341128572690697
2023,22280,breaking,-0.08631224613038052
2023,22280,fastball,-0.03883259509346113
2023,22280,offspeed,0.004937206980180743
2023,22292,breaking,-0.00182544914556948
2023,22292,fastball,-0.028417663365270854
2023,22292,offspeed,-0.007864760708761801
2023,22293,breaking,-0.00866613536359651
2023,22293,fastball,0.027564098579575747
2023,22293,offspeed,-0.08555542509508497
2023,22302,breaking,-0.04664745339867805
2023,22302,fastball,-0.02961499560673024
2023,22302,offspeed,-0.002636976182252217
2023,22305,breaking,-0.08493883637975856
2023,22305,fastball,-0.0292424472236394
2023,22309,breaking,0.04125850114950248
2023,22309,fastball,0.13093993676102908
2023,22309,offspeed,0.017759607667729438
2023,22311,breaking,-0.036456655301530735
2023,22311,fastball,-0.01751069298365499
2023,22311,offspeed,0.0011596363551186833
2023,22312,breaking,-0.0684158979359014
2023,22312,fastball,-0.04665625103874871
2023,22312,offspeed,-0.02436600635940496
2023,22318,breaking,0.0693411270601275
2023,22318,fastball,0.0070775533570400055
2023,22318,offspeed,-0.013566846059978464
2023,22321,breaking,0.04447757714104042
2023,22321,fastball,0.07020165635947578
2023,22321,offspeed,0.01676486879132396
2023,22332,breaking,-0.008457466128538064
2023,22332,fastball,-0.056660307054048176
2023,22335,breaking,-0.037195179872784534
2023,22335,fastball,0.0015930151897207562
2023,22335,offspeed,0.006089227294176591
2023,22345,fastball,-0.009320998616918796
2023,22345,offspeed,-0.024566925420991516
2023,22349,breaking,-0.03381965758505826
2023,22349,fastball,-0.012742963919015244
2023,22368,breaking,-0.034922801740835195
2023,22368,fastball,-0.051728275401527815
2023,22368,offspeed,-0.014434829829480526
2023,22380,breaking,-0.012564605619683783
2023,22380,fastball,0.005239219532634247
2023,22380,offspeed,-0.01648580408234026
2023,22389,breaking,0.02761241820699772
2023,22389,fastball,0.07260130067699537
2023,22389,offspeed,0.023917110810447464
2023,22397,breaking,-0.003077217677674761
2023,22397,fastball,0.05319602606539857
2023,22397,offspeed,-0.026577182019097277
2023,22404,breaking,0.026705010714599655
2023,22404,fastball,0.09535110929551421
2023,22404,offspeed,-0.01751344891599902
2023,22414,fastball,0.04638634180420924
2023,22414,offspeed,0.009632205667345576
2023,22419,breaking,-0.04831834223720499
2023,22419,fastball,0.04046328660994342
2023,22419,offspeed,-0.008725055450537046
2023,22427,breaking,-0.019833553625732633
2023,22427,fastball,0.06991740533883221
2023,22427,offspeed,-0.02837384085040249
2023,22428,breaking,-0.025185501134255835
2023,22428,fastball,0.00942630374614744
2023,22428,offspeed,-0.0008637261566596352
2023,22435,breaking,-0.014338874362766403
2023,22435,fastball,0.11815269194163858
2023,22435,offspeed,0.024423928869845728
2023,22458,breaking,0.03954107539805553
2023,22458,fastball,0.03345983974101247
2023,22458,offspeed,-0.07453785284421513
2023,22469,breaking,-0.08966961098643883
2023,22469,fastball,-0.02126008103679157
2023,22469,offspeed,-0.01976984386098357
2023,22473,breaking,-0.036309558718801586
2023,22473,fastball,-0.007752253443750411
2023,22473,offspeed,-0.08959667460862905
2023,22478,breaking,-0.06650226778865584
2023,22478,fastball,-0.08106694003383821
2023,22487,breaking,-0.10695157155737717
2023,22487,fastball,-0.04399422987748656
2023,22487,offspeed,-0.06468315443753359
2023,22491,breaking,0.02942008341380606
2023,22491,fastball,0.043313496761308086
2023,22491,offspeed,-0.06591127884687636
2023,22505,breaking,-0.03274495504616354
2023,22505,fastball,-0.016610582614143925
2023,22505,offspeed,-0.03276863729186701
2023,22508,breaking,-0.027341342726797547
2023,22508,fastball,0.015279043962653071
2023,22508,offspeed,0.06540989853754672
2023,22525,breaking,-0.04156585939928085
2023,22525,fastball,-0.018699081394946377
2023,22525,offspeed,-0.03208750803048831
2023,22539,breaking,-0.04783077684968186
2023,22539,fastball,-0.06927586290353302
2023,22539,offspeed,-0.02291009062213624
2023,22540,breaking,0.010116147359876926
2023,22540,fastball,0.024262127566220322
2023,22540,offspeed,-0.03154931930124876
2023,22541,breaking,-0.07797269896025386
2023,22541,fastball,-0.03617908369960923
2023,22541,offspeed,-0.008439671556020115
2023,22547,breaking,-0.0877102207968834
2023,22547,fastball,-0.034786142867317814
2023,22547,offspeed,-0.006091251069970321
2023,22548,breaking,-0.03432194984875283
2023,22548,fastball,0.04578219404695154
2023,22548,offspeed,0.015328104663472354
2023,22551,breaking,-0.03924713917586334
2023,22551,fastball,-0.047342529313935136
2023,22551,offspeed,-0.006781058364071724
2023,22575,breaking,-0.00958628206066322
2023,22575,fastball,0.020504217218163534
2023,22575,offspeed,-0.04081715307656649
2023,22579,breaking,-0.01573586825156254
2023,22579,fastball,0.018240400969412082
2023,22579,offspeed,-0.017946641712042386
2023,22583,breaking,-0.04314795232879031
2023,22583,fastball,-0.0008999743781262315
2023,22583,offspeed,-0.08013528210530729
2023,22592,breaking,-0.0725183482730042
2023,22592,fastball,-0.0013304090920560146
2023,22592,offspeed,-0.008351737334255167
2023,22595,breaking,-0.03831572408544493
2023,22595,fastball,-0.0521632896983441
2023,22595,offspeed,-0.010769584063760112
2023,22596,breaking,0.06866378788534472
2023,22596,fastball,0.1002100274594934
2023,22596,offspeed,0.028464372880544903
2023,22597,breaking,-0.04282624187859856
2023,22597,fastball,-0.10656295752092858
2023,22597,offspeed,-0.0659184588834755
2023,22598,breaking,0.03807236229301313
2023,22598,fastball,-0.01333132637191926
2023,22598,offspeed,0.019724892688271423
2023,22615,breaking,-0.06672382692818529
2023,22615,fastball,0.041853273509726806
2023,22615,offspeed,0.04170300837370501
2023,22617,breaking,-0.04509077190644681
2023,22617,fastball,0.01654216374426987
2023,22617,offspeed,-0.04577358142529121
2023,22621,breaking,-0.08700175592488378
2023,22621,fastball,0.028740814359977235
2023,22621,offspeed,0.028221201468258617
2023,22622,breaking,-0.08188390535125929
2023,22622,fastball,-0.03756192510823801
2023,22622,offspeed,0.01703470521240414
2023,22624,breaking,-0.04015359418862649
2023,22624,fastball,-0.007712732452838611
2023,22624,offspeed,-0.05629036309305647
2023,22640,breaking,-0.028103646533233557
2023,22640,fastball,-0.12001651925108305
2023,22640,offspeed,-0.042015235445086514
2023,22651,breaking,-0.027491391758807472
2023,22651,fastball,-0.029919147509221637
2023,22651,offspeed,-0.007160422200103254
2023,22666,breaking,-0.027700979964128635
2023,22666,fastball,-0.037253522293297224
2023,22666,offspeed,-0.016489576428413918
2023,22667,breaking,-0.11095160137332054
2023,22667,fastball,-0.01491350147614566
2023,22667,offspeed,0.049333016984328314
2023,22668,breaking,0.01350193596610866
2023,22668,fastball,0.0371775666372449
2023,22668,offspeed,-0.01249145056793464
2023,22675,breaking,0.025204766861084145
2023,22675,fastball,0.011623988596368937
2023,22675,offspeed,0.033538041702471835
2023,22703,breaking,-0.10452214281071177
2023,22703,fastball,0.030360764242760806
2023,22703,offspeed,-0.009430118270834485
2023,22708,breaking,-0.02365067366258402
2023,22708,fastball,0.01229640120719464
2023,22708,offspeed,-0.03050948351032398
2023,22710,breaking,0.016512014237683552
2023,22710,fastball,0.05731325261602496
2023,22710,offspeed,-0.03694072541298603
2023,22717,breaking,-0.12242315190395517
2023,22717,fastball,-0.062303182525875696
2023,22717,offspeed,0.024384568834254418
2023,22720,breaking,0.021571844428502938
2023,22720,fastball,0.019994159248876053
2023,22720,offspeed,-0.02156627560085376
2023,22721,breaking,-0.03648419287699012
2023,22721,fastball,0.03261966908725631
2023,22721,offspeed,0.05568959459317804
2023,22722,breaking,-0.005260537632529367
2023,22722,fastball,0.025709250836995514
2023,22729,breaking,-0.06424761292929687
2023,22729,fastball,0.02535679814208687
2023,22729,offspeed,-0.03464862587716894
2023,22730,breaking,0.045998113593262384
2023,22730,fastball,0.015615418949881736
2023,22730,offspeed,0.05371056184430434
2023,22731,breaking,0.011025524549327594
2023,22731,fastball,0.020558872099374938
2023,22731,offspeed,0.010566624284913291
2023,22734,breaking,-0.05578920425950899
2023,22734,fastball,-0.015541234870350699
2023,22734,offspeed,0.004426906570432157
2023,22735,breaking,-0.05392076807569588
2023,22735,fastball,0.02874840424018476
2023,22735,offspeed,-0.044927942065031964
2023,22738,breaking,-0.008764634906222665
2023,22738,fastball,0.02292711032894517
2023,22738,offspeed,-0.031062549903439714
2023,22741,breaking,0.015290331960124056
2023,22741,fastball,0.06403970748542077
2023,22741,offspeed,0.021652484829191927
2023,22742,breaking,-0.004550352127249534
2023,22742,fastball,-0.0017454029385449044
2023,22742,offspeed,-0.01704031365344701
2023,22743,breaking,0.04530911289819012
2023,22743,fastball,0.0016305871747735988
2023,22743,offspeed,0.012612438667816693
2023,22759,breaking,-0.012827315963794009
2023,22759,fastball,0.0046097284605373014
2023,22759,offspeed,-0.028807366561020047
2023,22761,breaking,0.015521173415300522
2023,22761,fastball,0.04781729710464654
2023,22761,offspeed,0.0060280431590795285
2023,22772,breaking,-0.03905093625516343
2023,22772,fastball,0.02825877374504339
2023,22772,offspeed,-0.05124463230308395
2023,22776,breaking,-0.017369345998512857
2023,22776,fastball,0.03758204815714353
2023,22776,offspeed,-0.037021609008015446
2023,22782,breaking,-0.06330237943500512
2023,22782,fastball,0.011387939556318033
2023,22782,offspeed,0.009462489233329601
2023,22784,breaking,-0.06183297263572426
2023,22784,fastball,-0.01659346275811661
2023,22785,breaking,-0.04990696259886772
2023,22785,fastball,-0.006600110904459087
2023,22785,offspeed,-0.009060060630451457
2023,22786,breaking,0.018111699419611035
2023,22786,fastball,0.015350900522334865
2023,22786,offspeed,-0.011642832939118417
2023,22795,breaking,0.007718874727740689
2023,22795,fastball,0.013604710420079555
2023,22795,offspeed,0.007473515217425321
2023,22810,breaking,-0.003551420901425247
2023,22810,fastball,0.037925501084802554
2023,22810,offspeed,-0.0009560747774779011
2023,22815,breaking,-0.012004526959661563
2023,22815,fastball,0.016845851769651785
2023,22820,breaking,-0.12081083225456976
2023,22820,fastball,-0.0795969388217751
2023,22820,offspeed,-0.08658448095639507
2023,22821,breaking,-0.03307936325030691
2023,22821,fastball,0.021444843092141362
2023,22821,offspeed,-0.07080653869736116
2023,22834,breaking,-0.06043062585309788
2023,22834,fastball,-0.04979756925476835
2023,22834,offspeed,-0.028093578798668833
2023,22836,breaking,-0.04554633555302781
2023,22836,fastball,-0.05448416654797514
2023,22836,offspeed,0.024534621244491628
2023,22840,breaking,-0.08369733373774661
2023,22840,fastball,-0.008429919956559902
2023,22840,offspeed,-0.007621267464763271
2023,22851,breaking,-0.021981968875856323
2023,22851,fastball,-0.01786538138158733
2023,22851,offspeed,0.008852476847305607
2023,22867,breaking,-0.039497405848509415
2023,22867,fastball,-0.01645710556437253
2023,22867,offspeed,-0.008693909547975645
2023,22869,breaking,-0.1533191709804543
2023,22869,fastball,-0.07535326772482086
2023,22869,offspeed,-0.010111294399683873
2023,22870,fastball,0.050977054536456935
2023,22870,offspeed,0.015869666910093738
2023,22881,breaking,-0.0020736258390265127
2023,22881,fastball,0.043177551061191574
2023,22881,offspeed,-0.008477908406632572
2023,22890,breaking,-0.040760673018835875
2023,22890,fastball,-0.009318266881713671
2023,22890,offspeed,-0.02423674985710558
2023,22893,fastball,0.00517175500626961
2023,22899,breaking,-0.004547365629528076
2023,22899,fastball,-0.005245633763041779
2023,22899,offspeed,-0.0018627040555185838
2023,22901,breaking,-0.029016727617256613
2023,22901,fastball,0.001346098952447612
2023,22901,offspeed,0.008099729281285476
2023,22904,breaking,-0.11184713214121718
2023,22904,fastball,-0.01357917490831403
2023,22904,offspeed,-0.004461701593505528
2023,22905,breaking,0.0258275232077602
2023,22905,fastball,0.03190498681624278
2023,22905,offspeed,-0.06290644923750636
2023,22908,breaking,0.02204829840195867
2023,22908,fastball,0.0526165541771919
2023,22908,offspeed,0.04694349780375409
2023,22911,breaking,-0.013657402582904455
2023,22911,fastball,0.06477220561031156
2023,22911,offspeed,-0.10601352133163627
2023,22915,breaking,0.012818300907483024
2023,22915,fastball,-0.03421231247898634
2023,22915,offspeed,-0.03432194984875283
2023,22922,breaking,-0.05831252726156052
2023,22922,fastball,-0.08636954074555384
2023,22922,offspeed,-0.015141683977396335
2023,22923,breaking,-0.018915742582480875
2023,22923,fastball,-0.07500652084442903
2023,22925,breaking,-0.029847371191665636
2023,22925,fastball,0.004617899372402257
2023,22925,offspeed,0.006253862718790243
2023,22926,breaking,-0.06299354193674232
2023,22926,fastball,-0.047209244187429666
2023,22926,offspeed,0.0006964995941796513
2023,22932,breaking,0.029520080856846365
2023,22932,fastball,0.018344870729309133
2023,22932,offspeed,-0.03967547009076742
2023,22933,breaking,0.013951530571471957
2023,22933,fastball,-0.03200189164668254
2023,22933,offspeed,-0.023846243949605682
2023,22960,breaking,0.028146265275073856
2023,22960,fastball,-0.00722609715393337
2023,22960,offspeed,0.02573270123315004
2023,22964,breaking,-0.009873714881456302
2023,22964,fastball,0.02693817205928526
2023,22964,offspeed,0.022662851075882756
2023,22978,breaking,-0.08101510998603202
2023,22978,fastball,-0.039290593688636924
2023,22978,offspeed,-0.07087655898646221
2023,22985,breaking,-0.008276889698682916
2023,22985,fastball,0.032355279009401744
2023,22985,offspeed,0.02270074833694939
2023,22996,breaking,0.02331041984603148
2023,22996,fastball,0.08713845998364926
2023,22996,offspeed,0.001125619359050506
2023,23005,breaking,-0.06406417567648179
2023,23005,fastball,-0.03663557658023258
2023,23005,offspeed,-0.002841194156150368
2023,23023,breaking,-0.06878319941798557
2023,23023,fastball,-0.000630885278057856
2023,23024,breaking,0.012752111692894934
2023,23024,fastball,-0.05148845443984444
2023,23030,breaking,-0.06331514007647945
2023,23030,fastball,-0.05268225683983023
2023,23030,offspeed,-0.09998908605171393
2023,23035,breaking,-0.11658965570143354
2023,23035,fastball,-0.0150062878040804
2023,23035,offspeed,-0.023847218431585087
2023,23041,breaking,0.015350900522334865
2023,23041,fastball,0.011192774913373628
2023,23041,offspeed,0.018111699419611035
2023,23043,breaking,-0.02182840259834495
2023,23043,fastball,0.02166672996688442
2023,23043,offspeed,-0.07210318241133287
2023,23047,breaking,-0.05903425073078162
2023,23047,fastball,-0.01752980042099815
2023,23047,offspeed,-0.03015194670235133
2023,23053,breaking,-0.05385401336530658
2023,23053,fastball,-0.08589382670833288
2023,23053,offspeed,-0.053171317273457405
2023,23054,breaking,-0.04386764052530528
2023,23054,fastball,0.014560395876986695
2023,23054,offspeed,-0.05317820331086683
2023,23082,breaking,0.038865733849646596
2023,23082,fastball,0.03154079185256518
2023,23082,offspeed,0.015160892066655047
2023,23090,breaking,-0.020377524005610874
2023,23090,fastball,0.04096075615864446
2023,23090,offspeed,-0.019671950957799833
2023,23091,breaking,-0.028763300580388965
2023,23091,fastball,-0.04892435710325946
2023,23092,breaking,-0.03569213958805211
2023,23092,fastball,-0.04725955171097781
2023,23092,offspeed,-0.049379779292593164
2023,23094,breaking,-0.03906571225556196
2023,23094,fastball,0.07388557801429499
2023,23094,offspeed,-0.03908337763467359
2023,23097,breaking,-0.06010419529705391
2023,23097,fastball,-0.11559206017902811
2023,23097,offspeed,-0.0299423301697566
2023,23101,breaking,-0.02360810185080107
2023,23101,fastball,-0.07583473061451285
2023,23101,offspeed,0.025738456259033385
2023,23105,breaking,-0.008497620990640763
2023,23105,fastball,-0.01826516924100646
2023,23105,offspeed,-0.02102125879777938
2023,23110,breaking,-0.04374769781943369
2023,23110,fastball,-0.004027485311329824
2023,23110,offspeed,-0.03622894712233805
2023,23112,breaking,0.020940052008906442
2023,23112,fastball,0.0719833032885334
2023,23112,offspeed,-0.028874416448397888
2023,23115,breaking,-0.026084052486606845
2023,23115,fastball,-0.05445914960343217
2023,23115,offspeed,-0.011345207729059389
2023,23116,fastball,0.026299223737025444
2023,23117,breaking,0.0024866994196110354
2023,23117,fastball,0.03824526438988225
2023,23117,offspeed,-0.019110255389656675
2023,23122,breaking,-0.09289186867583242
2023,23122,fastball,0.0348516542687851
2023,23122,offspeed,-0.005545011931190136
2023,23137,breaking,-0.0037487125603246265
2023,23137,fastball,-0.006925294776944348
2023,23137,offspeed,-0.006232062637034258
2023,23139,breaking,-0.017227662766504236
2023,23139,fastball,0.0005756256203237532
2023,23139,offspeed,0.0025854316099353293
2023,23145,breaking,-0.009308208116442144
2023,23145,fastball,0.003176931410950896
2023,23145,offspeed,-0.036797667411251414
2023,23150,breaking,0.00213390461652987
2023,23150,fastball,0.050385819281797604
2023,23151,breaking,-0.05035609579483604
2023,23151,fastball,0.007524781950706738
2023,23151,offspeed,-0.01753249516125378
2023,23154,breaking,0.015223308046474763
2023,23154,fastball,-0.03982069963038648
2023,23154,offspeed,-0.0033813164491717706
2023,23157,breaking,-0.011642832939118417
2023,23157,fastball,-0.02390702088721415
2023,23157,offspeed,-0.0008637261566596352
2023,23158,breaking,-0.015318097480270312
2023,23158,fastball,0.03722156869693744
2023,23158,offspeed,-0.0016540456021724036
2023,23175,breaking,-0.01119057210452022
2023,23175,fastball,-0.0456061777295984
2023,23175,offspeed,-0.008635664112400798
2023,23177,breaking,0.009933623500883136
2023,23177,fastball,0.06663289356510045
2023,23177,offspeed,-0.012003604467038922
2023,23182,breaking,0.027196875086125494
2023,23182,fastball,0.01330714319646011
2023,23182,offspeed,-0.009236926223670908
2023,23190,breaking,-0.03656731143171888
2023,23190,fastball,-0.03331307508433526
2023,23190,offspeed,-0.05883721586755237
2023,23194,breaking,-0.0016194673432840115
2023,23194,fastball,-0.012587601519517946
2023,23194,offspeed,0.001346098952447612
2023,23204,breaking,-0.0716518475798218
2023,23204,fastball,-0.039632674094294856
2023,23204,offspeed,-0.04349162255781936
2023,23206,breaking,-0.03510420153395765
2023,23206,fastball,0.01834301269029857
2023,23206,offspeed,-0.010580210644463075
2023,23225,breaking,-0.1603582294247146
2023,23225,fastball,-0.03118810987967309
2023,23225,offspeed,0.015147246114065692
2023,23229,breaking,-0.03447486630440511
2023,23229,fastball,0.032534747079002106
2023,23229,offspeed,-0.0732206240965899
2023,23231,breaking,-0.04870851577640707
2023,23231,fastball,0.006036543322769472
2023,23231,offspeed,-0.05091456455442787
2023,23232,breaking,-0.03198459207136587
2023,23232,fastball,0.00038775694881832437
2023,23232,offspeed,-0.004545545918485982
2023,23235,breaking,0.02634424708365171
2023,23235,fastball,0.13474624879321115
2023,23235,offspeed,0.03662484620659945
2023,23236,breaking,0.026755849230986867
2023,23236,fastball,-0.014487594736747923
2023,23236,offspeed,0.022369495969323354
2023,23238,breaking,-0.03579476811816653
2023,23238,fastball,-0.004388915664228336
2023,23238,offspeed,-0.07129216957928987
2023,23240,breaking,-0.0011457360288772576
2023,23240,fastball,0.028677989014377698
2023,23240,offspeed,-0.003965781227745338
2023,23257,breaking,-0.01749570200052668
2023,23257,fastball,0.03715878282885507
2023,23257,offspeed,-0.034092805034614065
2023,23258,breaking,-0.0771862338195302
2023,23258,fastball,-0.08915526934259022
2023,23258,offspeed,-0.008473135006229288
2023,23260,breaking,-0.015147800683909633
2023,23260,fastball,-0.05093075790495098
2023,23260,offspeed,-0.04933856541328687
2023,23262,breaking,-0.018175887085287917
2023,23262,fastball,0.005471526052639845
2023,23262,offspeed,-0.0020468548272234003
2023,23267,breaking,0.04489660701199355
2023,23267,fastball,0.027009309333702478
2023,23267,offspeed,-0.008477908406632572
2023,23284,breaking,0.020417873937902956
2023,23284,fastball,0.007788159694088881
2023,23284,offspeed,0.005209511305666097
2023,23286,breaking,-0.00634611767395016
2023,23286,fastball,0.03322089879392068
2023,23288,breaking,0.03786179454650839
2023,23288,fastball,0.05511013883898676
2023,23288,offspeed,-0.039604509463429416
2023,23289,breaking,-0.0863388813552898
2023,23289,fastball,0.04655625691553403
2023,23289,offspeed,-0.026604589740427086
2023,23293,breaking,0.007003092263142727
2023,23293,fastball,0.0395680239206188
2023,23293,offspeed,0.03843163228364358
2023,23294,breaking,-0.01417382966758992
2023,23294,fastball,-0.02380717342807572
2023,23294,offspeed,0.016611030053628514
2023,23302,breaking,-0.1413298034823338
2023,23302,fastball,-0.05348857761477621
2023,23302,offspeed,-0.012742963919015244
2023,23306,breaking,0.013505896388445243
2023,23306,fastball,0.02117432465778963
2023,23306,offspeed,-0.00437446571246187
2023,23307,breaking,-0.06388788261480322
2023,23307,fastball,-0.02526498103451754
2023,23307,offspeed,-0.026631349917589857
2023,23312,breaking,-0.05712934321551125
2023,23312,fastball,0.03903884155262485
2023,23312,offspeed,0.006683951074303972
2023,23314,breaking,-0.083612599387153
2023,23314,fastball,-0.051334144033905973
2023,23314,offspeed,-0.019110255389656675
2023,23331,breaking,-0.0318257837839909
2023,23331,fastball,-0.03590849392495221
2023,23331,offspeed,-0.02481705062910526
2023,23332,breaking,-0.03270700449157742
2023,23332,fastball,-0.03644609835339458
2023,23332,offspeed,-0.02291009062213624
2023,23334,breaking,-0.016648977658439257
2023,23334,fastball,0.015595617627006161
2023,23334,offspeed,-0.0240901498972093
2023,23336,breaking,0.05226478473856493
2023,23336,fastball,0.002060580862237718
2023,23336,offspeed,0.019598911315370657
2023,23342,breaking,0.03959133494116313
2023,23342,fastball,0.0008614243895891056
2023,23342,offspeed,-0.02604813405826707
2023,23343,fastball,-0.023487951142492983
2023,23343,offspeed,-0.011489976811972485
2023,23347,breaking,-0.009006535987367432
2023,23347,fastball,0.09828466666526943
2023,23347,offspeed,0.022217809553629723
2023,23348,offspeed,-0.0003056419762286211
2023,23360,breaking,0.004438252783627002
2023,23360,fastball,-0.04884862747996889
2023,23360,offspeed,0.003314811725284335
2023,23361,breaking,-0.03322733104375168
2023,23361,fastball,-0.006728160702057974
2023,23361,offspeed,-0.011370482669729022
2023,23362,breaking,-0.03510928821111491
2023,23362,fastball,0.008006731098885733
2023,23362,offspeed,-0.0013176220490506276
2023,23363,breaking,-0.04620949815098913
2023,23363,fastball,-0.003962407554735461
2023,23363,offspeed,-0.009002478648853202
2023,23366,breaking,0.004668960876480331
2023,23366,fastball,-0.030437806965481123
2023,23366,offspeed,-0.021418660812778142
2023,23369,breaking,-0.032822678520487196
2023,23369,fastball,-0.028312556285529988
2023,23369,offspeed,-0.005209506355788942
2023,23383,breaking,-0.10683868905928637
2023,23383,fastball,0.019869820830882817
2023,23383,offspeed,0.0051933544194834955
2023,23384,breaking,-0.035497327448830086
2023,23384,fastball,-0.09358880146296818
2023,23384,offspeed,0.01454350975548241
2023,23385,breaking,-0.016597282583349877
2023,23385,fastball,-0.08405815066672176
2023,23385,offspeed,-0.013935559921060242
2023,23411,breaking,-0.05696629652864794
2023,23411,fastball,0.05476458565880426
2023,23411,offspeed,0.005373856708735971
2023,23414,breaking,0.0004501352656055651
2023,23414,fastball,0.009743247929083149
2023,23414,offspeed,-0.06473218699452304
2023,23415,breaking,0.04670665624380479
2023,23415,fastball,0.13506071139300888
2023,23415,offspeed,-0.07273373621016202
2023,23418,breaking,-0.0734319742732879
2023,23418,fastball,0.009731383144419101
2023,23418,offspeed,-0.004732784603646815
2023,23421,breaking,0.01694823709051081
2023,23421,fastball,-0.009551201536040981
2023,23421,offspeed,0.006270443894143943
2023,23422,breaking,-0.18251190793130528
2023,23422,fastball,-0.010429279506044328
2023,23422,offspeed,-0.061025661733324625
2023,23423,breaking,0.0038327162360238436
2023,23423,fastball,-0.014321585677115315
2023,23423,offspeed,0.047500349992564216
2023,23424,breaking,-0.04958691532982801
2023,23424,fastball,-0.03275926257876812
2023,23424,offspeed,0.031196845221104327
2023,23426,breaking,-0.023287731880997076
2023,23426,fastball,-0.019429627900710483
2023,23426,offspeed,0.012459819874502454
2023,23428,breaking,-0.0424003419604815
2023,23428,fastball,-0.03179530418033483
2023,23428,offspeed,0.007584490437516374
2023,23429,breaking,-0.058539651191433145
2023,23429,fastball,-0.002444948001173694
2023,23429,offspeed,0.04271059959541146
2023,23437,breaking,-0.09339441563556185
2023,23437,fastball,-0.006850097589471854
2023,23437,offspeed,-0.04745287760579378
2023,23439,breaking,0.014264712883225906
2023,23439,fastball,0.06551195261958608
2023,23439,offspeed,0.008296366696942455
2023,23440,breaking,-0.009490891087407357
2023,23440,fastball,0.0422497168579158
2023,23440,offspeed,-0.04393500397938907
2023,23446,breaking,-0.004781644060257565
2023,23446,fastball,0.01971026047094046
2023,23446,offspeed,-0.006781058364071724
2023,23455,breaking,-0.008337153491447785
2023,23455,fastball,-0.042784923505038576
2023,23455,offspeed,-0.0667627546916908
2023,23458,breaking,-0.009478535964971358
2023,23458,fastball,0.030800386593082534
2023,23458,offspeed,-0.01663272618267083
2023,23459,breaking,0.02209240713297559
2023,23459,fastball,0.03628666357677367
2023,23459,offspeed,-0.046876101217531815
2023,23461,breaking,0.007424127224806244
2023,23461,fastball,0.012847439133913438
2023,23461,offspeed,-0.0055338303784066975
2023,23462,breaking,0.002249201194575269
2023,23462,fastball,0.006121254256541575
2023,23462,offspeed,-0.030832629715907854
2023,23475,breaking,0.003661128700851089
2023,23475,fastball,-0.0324265474146396
2023,23475,offspeed,0.009632205667345576
2023,23476,fastball,-0.009298875217846402
2023,23478,breaking,-0.09620512174244894
2023,23478,fastball,-0.009751885257706273
2023,23478,offspeed,-0.09392335548266265
2023,23484,breaking,-0.004213806053285606
2023,23484,fastball,-0.008667352878639898
2023,23484,offspeed,0.009632205667345576
2023,23485,breaking,-0.011578319215206825
2023,23485,fastball,-0.011498387283807986
2023,23485,offspeed,0.02577779293068859
2023,23488,breaking,-0.007800124947099011
2023,23488,fastball,-0.07864355054556785
2023,23488,offspeed,-0.03351615389580557
2023,23496,breaking,-0.05121168280910277
2023,23496,fastball,0.04137078477630539
2023,23496,offspeed,-0.010981531378002028
2023,23497,breaking,0.0026430858852329892
2023,23497,fastball,0.03809297537023837
2023,23497,offspeed,-0.005679931646029143
2023,23498,breaking,-0.07470995228650758
2023,23498,fastball,-0.059027283837860975
2023,23498,offspeed,0.04501037818653926
2023,23499,breaking,0.015295636627239864
2023,23499,fastball,-0.004210243470911271
2023,23499,offspeed,0.023844114995541496
2023,23500,breaking,-0.02995245442790649
2023,23500,fastball,-0.003001721894707836
2023,23500,offspeed,0.07756672126565942
2023,23501,breaking,-0.07424914766553288
2023,23501,fastball,0.017562739055294912
2023,23501,offspeed,0.0049732858066786475
2023,23504,breaking,-0.04779968956571631
2023,23504,fastball,0.029306013322170657
2023,23504,offspeed,-0.03253282849521837
2023,23512,breaking,0.0022145051219234803
2023,23512,fastball,0.04433088956300279
2023,23512,offspeed,-0.03953794543521968
2023,23513,breaking,-0.0020948077607731504
2023,23513,fastball,0.026618523172261016
2023,23513,offspeed,-0.014565631540579323
2023,23514,breaking,-0.010076307992044486
2023,23514,fastball,0.024649593921928215
2023,23514,offspeed,0.02296910582213176
2023,23515,breaking,-0.102740752453673
2023,23515,fastball,-0.035569502696488384
2023,23515,offspeed,0.006306313979477101
2023,23516,breaking,0.025017951196548073
2023,23516,fastball,0.04938700355409446
2023,23516,offspeed,0.006404514222300693
2023,23518,breaking,0.00017621014761237002
2023,23518,fastball,0.10011561686651475
2023,23518,offspeed,0.049069549177696216
2023,23519,breaking,-0.039917113738516856
2023,23519,fastball,0.0007705495944982692
2023,23519,offspeed,0.006906706977982813
2023,23532,breaking,-0.010301466641756251
2023,23532,fastball,-0.02925623410110418
2023,23532,offspeed,-0.0034085187069461662
2023,23534,breaking,-0.010947423679233343
2023,23534,fastball,0.04029046571556322
2023,23534,offspeed,0.022999792742424627
2023,23535,breaking,-0.054034582132564846
2023,23535,fastball,-0.05518255650558506
2023,23535,offspeed,-0.00020023204461244886
2023,23536,breaking,-0.05063575149194494
2023,23536,fastball,-0.00895204005933144
2023,23536,offspeed,-0.0409774340063683
2023,23538,breaking,-0.01807546302801353
2023,23538,fastball,-0.027786147674380448
2023,23540,breaking,-0.007700122557927168
2023,23540,fastball,0.020203691203655567
2023,23540,offspeed,-0.0018406222624671661
2023,23542,breaking,0.028065267213553378
2023,23542,fastball,-0.0003870547907344252
2023,23542,offspeed,-0.022714807718040016
2023,23554,breaking,-0.08567168156035344
2023,23554,fastball,-0.0007050108480061755
2023,23554,offspeed,-0.07345675536806455
2023,23555,breaking,-0.01634827242355829
2023,23555,fastball,-0.042903108574225836
2023,23555,offspeed,0.005037680110082793
2023,23556,breaking,-0.03886095358434894
2023,23556,fastball,-0.01873627776145836
2023,23556,offspeed,-0.02739224744646329
2023,23557,breaking,-0.10323553619578078
2023,23557,fastball,0.04095707767110524
2023,23557,offspeed,0.0356997229793021
2023,23558,breaking,0.005461295911530151
2023,23558,fastball,-0.04815934406472774
2023,23558,offspeed,-0.036776707207593046
2023,23560,breaking,-0.07091109745049153
2023,23560,fastball,-0.05146822189700239
2023,23560,offspeed,0.029087758385938856
2023,23561,breaking,0.08110876681569498
2023,23561,fastball,0.061942107629184194
2023,23561,offspeed,0.020787959513694956
2023,23564,breaking,0.007854456053454766
2023,23564,fastball,0.017397660768013277
2023,23564,offspeed,0.0030373984804820536
2023,23565,breaking,-0.04247490702279903
2023,23565,fastball,0.028624335089649785
2023,23565,offspeed,-0.013012319899498132
2023,23567,breaking,-0.052691860271115935
2023,23567,fastball,-0.030751090617817552
2023,23567,offspeed,-0.005116931398857549
2023,23568,breaking,-0.07342669970657778
2023,23568,fastball,-0.01489971420195982
2023,23568,offspeed,-0.016216785302452002
2023,23574,breaking,-0.06594682307824819
2023,23574,fastball,0.032018861596201854
2023,23574,offspeed,-0.008418895525386256
2023,23589,breaking,0.020650809126977317
2023,23589,fastball,0.038536174954972316
2023,23589,offspeed,-0.0021755821030171913
2023,23590,breaking,-0.07852485463148295
2023,23590,fastball,-0.0381706288638438
2023,23590,offspeed,-0.022494220442030553
2023,23591,breaking,-0.008423112461885051
2023,23591,fastball,0.024307314417121584
2023,23591,offspeed,0.004750609683832402
2023,23593,breaking,-0.005510471477767432
2023,23593,fastball,0.05143551045299219
2023,23593,offspeed,-0.02790608048134097
2023,23596,breaking,-0.022529339298669432
2023,23596,fastball,0.027404809899605236
2023,23597,breaking,-0.05063014692966078
2023,23597,fastball,-0.03541383661522342
2023,23597,offspeed,-0.06089268829700853
2023,23599,breaking,0.039724319997707064
2023,23599,fastball,-0.03314379266040809
2023,23599,offspeed,0.006203929292588797
2023,23600,breaking,0.014644897828710262
2023,23600,fastball,0.04699462929337922
2023,23600,offspeed,-0.017298469428528043
2023,23614,breaking,0.011107096656029684
2023,23614,fastball,0.016094369764397935
2023,23614,offspeed,0.029521756545407566
2023,23615,breaking,0.009347973893992792
2023,23615,fastball,0.0046241048094219795
2023,23615,offspeed,0.004750609683832402
2023,23617,breaking,-0.052361310731383344
2023,23617,fastball,-0.039717709541932
2023,23617,offspeed,-0.005516180278019665
2023,23618,breaking,0.01346271743774886
2023,23618,fastball,-0.018969521842141634
2023,23618,offspeed,0.01379939003398936
2023,23624,breaking,0.03622850923851497
2023,23624,fastball,0.011180883431107177
2023,23627,breaking,-0.03520474419764337
2023,23627,fastball,0.06251617100998268
2023,23627,offspeed,0.031653947759567626
2023,23628,breaking,0.015567439613337905
2023,23628,fastball,0.045247977111271855
2023,23628,offspeed,-0.014046602376319772
2023,23630,breaking,0.07810311539106976
2023,23630,fastball,0.06513636489836049
2023,23630,offspeed,-0.06661863144882647
2023,23631,breaking,0.062317798889597355
2023,23631,fastball,0.002452651123101911
2023,23631,offspeed,-0.06709032577620713
2023,23632,breaking,0.10046933166810887
2023,23632,fastball,-0.018318092229858658
2023,23632,offspeed,-0.07745354704207802
2023,23633,breaking,-0.08574940126891654
2023,23633,fastball,0.055349100985604555
2023,23633,offspeed,-0.06436832793715998
2023,23634,breaking,-0.049112434551848126
2023,23634,fastball,0.053593984027612535
2023,23634,offspeed,0.019690969722069948
2023,23636,breaking,0.0059647481671938445
2023,23636,fastball,0.020256487853970395
2023,23636,offspeed,0.01749112149752656
2023,23637,breaking,0.016208552433582296
2023,23637,fastball,-0.05425166968546426
2023,23637,offspeed,0.009500736380649612
2023,23638,breaking,-0.052884222150429636
2023,23638,fastball,-0.02066663907533023
2023,23638,offspeed,0.008698678816989582
2023,23640,breaking,-0.1264880693719938
2023,23640,fastball,-0.016226322723485984
2023,23640,offspeed,0.02206118238630498
2023,23642,breaking,-0.0676060723590032
2023,23642,fastball,-0.0004112469167754873
2023,23642,offspeed,-0.03849979377480217
2023,23643,breaking,0.030661586317583627
2023,23643,fastball,-0.03043048444492695
2023,23643,offspeed,0.03649639361209705
2023,23644,breaking,-0.019517811450647016
2023,23644,fastball,-0.012665037309939842
2023,23644,offspeed,0.0008847496503328334
2023,23648,breaking,0.007393804613658377
2023,23648,fastball,0.03253577265449106
2023,23648,offspeed,0.019137165997586244
2023,23650,breaking,-0.024791544366632716
2023,23650,fastball,-0.0002816319715435745
2023,23650,offspeed,-0.041022729152826495
2023,23651,breaking,-0.1023961131569773
2023,23651,fastball,0.030785142238458126
2023,23651,offspeed,-0.046253959807124524
2023,23653,breaking,-0.03082784752067022
2023,23653,fastball,-0.047471010422211614
2023,23653,offspeed,-0.009002478648853202
2023,23654,breaking,-0.08726475672017651
2023,23654,fastball,0.03244843519462439
2023,23654,offspeed,-0.03415484273457398
2023,23655,breaking,-0.03598762473070288
2023,23655,fastball,0.1138532200208134
2023,23655,offspeed,0.029528127971547972
2023,23660,fastball,-0.029016727617256613
2023,23665,breaking,-0.03651673251558823
2023,23665,fastball,-0.011888094581891875
2023,23665,offspeed,0.07878268643433009
2023,23672,breaking,-0.023893428184501426
2023,23672,fastball,0.004921203917652863
2023,23672,offspeed,-0.003972197865295196
2023,23673,breaking,-0.13027538075513773
2023,23673,fastball,0.08191086146649611
2023,23673,offspeed,-0.013800684331454439
2023,23676,breaking,-0.03477132099212532
2023,23676,fastball,-0.004358056608581423
2023,23676,offspeed,-0.01869694984875283
2023,23680,breaking,0.016828810494055272
2023,23680,fastball,0.0642946872708861
2023,23680,offspeed,0.01614317951550688
2023,23684,breaking,-0.01391149073869565
2023,23684,fastball,-0.07047899093102747
2023,23684,offspeed,-0.010678180224295031
2023,23689,breaking,-0.00964528036447143
2023,23689,fastball,-0.026367478368248768
2023,23689,offspeed,-0.05384140244490363
2023,23690,breaking,-0.0247309187395557
2023,23690,fastball,-0.017930764608052787
2023,23690,offspeed,0.004577051167110786
2023,23693,breaking,-0.008635664112400798
2023,23693,fastball,0.005806122285887827
2023,23694,breaking,-0.008008003018115177
2023,23694,fastball,0.08739595896698972
2023,23694,offspeed,-0.0580594917817405
2023,23695,breaking,-0.02581057305767615
2023,23695,fastball,0.02264069024678803
2023,23695,offspeed,-0.05150727477857267
2023,23696,breaking,-0.037994485065729985
2023,23696,fastball,0.1080490938524261
2023,23696,offspeed,0.0849691840414381
2023,23697,breaking,-0.13492214276528258
2023,23697,fastball,-0.018818455031334134
2023,23697,offspeed,-0.09660717445312365
2023,23699,breaking,0.01568599863508605
2023,23699,fastball,-0.020836272277194468
2023,23699,offspeed,-0.03340007734820415
2023,23703,breaking,-0.02273321169015368
2023,23703,fastball,0.01568606761285451
2023,23703,offspeed,0.05286119039618376
2023,23713,breaking,-0.062370011150855414
2023,23713,fastball,-0.017055181897747823
2023,23713,offspeed,-0.04972992650274167
2023,23714,breaking,0.027797576621525297
2023,23714,fastball,0.014643291386404873
2023,23714,offspeed,0.020061510679721218
2023,23717,breaking,-0.0570980142317502
2023,23717,fastball,-0.008552221117249308
2023,23717,offspeed,-0.07478779939501132
2023,23719,breaking,0.06676849334569847
2023,23719,fastball,0.11175264177199007
2023,23719,offspeed,0.02303201714340877
2023,23721,breaking,-0.027628604467038922
2023,23721,fastball,-0.05978738968988157
2023,23721,offspeed,-0.05600823878180325
2023,23727,breaking,-0.007327429056764893
2023,23727,fastball,-0.05953895519853183
2023,23727,offspeed,-0.023862523791247956
2023,23729,breaking,0.009383106092976478
2023,23729,fastball,-0.012573269203378878
2023,23729,offspeed,-0.009236926223670908
2023,23731,breaking,-0.05466362961555673
2023,23731,fastball,-0.05005471686593186
2023,23731,offspeed,0.010607742017402976
2023,23736,breaking,-0.022833649590102634
2023,23736,fastball,-0.05752510473518732
2023,23736,offspeed,-0.020459393181189386
2023,23737,breaking,-0.08434520859548066
2023,23737,fastball,-0.05011802564988851
2023,23737,offspeed,-0.036624336537617666
2023,23738,breaking,0.009248184994917393
2023,23738,fastball,0.005471526052639845
2023,23738,offspeed,-0.010958055538599623
2023,23740,breaking,-0.03521578122774534
2023,23740,fastball,0.025372784540653087
2023,23740,offspeed,-0.0020468548272234003
2023,23743,breaking,0.030684067201380925
2023,23743,fastball,-0.014092052201604147
2023,23743,offspeed,0.011659218772254662
2023,23745,breaking,-0.07688269086530271
2023,23745,fastball,0.06340370291818857
2023,23745,offspeed,0.05534083368950623
2023,23747,breaking,0.010309412197264634
2023,23747,fastball,-0.06271838614974025
2023,23747,offspeed,-0.05066675470400453
2023,23748,breaking,-0.06121880826083882
2023,23748,fastball,-0.005486570775415403
2023,23748,offspeed,-0.004699398194615326
2023,23749,breaking,-0.0013135639873667593
2023,23749,fastball,-0.03731966103873986
2023,23749,offspeed,0.04780712214706993
2023,23751,breaking,-0.09451051657349174
2023,23751,fastball,0.006625601989813133
2023,23751,offspeed,0.012843241987337325
2023,23754,breaking,0.0026430858852329892
2023,23754,fastball,0.0007705495944982692
2023,23758,breaking,-0.04616342055983348
2023,23758,fastball,0.02282469290870627
2023,23758,offspeed,0.03312495875698399
2023,23759,breaking,-0.04939238452953191
2023,23759,fastball,0.007505281024860996
2023,23759,offspeed,0.0530410355788182
2023,23761,breaking,-0.08479400108984157
2023,23761,fastball,-0.07829945052780567
2023,23761,offspeed,0.007231513838241937
2023,23762,breaking,-0.04524440720835288
2023,23762,fastball,-0.015568346834936178
2023,23762,offspeed,0.0034583773410470885
2023,23763,fastball,0.005221071479439228
2023,23766,breaking,-0.049363398185033956
2023,23766,fastball,0.03992060636191752
2023,23766,offspeed,0.006780501512471707
2023,23767,breaking,-0.03388008063315852
2023,23767,fastball,0.0661332106771781
2023,23767,offspeed,-0.04483558093484094
2023,23769,breaking,-0.04589321629539533
2023,23769,fastball,-0.005180247710979583
2023,23769,offspeed,-0.053038831816069845
2023,23771,breaking,0.017255343705402666
2023,23771,fastball,-0.028673666566251275
2023,23771,offspeed,0.004895055339142833
2023,23772,breaking,-0.08974684285429295
2023,23772,fastball,0.0020810227152830165
2023,23772,offspeed,-0.03280058893289983
2023,23775,breaking,0.02696327774923531
2023,23775,fastball,0.005655016836229386
2023,23779,breaking,-0.008113715597371802
2023,23779,fastball,-0.08609629444161085
2023,23781,breaking,0.04509372453158892
2023,23781,fastball,0.11679720119215659
2023,23781,offspeed,-0.02798797743087652
2023,23782,breaking,-0.015926760734127503
2023,23782,fastball,0.0746571395548063
2023,23782,offspeed,-0.009265529429253004
2023,23784,breaking,-0.037080522297264856
2023,23784,fastball,-0.0019139881704970639
2023,23784,offspeed,-0.056822153995162356
2023,23786,breaking,-0.00034998452541527174
2023,23786,fastball,-0.01973935151297837
2023,23786,offspeed,-0.08410743460956893
2023,23787,breaking,0.023503021239866678
2023,23787,fastball,-0.021361612141851016
2023,23787,offspeed,0.04962586052847162
2023,23790,breaking,-0.0005260192718231284
2023,23790,fastball,-0.0394943260795274
2023,23790,offspeed,0.010638044197427001
2023,23794,breaking,0.004895055339142833
2023,23794,fastball,0.012149593921928215
2023,23843,breaking,-0.0366888114321385
2023,23843,fastball,0.02616612174170081
2023,23843,offspeed,-0.022080755152229768
2023,23848,breaking,0.0088713426526119
2023,23848,fastball,0.0905397362207723
2023,23848,offspeed,0.06584279191525441
2023,23849,breaking,0.028287603365014364
2023,23849,fastball,0.05514230754257623
2023,23849,offspeed,0.04592073199503417
2023,23850,breaking,-0.018351474031630337
2023,23850,fastball,-0.02906048961794826
2023,23850,offspeed,-0.004256003188155763
2023,23852,breaking,-0.09960902929196996
2023,23852,fastball,-0.030484663067304962
2023,23852,offspeed,-0.08356210013610198
2023,23853,breaking,-0.11885363020343061
2023,23853,fastball,-0.03671121062968369
2023,23853,offspeed,0.010632137901029695
2023,23856,breaking,0.0034583773410470885
2023,23856,fastball,0.007429003185950146
2023,23857,breaking,0.001948570972819377
2023,23857,fastball,0.010357688512435357
2023,23857,offspeed,-0.009005359389605309
2023,23858,breaking,0.00285714597546166
2023,23858,fastball,-0.0904906236200399
2023,23858,offspeed,-0.00619540875718138
2023,23860,breaking,-0.058397776338293864
2023,23860,fastball,0.05237711080439368
2023,23860,offspeed,0.046495729866740755
2023,23863,breaking,-0.035925782936687904
2023,23863,fastball,0.004574437605355653
2023,23863,offspeed,-0.0031242771339341398
2023,23868,breaking,-0.005253317345916919
2023,23868,fastball,0.004394941898805603
2023,23868,offspeed,-0.014458584980979274
2023,23869,breaking,-0.02888722722975578
2023,23869,fastball,0.03477170564230046
2023,23869,offspeed,-0.0029033565300939997
2023,23870,breaking,-0.052527336154515256
2023,23870,fastball,-0.08720500377339321
2023,23870,offspeed,-0.010294407738364274
2023,23871,breaking,0.0007139848354814298
2023,23871,fastball,0.04043989704687175
2023,23871,offspeed,-0.0183989827872082
2023,23872,breaking,-0.04284530923188532
2023,23872,fastball,0.005934907741836568
2023,23872,offspeed,-0.024042393886650377
2023,23874,breaking,0.013743154395286358
2023,23874,fastball,0.02030051325825972
2023,23874,offspeed,0.009933623500883136
2023,23879,breaking,-0.03128299221656728
2023,23879,fastball,-0.016462433469488797
2023,23879,offspeed,-0.023380419725077872
2023,23880,breaking,0.011634399842187157
2023,23880,fastball,0.09391518505550576
2023,23880,offspeed,0.048371309062366495
2023,23884,breaking,-0.01528120842584211
2023,23884,offspeed,0.005688612342735079
2023,23886,breaking,0.006203929292588797
2023,23886,fastball,-0.0276007493285317
2023,23886,offspeed,-0.009236926223670908
2023,23887,breaking,0.05929691988843632
2023,23887,fastball,-0.04512399954290142
2023,23893,breaking,-0.052598534243190165
2023,23893,fastball,-0.009680267288957376
2023,23893,offspeed,-0.04486110997001946
2023,23895,breaking,-0.023350357091989345
2023,23895,fastball,0.021608034463663536
2023,23895,offspeed,-0.010958055538599623
2023,23897,breaking,0.00071231385610773
2023,23897,fastball,0.04440801792551937
2023,23897,offspeed,0.0013566931993743267
2023,23898,breaking,-0.047975990978753644
2023,23898,fastball,0.09441951900546856
2023,23898,offspeed,0.08222844922852834
2023,23902,breaking,-0.005114037104455302
2023,23902,fastball,-0.029685973775512433
2023,23902,offspeed,-0.012727025919571864
2023,23903,breaking,-0.07756959833949954
2023,23903,fastball,-0.06806406215774781
2023,23903,offspeed,-0.013414581997888423
2023,23904,breaking,-0.07226816800150146
2023,23904,fastball,-0.009604517783819818
2023,23904,offspeed,-0.017527061475188278
2023,23908,breaking,-0.01745978831569298
2023,23908,fastball,0.012495664961327408
2023,23908,offspeed,-0.012003604467038922
2023,23909,breaking,0.02347586393171781
2023,23909,fastball,0.05363215573159952
2023,23909,offspeed,-0.010056910307668539
2023,23912,fastball,-0.022623487562005353
2023,23914,breaking,0.005415718644220723
2023,23914,fastball,0.016774809887993503
2023,23914,offspeed,-0.05447189453579283
2023,23915,breaking,-0.014087270189213049
2023,23915,fastball,0.11829006787608591
2023,23915,offspeed,-0.017141241664927493
2023,23916,breaking,-0.07940417602567415
2023,23916,fastball,0.06863142304430368
2023,23916,offspeed,-0.03576735692714864
2023,23917,breaking,0.050901379101254425
2023,23917,fastball,0.1126045267818362
2023,23917,offspeed,0.04842890642725368
2023,23920,fastball,0.008255132372142114
2023,23922,breaking,-0.011498387283807986
2023,23922,fastball,-0.00035040607807178547
2023,23922,offspeed,-0.0016540456021724036
2023,23927,breaking,-0.008693909547975645
2023,23927,fastball,0.02102364153979453
2023,23927,offspeed,0.033043203856423314
2023,23929,breaking,-0.005123753359064851
2023,23929,fastball,0.052175432739879
2023,23929,offspeed,-0.004606951638407288
2023,23930,breaking,-0.03822292420208587
2023,23930,fastball,-0.016827575833091687
2023,23930,offspeed,-0.004513262184527333
2023,23931,breaking,-0.014286044075969324
2023,23931,fastball,0.0037918039069858777
2023,23931,offspeed,-0.011489976811972485
2023,23932,breaking,0.0336686736209881
2023,23932,fastball,0.08798434055211232
2023,23932,offspeed,-0.0693133587688054
2023,23933,breaking,-0.018114078816183047
2023,23933,fastball,-0.006878949074102767
2023,23933,offspeed,-0.020919924210053824
2023,23934,breaking,-0.003585427386740309
2023,23934,fastball,0.009883098347807229
2023,23934,offspeed,-0.019590781227745338
2023,23935,breaking,0.034013363367464015
2023,23935,fastball,-0.015959901304057052
2023,23935,offspeed,0.013246355244479351
2023,23936,breaking,-0.019590781227745338
2023,23936,fastball,0.00889551994652533
2023,23936,offspeed,-0.025518040473175078
2023,23942,breaking,0.049329647534580794
2023,23942,fastball,0.05795042904676958
2023,23942,offspeed,0.006409503716917537
2023,23944,breaking,0.03348645736588448
2023,23944,fastball,0.14447772622316354
2023,23944,offspeed,0.030868677466306317
2023,23947,breaking,-0.05470029358535019
2023,23947,fastball,-0.014413589034120995
2023,23947,offspeed,-0.040110874268584194
2023,23950,breaking,-0.011498387283807986
2023,23950,offspeed,-0.001556017916780069
2023,23951,breaking,0.011435718164906922
2023,23951,fastball,0.037613067778483736
2023,23951,offspeed,-0.042155738273682145
2023,23952,breaking,-0.05463141310916369
2023,23952,fastball,0.020665117321275014
2023,23952,offspeed,-0.01914083503269353
2023,23953,breaking,-0.06861600606735387
2023,23953,fastball,-0.032232532877594276
2023,23953,offspeed,-0.028933445636943878
2023,23954,breaking,-0.0639685052737511
2023,23954,fastball,-0.053035513694782835
2023,23954,offspeed,-0.025888982347936722
2023,23955,breaking,0.005329668306054742
2023,23955,fastball,-0.03600299839084173
2023,23959,breaking,-0.03903155398668859
2023,23959,fastball,-0.017229903695506903
2023,23962,breaking,-0.03164028595525576
2023,23962,fastball,0.03603652506186252
2023,23962,offspeed,-0.08072308135273772
2023,23963,breaking,0.025295224160471436
2023,23963,fastball,-0.050898572526534666
2023,23963,offspeed,-0.06871986282024757
2023,23964,breaking,0.00021800406483709305
2023,23964,fastball,-0.03151996400965598
2023,23964,offspeed,-0.00317657972729485
2023,23966,breaking,0.01844719442021664
2023,23966,fastball,0.025380616412922392
2023,23966,offspeed,0.00517175500626961
2023,23967,breaking,-0.034404303507592764
2023,23967,fastball,-0.01613937726330306
2023,23967,offspeed,0.014082177430841116
2023,23968,breaking,-0.11060362256054791
2023,23968,fastball,-0.013151942747189683
2023,23968,offspeed,-0.04282219659806776
2023,23977,breaking,-0.04742982999011425
2023,23977,fastball,-0.0069348073505775655
2023,23977,offspeed,0.0174452047460636
2023,23979,breaking,-0.03575423988053733
2023,23979,fastball,0.029314996116025775
2023,23979,offspeed,0.008809752542759494
2023,23982,breaking,-0.00798469284739213
2023,23982,fastball,-0.017696874754849597
2023,23982,offspeed,0.005294600023363968
2023,23984,breaking,-0.026831071411615497
2023,23984,fastball,-0.05448416654797514
2023,23985,breaking,-0.07828703869471282
2023,23985,fastball,-0.07925796658196652
2023,23985,offspeed,0.008890606089506061
2023,23987,breaking,-0.05222970625848928
2023,23987,fastball,0.042473492579520836
2023,23987,offspeed,0.002136398385292627
2023,23988,breaking,-0.05153935851858923
2023,23988,fastball,0.05244359616531204
2023,23988,offspeed,0.006507870569810055
2023,23991,breaking,-0.007688631673256349
2023,23991,fastball,-0.059915657599450736
2023,23991,offspeed,-0.0005753260729009338
2023,24011,breaking,0.03888819255914317
2023,24011,fastball,0.08470441248394923
2023,24011,offspeed,-0.0069277724727691585
2023,24012,fastball,0.03976822629956003
2023,24013,breaking,-0.08074604507640597
2023,24013,fastball,0.08616401554062086
2023,24013,offspeed,-0.06128288468483485
2023,24015,breaking,-0.00649682659071894
2023,24015,fastball,-0.0292424472236394
2023,24018,breaking,-0.019547633022277796
2023,24018,fastball,0.0528019887189342
2023,24018,offspeed,-0.03162091440400607
2023,24020,breaking,-0.036938361365660706
2023,24020,fastball,-0.023901138383921855
2023,24020,offspeed,-0.0017271611417301526
2023,24021,breaking,-0.0677345847881324
2023,24021,fastball,0.04482583529082773
2023,24021,offspeed,-0.03552572073295536
2023,24026,breaking,-0.0308436334058317
2023,24026,fastball,0.01844719442021664
2023,24026,offspeed,-0.00265090564013698
2023,24027,breaking,-0.011834418657264366
2023,24027,fastball,-0.018876386805103493
2023,24027,offspeed,-0.03221260786457662
2023,24038,breaking,-0.05682909428708577
2023,24038,fastball,-0.039496786805362546
2023,24038,offspeed,0.02331130299218452
2023,24039,breaking,-0.049266140514208655
2023,24039,fastball,-0.05600537475116795
2023,24039,offspeed,0.004318625815227992
2023,24042,breaking,0.029171640790990622
2023,24042,fastball,0.0025591038494863242
2023,24042,offspeed,-0.03707904986206417
2023,24043,breaking,-0.001782840874931478
2023,24043,fastball,-0.0037955481590100652
2023,24043,offspeed,-0.04824625728494145
2023,24047,breaking,-0.09636217353632875
2023,24047,fastball,-0.044638207138469874
2023,24047,offspeed,-0.016577109863626104
2023,24048,breaking,-0.011345207729059389
2023,24048,fastball,-0.055965569147223185
2023,24051,breaking,-0.008258864190117152
2023,24051,fastball,-0.05136402621431919
2023,24051,offspeed,-0.002805279567383248
2023,24052,breaking,0.00992957700601299
2023,24052,fastball,0.030982208584960362
2023,24052,offspeed,-0.0005130785109942542
2023,24053,breaking,-0.029327559564475067
2023,24053,fastball,-0.00922104684712907
2023,24053,offspeed,-0.07338733796817778
2023,24055,breaking,0.019439350275085143
2023,24055,fastball,0.01564387911112501
2023,24055,offspeed,0.04964959392192821
2023,24056,breaking,-0.015587127213238126
2023,24056,fastball,0.02910853753812306
2023,24056,offspeed,-0.01485355247647153
2023,24059,breaking,-0.040385472219481924
2023,24059,fastball,0.06425593378368433
2023,24063,breaking,-0.07990073444108561
2023,24063,fastball,0.031614575039644655
2023,24063,offspeed,-0.02421723773143076
2023,24064,breaking,0.017523457038619388
2023,24064,fastball,0.003463229354926174
2023,24064,offspeed,-0.04316296061815844
2023,24069,breaking,0.005717455963260336
2023,24069,fastball,0.01207916279370229
2023,24069,offspeed,0.004895055339142833
2023,24073,breaking,-0.05232982911880505
2023,24073,fastball,-0.024589496491513783
2023,24076,breaking,-0.10356352980399214
2023,24076,fastball,0.019638842335253835
2023,24076,offspeed,0.007828630255796703
2023,24078,breaking,0.0025978373069547077
2023,24078,fastball,-0.03079824344441425
2023,24084,breaking,-0.018309238573844287
2023,24084,fastball,0.03286612522923762
2023,24084,offspeed,-0.00649682659071894
2023,24085,breaking,-0.04329274471849799
2023,24085,fastball,-0.02127096313837581
2023,24085,offspeed,-0.05641868904330865
2023,24086,breaking,-0.12347885331258449
2023,24086,fastball,-0.08038284108063408
2023,24086,offspeed,-0.00649682659071894
2023,24088,breaking,-0.0519837278952385
2023,24088,fastball,0.008960771681544842
2023,24088,offspeed,-0.05307854068328259
2023,24089,breaking,-0.00527855867632092
2023,24089,fastball,0.0011604596699041916
2023,24089,offspeed,-0.007238947911514193
2023,24097,breaking,-0.054072169402620815
2023,24097,fastball,-0.029346077054306117
2023,24099,breaking,-0.042632739535680614
2023,24099,fastball,-0.005529087552977877
2023,24099,offspeed,-0.017059183843763485
2023,24100,breaking,0.02553235207586019
2023,24100,fastball,-0.042222319881967986
2023,24100,offspeed,-0.021556098484392248
2023,24102,breaking,0.011013290465672109
2023,24102,fastball,0.06502470994050893
2023,24105,breaking,-0.018309238573844287
2023,24105,fastball,-0.018059301268319748
2023,24105,offspeed,0.008523659975525876
2023,24109,breaking,0.04133278005589877
2023,24109,fastball,0.0741630038122885
2023,24109,offspeed,-0.06476465618406435
2023,24110,breaking,-0.0416486683793458
2023,24110,fastball,0.005769637730635781
2023,24110,offspeed,-0.013092424110745841
2023,24112,breaking,0.023544118304572644
2023,24112,fastball,-0.0270579904916326
2023,24112,offspeed,-0.07468855059851327
2023,24113,breaking,0.01913614957475223
2023,24113,fastball,0.0376947740060132
2023,24113,offspeed,0.01421897027084347
2023,24115,breaking,-0.12987969189237328
2023,24115,fastball,-0.08985532297311023
2023,24115,offspeed,0.021434489630127673
2023,24117,breaking,-0.04733350753897851
2023,24117,fastball,-0.13103390900107342
2023,24117,offspeed,-0.008693909547975645
2023,24118,breaking,0.04348557989850229
2023,24118,fastball,0.0249599425853186
2023,24118,offspeed,-0.01655791912011741
2023,24126,breaking,0.03380552093394946
2023,24126,fastball,0.11057621841096665
2023,24126,offspeed,0.043637826463671245
2023,24129,breaking,-0.07119421172006905
2023,24129,fastball,-0.03523747770800456
2023,24129,offspeed,-0.06470876231500142
2023,24131,fastball,0.020803972470342654
2023,24133,breaking,-0.051959687667778434
2023,24133,fastball,0.033659844235128286
2023,24133,offspeed,-0.054947344575080076
2023,24135,breaking,-0.0016194673432840115
2023,24135,fastball,-0.0143026296187849
2023,24135,offspeed,0.001346098952447612
2023,24136,breaking,-0.05068941543579058
2023,24136,fastball,-0.04046602548328499
2023,24136,offspeed,-0.04830667146623441
2023,24140,breaking,-0.010758762682990058
2023,24140,fastball,0.06878333844000939
2023,24140,offspeed,0.0640264252107705
2023,24146,breaking,-0.11298484358137253
2023,24146,fastball,-0.028260839760437726
2023,24146,offspeed,0.02932174550739841
2023,24147,breaking,0.029779903049225634
2023,24147,fastball,0.0023814637035675054
2023,24147,offspeed,-0.03295271692041094
2023,24151,breaking,-0.02636217353632875
2023,24151,fastball,-0.0626246372625875
2023,24151,offspeed,-0.023590982707732966
2023,24152,breaking,-0.01466761352534876
2023,24152,fastball,-0.02121529816960343
2023,24152,offspeed,-0.03756400992239928
2023,24153,breaking,0.006775964581091136
2023,24153,fastball,-0.020636246291250087
2023,24154,breaking,0.0394764230676749
2023,24154,fastball,0.02106878837238441
2023,24154,offspeed,-0.009026881707266315
2023,24156,breaking,0.02338913172372902
2023,24156,fastball,0.004895055339142833
2023,24156,offspeed,0.02803167764743173
2023,24157,breaking,0.013394690629148172
2023,24157,fastball,0.023832015342288414
2023,24157,offspeed,0.01630182471229732
2023,24161,breaking,-0.024160815034298008
2023,24161,fastball,0.010454971576113201
2023,24161,offspeed,0.007584490437516374
2023,24164,breaking,-0.044683744843838316
2023,24164,fastball,0.09689039746254971
2023,24164,offspeed,-0.021194992720986395
2023,24165,breaking,-0.00649682659071894
2023,24165,fastball,0.006530285193248122
2023,24165,offspeed,-0.01083009508283527
2023,24167,breaking,-0.045504232426621376
2023,24167,fastball,0.0365992016092148
2023,24167,offspeed,-0.013579274181880745
2023,24168,breaking,0.007584490437516374
2023,24168,fastball,-0.019023400272617164
2023,24168,offspeed,-0.0016540456021724036
2023,24173,breaking,-0.0038946182607818396
2023,24173,fastball,-0.006615436911846027
2023,24173,offspeed,0.017948681204720235
2023,24178,breaking,0.04744020630843215
2023,24178,fastball,-0.027712293740065775
2023,24178,offspeed,-0.04330656399513893
2023,24179,breaking,0.03402896140340308
2023,24179,offspeed,-0.05595525047945611
2023,24181,breaking,-0.029987090778783285
2023,24181,fastball,0.029596349333175103
2023,24181,offspeed,0.029596349333175103
2023,24183,breaking,0.007584490437516374
2023,24183,fastball,0.0040081990502090345
2023,24185,breaking,-0.010588527287565387
2023,24185,fastball,0.024516689319927516
2023,24185,offspeed,0.026460276290916247
2023,24193,breaking,-0.030806585213756715
2023,24193,fastball,0.13615352438222622
2023,24193,offspeed,0.01656095278381111
2023,24197,breaking,-0.07272516477662301
2023,24197,fastball,0.015977361802365066
2023,24197,offspeed,0.012658134363714008
2023,24202,breaking,-0.04861226887687459
2023,24202,fastball,-0.0016540456021724036
2023,24202,offspeed,0.01627147208677597
2023,24203,breaking,-0.03856935571632978
2023,24203,fastball,-0.0292424472236394
2023,24203,offspeed,-0.00649682659071894
2023,24205,breaking,0.017811200496537963
2023,24205,fastball,0.03136600438842067
2023,24205,offspeed,0.01522741519770589
2023,24209,breaking,-0.035991315619555736
2023,24209,fastball,-0.0481449248541343
2023,24209,offspeed,-0.023429548333602182
2023,24211,breaking,0.00010140886801298534
2023,24211,fastball,0.10089105727202592
2023,24211,offspeed,-0.007554221849005399
2023,24222,breaking,-0.07427482274099774
2023,24222,fastball,0.08233790771873611
2023,24222,offspeed,0.1258363441928181
2023,24223,breaking,0.013889044759087789
2023,24223,fastball,0.10393713964061845
2023,24223,offspeed,-0.019786366716207614
2023,24224,breaking,-0.09024893537280032
2023,24224,fastball,-0.02123533608499515
2023,24224,offspeed,-0.037824356736382174
2023,24229,breaking,-0.017449216278906308
2023,24229,fastball,-0.02240947249718081
2023,24229,offspeed,-0.018627789553909545
2023,24234,breaking,-0.03258593918389495
2023,24234,fastball,-0.015680069770728246
2023,24234,offspeed,-0.04762854509670878
2023,24237,breaking,-0.064509766668938
2023,24237,fastball,-0.03070009461445766
2023,24237,offspeed,-0.03749924765052003
2023,24239,breaking,0.030888197523504364
2023,24239,fastball,0.07593234333356903
2023,24239,offspeed,0.009012180296462034
2023,24240,breaking,-0.08951376478799847
2023,24240,fastball,0.004248829585034704
2023,24240,offspeed,-0.013949037040433883
2023,24241,breaking,0.015066682342980137
2023,24241,fastball,0.0002434402995454682
2023,24241,offspeed,-0.00859174363088808
2023,24246,breaking,0.0063863418042092385
2023,24246,fastball,-0.013579274181880745
2023,24246,offspeed,-0.006946991529124095
2023,24247,breaking,-0.011075982978000271
2023,24247,fastball,0.0040994831733631824
2023,24247,offspeed,-0.055558236697323606
2023,24248,breaking,0.045454772182896994
2023,24248,fastball,0.004895055339142833
2023,24248,offspeed,0.06157945830743037
2023,24252,breaking,0.018789814100097647
2023,24252,fastball,0.0034324796410137993
2023,24252,offspeed,0.008590217016949371
2023,24253,breaking,0.05514910175474814
2023,24253,fastball,0.020170242483833076
2023,24253,offspeed,0.01829426337652482
2023,24254,breaking,-0.003157723422329134
2023,24254,fastball,0.004895055339142833
2023,24254,offspeed,0.001346098952447612
2023,24258,breaking,0.02296910582213176
2023,24258,offspeed,-0.011075982978000271
2023,24259,breaking,-0.00035040607807178547
2023,24259,fastball,-0.050958800172842614
2023,24259,offspeed,-0.04210925141687919
2023,24262,breaking,-0.0424003419604815
2023,24262,offspeed,0.03133127152597174
2023,24265,breaking,-0.04589911560178708
2023,24265,fastball,-0.001029530867296408
2023,24265,offspeed,0.0062846058054051085
2023,24268,fastball,0.01421897027084347
2023,24268,offspeed,-0.00501816814935472
2023,24269,breaking,0.008706202563781046
2023,24269,fastball,0.019364596463891447
2023,24269,offspeed,-0.0062767394238225265
2023,24271,breaking,0.005413836135919676
2023,24271,fastball,-0.009306419762286211
2023,24271,offspeed,0.020737400831529917
2023,24277,breaking,-0.029270038802808276
2023,24277,fastball,-0.02968334693224809
2023,24277,offspeed,-0.024042393886650377
2023,24283,breaking,0.004683612965166121
2023,24283,fastball,0.0995003449162745
2023,24283,offspeed,0.06853530181889197
2023,24293,breaking,-0.007800124947099011
2023,24293,fastball,0.018092706092462555
2023,24293,offspeed,0.004895055339142833
2023,24300,breaking,-0.0490111066324785
2023,24300,fastball,-0.04669949912973124
2023,24300,offspeed,-0.04012745516713622
2023,24303,breaking,0.005571961703111636
2023,24303,fastball,0.057308927330612366
2023,24303,offspeed,0.05177690092411936
2023,24305,breaking,-0.09567165250126611
2023,24305,fastball,0.029593330259532025
2023,24305,offspeed,0.006605268697953076
2023,24306,breaking,0.012484094268065368
2023,24306,fastball,0.028612363172617228
2023,24306,offspeed,-0.0013972204627594107
2023,24307,breaking,-0.016607774970132935
2023,24307,fastball,-0.017809834157674127
2023,24307,offspeed,0.012521537090822415
2023,24310,breaking,-0.04576101675699885
2023,24310,fastball,0.025096819159125348
2023,24310,offspeed,0.05111874938148522
2023,24313,breaking,-0.08337968434242327
2023,24313,fastball,0.02768383058660623
2023,24313,offspeed,-0.02317799934141823
2024,20700,breaking,-0.03300245812206095
2024,20700,fastball,0.06909337081165942
2024,20700,offspeed,-0.015897348352370593
2024,20938,breaking,-0.05548209002099276
2024,20938,fastball,0.07304412131955107
2024,20938,offspeed,-0.005283198291796661
2024,21095,breaking,-0.01202434793715752
2024,21095,fastball,0.05391916355712019
2024,21095,offspeed,-0.040194788560182985
2024,21170,breaking,-0.008457466128538064
2024,21170,fastball,0.00298191720397439
2024,21170,offspeed,-0.0005130785109942542
2024,21178,breaking,-0.010277041154605331
2024,21178,fastball,0.06460102414159194
2024,21178,offspeed,-0.037211648442218935
2024,21279,breaking,-0.05222430618928732
2024,21279,fastball,0.025818983183222503
2024,21279,offspeed,0.03264675053192928
2024,21372,breaking,-0.07384006342145158
2024,21372,fastball,-0.031120518760365777
2024,21372,offspeed,-0.01666816426763265
2024,21402,breaking,0.0664399448554161
2024,21402,fastball,0.10157900061057262
2024,21402,offspeed,0.08684745545959839
2024,21414,breaking,0.021972775403912292
2024,21414,fastball,0.048558419208041076
2024,21414,offspeed,0.002384283897402771
2024,21415,breaking,-0.09111616528026957
2024,21415,fastball,-0.018339120393916372
2024,21415,offspeed,-0.004775789182499682
2024,21432,breaking,-0.08966749163154639
2024,21432,fastball,0.011824886814675917
2024,21432,offspeed,0.0556633170769513
2024,21441,breaking,-0.049028171558409085
2024,21441,fastball,0.040699937453152625
2024,21441,offspeed,-0.018705468499352288
2024,21549,breaking,0.04392142825531082
2024,21549,fastball,0.18849473511435622
2024,21549,offspeed,-0.013693145446787484
2024,21558,breaking,-0.020296961252192883
2024,21558,fastball,0.011349466469984689
2024,21558,offspeed,0.0865270393262022
2024,21571,breaking,0.04302040810395921
2024,21571,fastball,0.008447876324455653
2024,21571,offspeed,0.011555822252182506
2024,21587,breaking,0.004750609683832402
2024,21587,fastball,-0.017946641712042386
2024,21587,offspeed,-0.006781058364071724
2024,21588,breaking,-0.015600097388997558
2024,21588,fastball,0.0006988769360707633
2024,21588,offspeed,-0.034261770541171827
2024,21595,breaking,-0.10403952812779892
2024,21595,fastball,-0.04291224092905299
2024,21595,offspeed,-0.022227797182698943
2024,21622,breaking,-0.045846734944957133
2024,21622,fastball,0.0764637370660797
2024,21622,offspeed,0.02129578845009178
2024,21624,fastball,-0.022080755152229768
2024,21654,breaking,-0.05058645072822396
2024,21654,fastball,0.029862546852352
2024,21654,offspeed,0.018809931828297818
2024,21690,breaking,0.02829115149494361
2024,21690,fastball,0.04755336590860241
2024,21690,offspeed,0.03257224242319986
2024,21699,breaking,-0.005576328659889788
2024,21699,fastball,-0.016303835253702763
2024,21699,offspeed,-0.01465061574579673
2024,21733,breaking,-0.055483704996106005
2024,21733,fastball,0.02817223008953682
2024,21733,offspeed,-0.04967087253103796
2024,21754,breaking,-0.025799411827360716
2024,21754,fastball,0.00493621135769111
2024,21754,offspeed,0.010683224462420126
2024,21789,breaking,-0.09899275558754886
2024,21789,fastball,0.04374319285033807
2024,21789,offspeed,-0.007572053380667744
2024,21795,breaking,-0.09795208180922772
2024,21795,fastball,-0.02171547271162684
2024,21795,offspeed,-0.03469394969762115
2024,21813,breaking,-0.03505300286335937
2024,21813,fastball,0.049157074829009766
2024,21813,offspeed,-0.058645671721667014
2024,21830,breaking,-0.008147175939833155
2024,21830,fastball,0.12513538232179613
2024,21830,offspeed,0.002376027599714234
2024,21840,breaking,-0.042056502099509306
2024,21840,fastball,0.02023547572550831
2024,21840,offspeed,-0.053925411978932435
2024,21857,breaking,0.006906706977982813
2024,21857,fastball,0.012030938209535085
2024,21874,breaking,0.07635971323369165
2024,21874,fastball,0.06877879163315333
2024,21874,offspeed,0.04588510706540065
2024,21875,breaking,-0.005797880726290847
2024,21875,fastball,-0.020548981439055508
2024,21875,offspeed,0.02147953833688571
2024,21916,breaking,-0.008290798843931163
2024,21916,fastball,0.044210541112285874
2024,21916,offspeed,0.06492985615249824
2024,21936,breaking,-0.028740654135484867
2024,21936,fastball,-0.0007759559583380939
2024,21936,offspeed,-0.035979040978725604
2024,21940,breaking,-0.02739829020300416
2024,21940,fastball,0.07081508869664105
2024,21940,offspeed,-0.0017160017375221486
2024,21943,breaking,-0.03604148734330127
2024,21943,fastball,-0.04855038707434672
2024,21943,offspeed,-0.039292248729577706
2024,21955,breaking,-0.024851667717625134
2024,21955,fastball,-0.0016155094591917489
2024,21955,offspeed,0.06106376781923298
2024,21961,breaking,-0.05808350098599485
2024,21961,fastball,0.04923412168699824
2024,21961,offspeed,0.03652525308255895
2024,21978,breaking,0.004559593557218148
2024,21978,fastball,0.05673515109778789
2024,21978,offspeed,-0.0303387443878579
2024,21991,breaking,-0.021210249408276653
2024,21991,fastball,-0.04780780161522698
2024,21991,offspeed,-0.005963115862892637
2024,21994,breaking,0.00622497692929409
2024,21994,fastball,-0.008617570778808864
2024,21994,offspeed,0.017439615379411768
2024,21998,breaking,-0.04495006134645056
2024,21998,fastball,0.06858543638172399
2024,21998,offspeed,-0.022795397642237012
2024,22007,breaking,0.04296227437076859
2024,22007,fastball,0.03349610418027195
2024,22007,offspeed,0.08816697052076444
2024,22015,breaking,-0.09212657717685364
2024,22015,fastball,-0.10038214953334486
2024,22015,offspeed,-0.0854336217591715
2024,22028,breaking,-0.05982751701947939
2024,22028,fastball,0.007939777355591955
2024,22028,offspeed,-0.05029430795626264
2024,22029,breaking,0.017348944685184425
2024,22029,fastball,0.058783170108844957
2024,22029,offspeed,0.0002621194066820488
2024,22094,breaking,-0.07316506747260562
2024,22094,fastball,-0.09117794465906703
2024,22094,offspeed,0.011016681877017272
2024,22099,breaking,0.0031576577224254193
2024,22099,fastball,-0.054681892752824625
2024,22099,offspeed,-0.07917994859471211
2024,22110,breaking,0.051915815444303084
2024,22110,fastball,0.02448144465863398
2024,22110,offspeed,0.015633184556921087
2024,22118,breaking,-0.1594093150526853
2024,22118,fastball,-0.019859859903889988
2024,22118,offspeed,0.014754075230432333
2024,22123,breaking,-0.035741096445252564
2024,22123,fastball,0.09575878214596742
2024,22123,offspeed,-0.03599693853075283
2024,22131,breaking,0.01571723250837219
2024,22131,fastball,0.14921593959624388
2024,22131,offspeed,0.1820483559528622
2024,22136,breaking,-0.03889261846120411
2024,22136,fastball,-0.046213030058519726
2024,22136,offspeed,-0.06970682232382397
2024,22143,breaking,-0.0724337459587408
2024,22143,fastball,-0.008072176755378925
2024,22143,offspeed,0.02983438471360302
2024,22154,breaking,-0.01316786524302787
2024,22154,fastball,0.010689227736172004
2024,22154,offspeed,0.00089176326696003
2024,22156,breaking,-0.03058584274960143
2024,22156,fastball,0.01902158880175614
2024,22156,offspeed,-0.0031885824756288307
2024,22163,breaking,-0.061366433981525366
2024,22163,fastball,0.09014086754270509
2024,22163,offspeed,0.0049056117820305625
2024,22180,breaking,0.0442054690453245
2024,22180,fastball,0.02168954979553149
2024,22180,offspeed,0.011392362193275342
2024,22192,breaking,-0.055710181062245095
2024,22192,fastball,-0.034188241569291546
2024,22192,offspeed,-0.04265964286282678
2024,22201,breaking,-0.06573067027731352
2024,22201,fastball,0.048563512328195536
2024,22201,offspeed,-0.060666629625432254
2024,22203,breaking,-0.0020736258390265127
2024,22203,fastball,0.00837625067658454
2024,22205,breaking,0.009398218389396916
2024,22205,fastball,0.054481977475169294
2024,22205,offspeed,0.004726669848235026
2024,22220,breaking,0.027282185639211618
2024,22220,fastball,-0.038874092226834515
2024,22220,offspeed,-0.024163096877446343
2024,22231,breaking,0.054286848464066666
2024,22231,fastball,0.05793036036423448
2024,22231,offspeed,-0.010161218436813004
2024,22233,breaking,-0.0542744153995408
2024,22233,fastball,-0.04465243968800163
2024,22233,offspeed,-0.008477908406632572
2024,22234,breaking,0.02338114388197822
2024,22234,fastball,-0.017119011902303076
2024,22234,offspeed,-0.06111865885387344
2024,22249,breaking,-0.025591490404187206
2024,22249,fastball,-0.010572177952169207
2024,22249,offspeed,-0.030430645922278884
2024,22250,breaking,-0.025518040473175078
2024,22250,fastball,-0.0010300361854395461
2024,22250,offspeed,-0.0105754166073209
2024,22253,breaking,0.04308123258589755
2024,22253,fastball,0.02000628593369152
2024,22253,offspeed,0.014711851271764931
2024,22254,breaking,0.060544849232776844
2024,22254,fastball,0.0587108499453612
2024,22254,offspeed,-0.0017254070911010436
2024,22261,breaking,0.05414497279180018
2024,22261,fastball,-0.003244450502467885
2024,22261,offspeed,-0.008447064635287202
2024,22277,breaking,-0.03992799200558959
2024,22277,fastball,0.010392569513728907
2024,22277,offspeed,-0.006630313477282833
2024,22278,breaking,-0.10344978288636293
2024,22278,fastball,-0.0566843715842386
2024,22278,offspeed,0.005219349942522067
2024,22280,breaking,-0.08023778835884017
2024,22280,fastball,-0.0373273948001227
2024,22280,offspeed,0.03174209664460601
2024,22292,breaking,-0.05298225148364301
2024,22292,fastball,0.02177380563059796
2024,22292,offspeed,-0.029551165449967554
2024,22293,breaking,0.0036901281570908434
2024,22293,fastball,0.030826685168995685
2024,22293,offspeed,-0.0926917977951519
2024,22302,breaking,-0.05008940955618254
2024,22302,fastball,-0.03070101847845323
2024,22302,offspeed,-0.006529355147001938
2024,22305,breaking,-0.08493883637975856
2024,22305,fastball,-0.0292424472236394
2024,22309,breaking,0.04125850114950248
2024,22309,fastball,0.13093993676102908
2024,22309,offspeed,0.017759607667729438
2024,22311,breaking,-0.036456655301530735
2024,22311,fastball,-0.01751069298365499
2024,22311,offspeed,0.0011596363551186833
2024,22312,breaking,-0.07440341938046699
2024,22312,fastball,-0.04956047895428776
2024,22312,offspeed,-0.04450196226774905
2024,22318,breaking,0.06587860235111859
2024,22318,fastball,0.010282105349022984
2024,22318,offspeed,0.030765687765110687
2024,22321,breaking,0.04447757714104042
2024,22321,fastball,0.07020165635947578
2024,22321,offspeed,0.01676486879132396
2024,22332,breaking,-0.008457466128538064
2024,22332,fastball,-0.056660307054048176
2024,22335,breaking,-0.037195179872784534
2024,22335,fastball,0.0015930151897207562
2024,22335,offspeed,0.006089227294176591
2024,22345,fastball,-0.009320998616918796
2024,22345,offspeed,-0.024566925420991516
2024,22349,breaking,-0.03381965758505826
2024,22349,fastball,-0.012742963919015244
2024,22368,breaking,-0.02993489158412686
2024,22368,fastball,-0.04464887807008539
2024,22368,offspeed,0.014861689509178396
2024,22380,breaking,-0.008096616532793595
2024,22380,fastball,0.008104324650771069
2024,22380,offspeed,-0.004246987429997727
2024,22389,breaking,0.028660506368219773
2024,22389,fastball,0.060280508524726294
2024,22389,offspeed,0.02424702414842112
2024,22397,breaking,-0.009838826318760771
2024,22397,fastball,0.04672923159593872
2024,22397,offspeed,-0.027238781871424176
2024,22404,breaking,0.026705010714599655
2024,22404,fastball,0.09535110929551421
2024,22404,offspeed,-0.011659140172091496
2024,22414,fastball,0.04638634180420924
2024,22414,offspeed,0.009632205667345576
2024,22419,breaking,-0.05016820987027833
2024,22419,fastball,0.04024066233543009
2024,22419,offspeed,0.007398871006953491
2024,22427,breaking,-0.013677007050467987
2024,22427,fastball,0.06684971607002282
2024,22427,offspeed,-0.001958238297359069
2024,22428,breaking,-0.02591376179451895
2024,22428,fastball,0.020219546961238673
2024,22428,offspeed,0.05433369841445799
2024,22435,breaking,-0.0013079396158726681
2024,22435,fastball,0.10594588670269005
2024,22435,offspeed,0.016974192152536413
2024,22458,breaking,0.03954107539805553
2024,22458,fastball,0.03345983974101247
2024,22458,offspeed,-0.07453785284421513
2024,22469,breaking,-0.09492704308090862
2024,22469,fastball,-0.02363370174603819
2024,22469,offspeed,-0.030655037586622486
2024,22473,breaking,-0.036309558718801586
2024,22473,fastball,-0.007752253443750411
2024,22473,offspeed,-0.08959667460862905
2024,22478,breaking,-0.07151988201107164
2024,22478,fastball,-0.08116752190181949
2024,22487,breaking,-0.10695157155737717
2024,22487,fastball,-0.04399422987748656
2024,22487,offspeed,-0.06468315443753359
2024,22491,breaking,0.02942008341380606
2024,22491,fastball,0.043313496761308086
2024,22491,offspeed,-0.06591127884687636
2024,22505,breaking,-0.03274495504616354
2024,22505,fastball,-0.016610582614143925
2024,22505,offspeed,-0.03276863729186701
2024,22508,breaking,-0.027341342726797547
2024,22508,fastball,0.015279043962653071
2024,22508,offspeed,0.06540989853754672
2024,22525,breaking,-0.040222008274558234
2024,22525,fastball,0.00591920972438746
2024,22525,offspeed,-0.035287702597127386
2024,22539,breaking,-0.04783077684968186
2024,22539,fastball,-0.06927586290353302
2024,22539,offspeed,-0.02291009062213624
2024,22540,breaking,0.010116147359876926
2024,22540,fastball,0.024262127566220322
2024,22540,offspeed,-0.03154931930124876
2024,22541,breaking,-0.07189188268423147
2024,22541,fastball,-0.0658911324213161
2024,22541,offspeed,-0.007189890326972721
2024,22547,breaking,-0.09170701441744736
2024,22547,fastball,-0.027005964779237772
2024,22547,offspeed,0.04952533747326665
2024,22548,breaking,-0.03432194984875283
2024,22548,fastball,0.04578219404695154
2024,22548,offspeed,0.015328104663472354
2024,22551,breaking,-0.03924713917586334
2024,22551,fastball,-0.047342529313935136
2024,22551,offspeed,-0.006781058364071724
2024,22575,breaking,-0.0017562289261271115
2024,22575,fastball,0.007675824707177043
2024,22575,offspeed,-0.039904090856412895
2024,22579,breaking,-0.01573586825156254
2024,22579,fastball,0.018240400969412082
2024,22579,offspeed,-0.017946641712042386
2024,22583,breaking,-0.04314795232879031
2024,22583,fastball,-0.0008999743781262315
2024,22583,offspeed,-0.08013528210530729
2024,22592,breaking,-0.07104439137934339
2024,22592,fastball,-0.004687929784512188
2024,22592,offspeed,-0.005933114995646943
2024,22595,breaking,-0.05208119704219197
2024,22595,fastball,-0.04928930875799514
2024,22595,offspeed,-0.018793134274022804
2024,22596,breaking,0.06866378788534472
2024,22596,fastball,0.1002100274594934
2024,22596,offspeed,0.028464372880544903
2024,22597,breaking,-0.04282624187859856
2024,22597,fastball,-0.10656295752092858
2024,22597,offspeed,-0.0659184588834755
2024,22598,breaking,0.03239144268571853
2024,22598,fastball,-0.008371668746666425
2024,22598,offspeed,0.006824785271732595
2024,22615,breaking,-0.06672382692818529
2024,22615,fastball,0.041853273509726806
2024,22615,offspeed,0.04170300837370501
2024,22617,breaking,-0.011371239533519564
2024,22617,fastball,0.005786283103687388
2024,22617,offspeed,-0.03579220111321477
2024,22621,breaking,-0.09347191427150633
2024,22621,fastball,0.03952132545253009
2024,22621,offspeed,0.0094612302797659
2024,22622,breaking,-0.08188390535125929
2024,22622,fastball,-0.03756192510823801
2024,22622,offspeed,0.01703470521240414
2024,22624,breaking,-0.043354579447880244
2024,22624,fastball,-0.025459340746961198
2024,22624,offspeed,-0.05587739577083964
2024,22640,breaking,-0.028103646533233557
2024,22640,fastball,-0.12001651925108305
2024,22640,offspeed,-0.042015235445086514
2024,22651,breaking,-0.061541707766431274
2024,22651,fastball,-0.01220579617874234
2024,22651,offspeed,-0.0016069554958081194
2024,22666,breaking,-0.027700979964128635
2024,22666,fastball,-0.037253522293297224
2024,22666,offspeed,-0.016489576428413918
2024,22667,breaking,-0.11095160137332054
2024,22667,fastball,-0.01491350147614566
2024,22667,offspeed,0.049333016984328314
2024,22668,breaking,0.01236692991074469
2024,22668,fastball,0.045505415871928155
2024,22668,offspeed,-0.009867700476297958
2024,22675,breaking,0.04222570643400568
2024,22675,fastball,0.011623988596368937
2024,22675,offspeed,0.024126485070842498
2024,22703,breaking,-0.10452214281071177
2024,22703,fastball,0.030360764242760806
2024,22703,offspeed,-0.009430118270834485
2024,22708,breaking,-0.03570395389124204
2024,22708,fastball,0.004111543718206935
2024,22708,offspeed,-0.035803523133439055
2024,22710,breaking,0.005146989112566599
2024,22710,fastball,0.05397379516141202
2024,22710,offspeed,-0.023709797264872268
2024,22717,breaking,-0.12242315190395517
2024,22717,fastball,-0.062303182525875696
2024,22717,offspeed,0.024384568834254418
2024,22720,breaking,0.05314019364732084
2024,22720,fastball,0.009037773903367437
2024,22720,offspeed,-0.04571746341001653
2024,22721,breaking,-0.030271747938098868
2024,22721,fastball,0.017804269656713657
2024,22721,offspeed,0.04916533795403106
2024,22722,breaking,-0.005260537632529367
2024,22722,fastball,0.025709250836995514
2024,22729,breaking,-0.06215390379027875
2024,22729,fastball,0.030522545599858383
2024,22729,offspeed,-0.03148128037257625
2024,22730,breaking,0.03501921344716581
2024,22730,fastball,0.01862583443373774
2024,22730,offspeed,0.002690240368433584
2024,22731,breaking,0.011025524549327594
2024,22731,fastball,0.020558872099374938
2024,22731,offspeed,0.010566624284913291
2024,22734,breaking,-0.06316921870889132
2024,22734,fastball,-0.028520084197172186
2024,22734,offspeed,-0.004820988101984708
2024,22735,breaking,-0.052496930671965876
2024,22735,fastball,0.023410864343789615
2024,22735,offspeed,-0.0450579582667893
2024,22738,breaking,-0.017359165439243884
2024,22738,fastball,0.028395360664746357
2024,22738,offspeed,-0.008740777493470566
2024,22741,breaking,0.02107590729517166
2024,22741,fastball,0.07201085323204766
2024,22741,offspeed,0.021142868035697097
2024,22742,breaking,-0.004550352127249534
2024,22742,fastball,-0.0017454029385449044
2024,22742,offspeed,-0.01704031365344701
2024,22743,breaking,0.04861376656852182
2024,22743,fastball,-0.001258751889438907
2024,22743,offspeed,0.012404872650122146
2024,22759,breaking,-0.019790984134448464
2024,22759,fastball,0.004815747207194258
2024,22759,offspeed,-0.017078600976617335
2024,22761,breaking,0.03823736751985067
2024,22761,fastball,0.0471889176122381
2024,22761,offspeed,0.007365055906556058
2024,22772,breaking,-0.041717354548618676
2024,22772,fastball,0.018029023434381442
2024,22772,offspeed,-0.031220408491219737
2024,22776,breaking,-0.017369345998512857
2024,22776,fastball,0.03758204815714353
2024,22776,offspeed,-0.037021609008015446
2024,22782,breaking,-0.06483043440812804
2024,22782,fastball,0.009549339595391532
2024,22782,offspeed,0.02902447821738697
2024,22784,breaking,-0.06183297263572426
2024,22784,fastball,-0.01659346275811661
2024,22785,breaking,-0.06874647706692663
2024,22785,fastball,-0.006937934123951389
2024,22785,offspeed,-0.011985243847808906
2024,22786,breaking,0.018111699419611035
2024,22786,fastball,0.015350900522334865
2024,22786,offspeed,-0.011642832939118417
2024,22795,breaking,0.011051575201937648
2024,22795,fastball,0.006424015790139
2024,22795,offspeed,0.011878184557003894
2024,22810,breaking,-0.003551420901425247
2024,22810,fastball,0.037925501084802554
2024,22810,offspeed,-0.0009560747774779011
2024,22815,breaking,-0.012004526959661563
2024,22815,fastball,0.016845851769651785
2024,22820,breaking,-0.10403246073879915
2024,22820,fastball,-0.062442366699392134
2024,22820,offspeed,-0.0613950020602649
2024,22821,breaking,-0.03307936325030691
2024,22821,fastball,0.021444843092141362
2024,22821,offspeed,-0.07080653869736116
2024,22834,breaking,-0.06441050022679289
2024,22834,fastball,-0.05103148189074983
2024,22834,offspeed,-0.02562336890961521
2024,22836,breaking,-0.04554633555302781
2024,22836,fastball,-0.05448416654797514
2024,22836,offspeed,0.024534621244491628
2024,22840,breaking,-0.05749747786692897
2024,22840,fastball,0.0055534019441132385
2024,22840,offspeed,-0.0031737860242582335
2024,22851,breaking,-0.021981968875856323
2024,22851,fastball,-0.01786538138158733
2024,22851,offspeed,0.008852476847305607
2024,22867,breaking,-0.0774040998214582
2024,22867,fastball,-0.03163844514574459
2024,22867,offspeed,-0.008693909547975645
2024,22869,breaking,-0.1533191709804543
2024,22869,fastball,-0.07535326772482086
2024,22869,offspeed,-0.010111294399683873
2024,22870,breaking,0.0010869339565285727
2024,22870,fastball,0.050977054536456935
2024,22870,offspeed,0.0595266933298365
2024,22881,breaking,-0.0020736258390265127
2024,22881,fastball,0.043177551061191574
2024,22881,offspeed,-0.008477908406632572
2024,22890,breaking,-0.04866346965976624
2024,22890,fastball,-0.011123375597585368
2024,22890,offspeed,-0.024409009257318173
2024,22893,fastball,0.00517175500626961
2024,22899,breaking,-0.007308693288163939
2024,22899,fastball,-0.013298732612844767
2024,22899,offspeed,0.00358819593153255
2024,22901,breaking,0.02618539275135969
2024,22901,fastball,0.053048173404102485
2024,22901,offspeed,0.008099729281285476
2024,22904,breaking,-0.11184713214121718
2024,22904,fastball,-0.01357917490831403
2024,22904,offspeed,-0.004461701593505528
2024,22905,breaking,0.0258275232077602
2024,22905,fastball,0.03190498681624278
2024,22905,offspeed,-0.06290644923750636
2024,22908,breaking,0.017943897011159136
2024,22908,fastball,0.03764901753487859
2024,22908,offspeed,0.025827945286705876
2024,22911,breaking,-0.013657402582904455
2024,22911,fastball,0.06477220561031156
2024,22911,offspeed,-0.10601352133163627
2024,22915,breaking,0.012818300907483024
2024,22915,fastball,-0.03421231247898634
2024,22915,offspeed,-0.03432194984875283
2024,22922,breaking,-0.057631851370663276
2024,22922,fastball,-0.08506160252870507
2024,22922,offspeed,-0.015141683977396335
2024,22923,breaking,-0.018915742582480875
2024,22923,fastball,-0.07500652084442903
2024,22925,breaking,-0.0276315524452602
2024,22925,fastball,0.0009377238923862516
2024,22925,offspeed,-0.007224764411579225
2024,22926,breaking,-0.06299354193674232
2024,22926,fastball,-0.047209244187429666
2024,22926,offspeed,0.0006964995941796513
2024,22932,breaking,0.029520080856846365
2024,22932,fastball,0.018344870729309133
2024,22932,offspeed,-0.03967547009076742
2024,22933,breaking,0.013951530571471957
2024,22933,fastball,-0.03200189164668254
2024,22933,offspeed,-0.023846243949605682
2024,22960,breaking,0.028146265275073856
2024,22960,fastball,-0.00722609715393337
2024,22960,offspeed,0.02573270123315004
2024,22964,breaking,0.011773666178917303
2024,22964,fastball,0.01425173019755228
2024,22964,offspeed,0.027324343707381352
2024,22978,breaking,-0.08101510998603202
2024,22978,fastball,-0.039290593688636924
2024,22978,offspeed,-0.07087655898646221
2024,22985,breaking,-0.008276889698682916
2024,22985,fastball,0.032355279009401744
2024,22985,offspeed,0.02270074833694939
2024,22996,breaking,0.03302780116404562
2024,22996,fastball,0.07899784773808709
2024,22996,offspeed,0.00521743801388696
2024,23005,breaking,-0.020327727409670118
2024,23005,fastball,-0.01677066459000858
2024,23005,offspeed,-0.002841194156150368
2024,23023,breaking,-0.06878319941798557
2024,23023,fastball,-0.000630885278057856
2024,23024,breaking,0.012752111692894934
2024,23024,fastball,-0.05148845443984444
2024,23030,breaking,-0.04193229729683513
2024,23030,fastball,-0.06120965885047164
2024,23030,offspeed,-0.09732159098971024
2024,23035,breaking,-0.1164080323947132
2024,23035,fastball,-0.016827715486677584
2024,23035,offspeed,-0.016237085111999443
2024,23041,breaking,0.015350900522334865
2024,23041,fastball,0.011192774913373628
2024,23041,offspeed,0.018111699419611035
2024,23043,breaking,-0.04797777978873596
2024,23043,fastball,-0.02400154421316847
2024,23043,offspeed,-0.05005103767372781
2024,23047,breaking,-0.05971723055336008
2024,23047,fastball,-0.01907332089335942
2024,23047,offspeed,-0.01271600784931038
2024,23053,breaking,-0.05385401336530658
2024,23053,fastball,-0.08589382670833288
2024,23053,offspeed,-0.053171317273457405
2024,23054,breaking,-0.04087100212666625
2024,23054,fastball,0.014330482095644364
2024,23054,offspeed,-0.05317820331086683
2024,23082,breaking,0.038865733849646596
2024,23082,fastball,0.03154079185256518
2024,23082,offspeed,0.015160892066655047
2024,23090,breaking,-0.020377524005610874
2024,23090,fastball,0.04096075615864446
2024,23090,offspeed,-0.019671950957799833
2024,23091,breaking,-0.028763300580388965
2024,23091,fastball,-0.04892435710325946
2024,23092,breaking,-0.03569213958805211
2024,23092,fastball,-0.04725955171097781
2024,23092,offspeed,-0.049379779292593164
2024,23094,breaking,-0.044733371861464685
2024,23094,fastball,0.06911289782188737
2024,23094,offspeed,-0.03637073851347979
2024,23097,breaking,-0.07642331777673234
2024,23097,fastball,-0.11785260187957068
2024,23097,offspeed,-0.0299423301697566
2024,23101,breaking,-0.025493906699375696
2024,23101,fastball,-0.07457961512773732
2024,23101,offspeed,0.025738456259033385
2024,23105,breaking,-0.01809777976889652
2024,23105,fastball,-0.019706186426966466
2024,23105,offspeed,-0.002205616581583485
2024,23110,breaking,-0.04374769781943369
2024,23110,fastball,-0.004027485311329824
2024,23110,offspeed,-0.03622894712233805
2024,23112,breaking,-0.005477465872278411
2024,23112,fastball,0.07744656301603883
2024,23112,offspeed,-0.0567254970579086
2024,23115,breaking,-0.026084052486606845
2024,23115,fastball,-0.05445914960343217
2024,23115,offspeed,-0.011345207729059389
2024,23116,fastball,0.026299223737025444
2024,23117,breaking,0.0024866994196110354
2024,23117,fastball,0.03824526438988225
2024,23117,offspeed,-0.019110255389656675
2024,23122,breaking,-0.09289186867583242
2024,23122,fastball,0.0348516542687851
2024,23122,offspeed,-0.005545011931190136
2024,23137,breaking,-0.0037487125603246265
2024,23137,fastball,-0.006925294776944348
2024,23137,offspeed,-0.006232062637034258
2024,23139,breaking,-0.017227662766504236
2024,23139,fastball,0.0005756256203237532
2024,23139,offspeed,0.0025854316099353293
2024,23145,breaking,-0.009308208116442144
2024,23145,fastball,0.003176931410950896
2024,23145,offspeed,-0.036797667411251414
2024,23150,breaking,0.00213390461652987
2024,23150,fastball,0.050385819281797604
2024,23151,breaking,-0.03980370856405716
2024,23151,fastball,0.0015218461657609337
2024,23151,offspeed,-0.0015531013889343859
2024,23154,breaking,0.0007459151172925483
2024,23154,fastball,-0.0403672009889515
2024,23154,offspeed,-0.014093032017396912
2024,23157,breaking,-0.06884676532711627
2024,23157,fastball,-0.06273326177847872
2024,23157,offspeed,-0.01782636886056723
2024,23158,breaking,-0.027344416143399487
2024,23158,fastball,0.03277507452480302
2024,23158,offspeed,-0.008914217504444932
2024,23175,breaking,-0.01119057210452022
2024,23175,fastball,-0.0456061777295984
2024,23175,offspeed,-0.008635664112400798
2024,23177,breaking,0.006945365105698278
2024,23177,fastball,0.05414698183022701
2024,23177,offspeed,0.004943116094233735
2024,23182,breaking,0.027196875086125494
2024,23182,fastball,0.01330714319646011
2024,23182,offspeed,-0.009236926223670908
2024,23190,breaking,-0.044366473598545196
2024,23190,fastball,-0.021868384138953017
2024,23190,offspeed,-0.06083167661723326
2024,23194,breaking,-0.0016194673432840115
2024,23194,fastball,-0.012587601519517946
2024,23194,offspeed,0.001346098952447612
2024,23204,breaking,-0.0716518475798218
2024,23204,fastball,-0.039632674094294856
2024,23204,offspeed,-0.04349162255781936
2024,23206,breaking,-0.06376010534092427
2024,23206,fastball,0.015105606381352187
2024,23206,offspeed,0.016851569063500205
2024,23225,breaking,-0.13338444550950776
2024,23225,fastball,-0.01916885085906103
2024,23225,offspeed,0.015147246114065692
2024,23229,breaking,-0.05431760277662965
2024,23229,fastball,0.05059894840636857
2024,23229,offspeed,-0.07211189784905953
2024,23231,breaking,-0.037192242743942006
2024,23231,fastball,0.018513083141826533
2024,23231,offspeed,-0.024427715132816014
2024,23232,breaking,-0.05315875282397215
2024,23232,fastball,-0.003379056508785878
2024,23232,offspeed,-0.006965509564359918
2024,23235,breaking,0.022526390477328722
2024,23235,fastball,0.13440917052928636
2024,23235,offspeed,0.036338374442590055
2024,23236,breaking,0.026755849230986867
2024,23236,fastball,-0.014487594736747923
2024,23236,offspeed,0.022369495969323354
2024,23238,breaking,-0.014435608964938567
2024,23238,fastball,0.011613182145821592
2024,23238,offspeed,-0.05162648856959157
2024,23240,breaking,-0.0011457360288772576
2024,23240,fastball,0.028677989014377698
2024,23240,offspeed,-0.003965781227745338
2024,23257,breaking,-0.055893740837638095
2024,23257,fastball,0.017169755284373905
2024,23257,offspeed,-0.06906738203871891
2024,23258,breaking,-0.0616303240948624
2024,23258,fastball,-0.07446649187048393
2024,23258,offspeed,0.022849476660064084
2024,23260,breaking,-0.015147800683909633
2024,23260,fastball,-0.05093075790495098
2024,23260,offspeed,-0.04933856541328687
2024,23262,breaking,-0.018175887085287917
2024,23262,fastball,0.005471526052639845
2024,23262,offspeed,-0.0020468548272234003
2024,23267,breaking,0.04489660701199355
2024,23267,fastball,0.027009309333702478
2024,23267,offspeed,-0.008477908406632572
2024,23284,breaking,-0.03564267924934229
2024,23284,fastball,0.00857193193471602
2024,23284,offspeed,0.012759303324904948
2024,23286,breaking,-0.05113051094994251
2024,23286,fastball,0.021168378409881713
2024,23286,offspeed,-0.0018219087439965728
2024,23288,breaking,0.04488783458415513
2024,23288,fastball,0.056427013377240966
2024,23288,offspeed,-0.03356947602860685
2024,23289,breaking,-0.07455870883931848
2024,23289,fastball,0.04243967328685842
2024,23289,offspeed,-0.023511119320500425
2024,23293,breaking,0.007003092263142727
2024,23293,fastball,0.0395680239206188
2024,23293,offspeed,0.03843163228364358
2024,23294,breaking,-0.01417382966758992
2024,23294,fastball,-0.02380717342807572
2024,23294,offspeed,0.016611030053628514
2024,23302,breaking,-0.1413298034823338
2024,23302,fastball,-0.05348857761477621
2024,23302,offspeed,-0.012742963919015244
2024,23306,breaking,0.018149307407748207
2024,23306,fastball,0.017799769573534827
2024,23306,offspeed,-0.0113554859517403
2024,23307,breaking,-0.0645700215521008
2024,23307,fastball,-0.02452404932508987
2024,23307,offspeed,-0.02649407701420132
2024,23312,breaking,-0.05712934321551125
2024,23312,fastball,0.03903884155262485
2024,23312,offspeed,0.006683951074303972
2024,23314,breaking,-0.11280511395841872
2024,23314,fastball,-0.03822452299640193
2024,23314,offspeed,-0.010859431389029176
2024,23331,breaking,-0.04609839780479767
2024,23331,fastball,-0.02782401176876881
2024,23331,offspeed,-0.035295399370537675
2024,23332,breaking,-0.03270700449157742
2024,23332,fastball,-0.03644609835339458
2024,23332,offspeed,-0.02291009062213624
2024,23334,breaking,-0.016648977658439257
2024,23334,fastball,0.015595617627006161
2024,23334,offspeed,-0.0240901498972093
2024,23336,breaking,0.05226478473856493
2024,23336,fastball,0.002060580862237718
2024,23336,offspeed,0.019598911315370657
2024,23342,breaking,0.03959133494116313
2024,23342,fastball,0.0008614243895891056
2024,23342,offspeed,-0.02604813405826707
2024,23343,fastball,-0.023487951142492983
2024,23343,offspeed,-0.011489976811972485
2024,23347,breaking,0.010724836622131894
2024,23347,fastball,0.09002313917430149
2024,23347,offspeed,0.0004440425419626386
2024,23348,offspeed,-0.0003056419762286211
2024,23360,breaking,0.004438252783627002
2024,23360,fastball,-0.04884862747996889
2024,23360,offspeed,0.003314811725284335
2024,23361,breaking,-0.01199396795934523
2024,23361,fastball,-0.009289880481212693
2024,23361,offspeed,0.0009933732996234956
2024,23362,breaking,-0.03510928821111491
2024,23362,fastball,0.008006731098885733
2024,23362,offspeed,-0.0013176220490506276
2024,23363,breaking,-0.04972357389684927
2024,23363,fastball,-0.005332460846661221
2024,23363,offspeed,0.01429497500851137
2024,23366,breaking,0.004668960876480331
2024,23366,fastball,-0.030437806965481123
2024,23366,offspeed,-0.021418660812778142
2024,23369,breaking,-0.07485249117693066
2024,23369,fastball,-0.03823453088971251
2024,23369,offspeed,-0.005209506355788942
2024,23383,breaking,-0.10683868905928637
2024,23383,fastball,0.019869820830882817
2024,23383,offspeed,0.0051933544194834955
2024,23384,breaking,-0.035497327448830086
2024,23384,fastball,-0.09358880146296818
2024,23384,offspeed,0.01454350975548241
2024,23385,breaking,-0.016597282583349877
2024,23385,fastball,-0.08405815066672176
2024,23385,offspeed,-0.013935559921060242
2024,23411,breaking,-0.05696629652864794
2024,23411,fastball,0.05476458565880426
2024,23411,offspeed,0.005373856708735971
2024,23414,breaking,1.2356711685920721e-05
2024,23414,fastball,-0.0047494656933088
2024,23414,offspeed,-0.039097734230500905
2024,23415,breaking,0.04670665624380479
2024,23415,fastball,0.13506071139300888
2024,23415,offspeed,-0.07273373621016202
2024,23418,breaking,-0.039368279023490854
2024,23418,fastball,0.039032408063382255
2024,23418,offspeed,-0.025237421174653787
2024,23421,breaking,0.013782964028006007
2024,23421,fastball,0.005894479553132723
2024,23421,offspeed,-0.002950167301674114
2024,23422,breaking,-0.18251190793130528
2024,23422,fastball,-0.010429279506044328
2024,23422,offspeed,-0.061025661733324625
2024,23423,breaking,0.0038327162360238436
2024,23423,fastball,-0.014321585677115315
2024,23423,offspeed,0.047500349992564216
2024,23424,breaking,-0.04443764160017655
2024,23424,fastball,-0.020378852668912494
2024,23424,offspeed,-0.0014020631094018182
2024,23426,breaking,-0.028876733889216334
2024,23426,fastball,-0.011508410889894006
2024,23426,offspeed,0.002768229326576325
2024,23428,breaking,-0.04790559787460011
2024,23428,fastball,-0.020907787283445316
2024,23428,offspeed,0.015555861077135608
2024,23429,breaking,-0.078065266017885
2024,23429,fastball,-0.02445736875980034
2024,23429,offspeed,0.0289511824314917
2024,23437,breaking,-0.07758539386945769
2024,23437,fastball,-0.02410861054851098
2024,23437,offspeed,-0.07785219591484255
2024,23439,breaking,0.030314066313378407
2024,23439,fastball,0.058669685094026106
2024,23439,offspeed,0.02241977091823429
2024,23440,breaking,-0.01500705676217853
2024,23440,fastball,0.025141493223941932
2024,23440,offspeed,-0.04770467803405211
2024,23446,breaking,-0.004781644060257565
2024,23446,fastball,0.01971026047094046
2024,23446,offspeed,-0.006781058364071724
2024,23455,breaking,-0.0015149129492438385
2024,23455,fastball,-0.057433667762255655
2024,23455,offspeed,-0.07956332340362375
2024,23458,breaking,-0.009478535964971358
2024,23458,fastball,0.030800386593082534
2024,23458,offspeed,-0.01663272618267083
2024,23459,breaking,0.03714709701842993
2024,23459,fastball,0.03738003352794037
2024,23459,offspeed,-0.043936866067594345
2024,23461,breaking,0.007424127224806244
2024,23461,fastball,0.012847439133913438
2024,23461,offspeed,-0.0055338303784066975
2024,23462,breaking,0.008955616173410185
2024,23462,fastball,0.006121254256541575
2024,23462,offspeed,-0.016090160383036105
2024,23475,breaking,-0.048512175486675406
2024,23475,fastball,-0.021622317902810398
2024,23475,offspeed,0.029350872366628988
2024,23476,fastball,-0.009298875217846402
2024,23478,breaking,-0.1031280851307913
2024,23478,fastball,-0.015662713929690014
2024,23478,offspeed,-0.08622449067878914
2024,23479,breaking,0.0030631775138532506
2024,23479,offspeed,0.020251568979449634
2024,23484,breaking,-0.010826030944581873
2024,23484,fastball,-0.02128255058338417
2024,23484,offspeed,0.0030504862974243536
2024,23485,breaking,-0.011578319215206825
2024,23485,fastball,-0.011498387283807986
2024,23485,offspeed,0.02577779293068859
2024,23488,breaking,-0.007800124947099011
2024,23488,fastball,-0.07864355054556785
2024,23488,offspeed,-0.03351615389580557
2024,23496,breaking,-0.05121168280910277
2024,23496,fastball,0.04060041173818108
2024,23496,offspeed,-0.01508971325693363
2024,23497,breaking,0.0026430858852329892
2024,23497,fastball,0.03809297537023837
2024,23497,offspeed,-0.005679931646029143
2024,23498,breaking,-0.07470995228650758
2024,23498,fastball,-0.059027283837860975
2024,23498,offspeed,0.04501037818653926
2024,23499,breaking,0.015295636627239864
2024,23499,fastball,-0.004210243470911271
2024,23499,offspeed,0.023844114995541496
2024,23500,breaking,-0.00758922501022517
2024,23500,fastball,0.0015970249346597485
2024,23500,offspeed,0.05250708846816962
2024,23501,breaking,-0.07164957401816235
2024,23501,fastball,0.01647605247023919
2024,23501,offspeed,-0.005138711545540757
2024,23504,breaking,-0.03741661548265758
2024,23504,fastball,0.03842472411074294
2024,23504,offspeed,-0.007806750035775438
2024,23512,breaking,0.009527230141818898
2024,23512,fastball,0.04080536360570108
2024,23512,offspeed,-0.05042662433711446
2024,23513,breaking,-0.01102528879751106
2024,23513,fastball,-0.03140146502952936
2024,23513,offspeed,-0.019410819340010283
2024,23514,breaking,-0.022497236442181892
2024,23514,fastball,0.019299320906072774
2024,23514,offspeed,0.02296910582213176
2024,23515,breaking,-0.102740752453673
2024,23515,fastball,-0.035569502696488384
2024,23515,offspeed,0.006306313979477101
2024,23516,breaking,0.025017951196548073
2024,23516,fastball,0.04938700355409446
2024,23516,offspeed,0.006404514222300693
2024,23518,breaking,0.009584275452420072
2024,23518,fastball,0.1025153526911167
2024,23518,offspeed,0.047380973863658714
2024,23519,breaking,-0.039917113738516856
2024,23519,fastball,0.0007705495944982692
2024,23519,offspeed,0.006906706977982813
2024,23520,breaking,-0.02048500364212417
2024,23520,offspeed,0.006374720772072981
2024,23532,breaking,-0.013864692395949474
2024,23532,fastball,-0.012377137242168013
2024,23532,offspeed,0.035811934833617595
2024,23534,breaking,-0.010947423679233343
2024,23534,fastball,0.04029046571556322
2024,23534,offspeed,0.022999792742424627
2024,23535,breaking,-0.054034582132564846
2024,23535,fastball,-0.05518255650558506
2024,23535,offspeed,-0.00020023204461244886
2024,23536,breaking,-0.04863277553991953
2024,23536,fastball,-0.006588124847794447
2024,23536,offspeed,-0.031138876834890906
2024,23538,breaking,-0.01807546302801353
2024,23538,fastball,-0.027786147674380448
2024,23540,breaking,0.012802966497079522
2024,23540,fastball,0.025825120530978275
2024,23540,offspeed,0.0075101105223924275
2024,23542,breaking,0.0448821613288111
2024,23542,fastball,-0.008502891886696975
2024,23542,offspeed,-0.006494600501582509
2024,23554,breaking,-0.07611269673125366
2024,23554,fastball,-0.00038065889424548227
2024,23554,offspeed,-0.07253699821767441
2024,23555,breaking,-0.0315659289951501
2024,23555,fastball,-0.04753232653246552
2024,23555,offspeed,0.018697000548303692
2024,23556,breaking,-0.03886095358434894
2024,23556,fastball,-0.01873627776145836
2024,23556,offspeed,-0.02739224744646329
2024,23557,breaking,-0.10323553619578078
2024,23557,fastball,0.04095707767110524
2024,23557,offspeed,0.0356997229793021
2024,23558,breaking,-0.025629971518745003
2024,23558,fastball,-0.025959144537045557
2024,23558,offspeed,-0.038852645549278725
2024,23560,breaking,-0.07091109745049153
2024,23560,fastball,-0.05146822189700239
2024,23560,offspeed,0.029087758385938856
2024,23561,breaking,0.08981471740601567
2024,23561,fastball,0.06173194350130627
2024,23561,offspeed,0.041135907958758905
2024,23564,breaking,-0.01830611758147231
2024,23564,fastball,-0.0004335064817050354
2024,23564,offspeed,0.004840784020005801
2024,23565,breaking,-0.06038257195733384
2024,23565,fastball,0.017994986099585945
2024,23565,offspeed,-0.03299844983762695
2024,23567,breaking,-0.022908260877750202
2024,23567,fastball,-0.02466353512472163
2024,23567,offspeed,-0.010542673939431157
2024,23568,breaking,-0.0713773396583947
2024,23568,fastball,-0.01242219307167477
2024,23568,offspeed,-0.01967209411421217
2024,23574,breaking,-0.06594682307824819
2024,23574,fastball,0.032018861596201854
2024,23574,offspeed,-0.008418895525386256
2024,23589,breaking,-0.013825753417570497
2024,23589,fastball,0.020546538969080097
2024,23589,offspeed,0.012025049707733175
2024,23590,breaking,-0.08412866026601871
2024,23590,fastball,-0.041086558091164314
2024,23590,offspeed,-0.009560711710737305
2024,23591,breaking,-0.008423112461885051
2024,23591,fastball,0.024307314417121584
2024,23591,offspeed,0.004750609683832402
2024,23593,breaking,-0.011704492231057404
2024,23593,fastball,0.03321122277858249
2024,23593,offspeed,-0.028437094888316045
2024,23596,breaking,-0.022529339298669432
2024,23596,fastball,0.027404809899605236
2024,23597,breaking,-0.043452043093079075
2024,23597,fastball,-0.02708852386714423
2024,23597,offspeed,-0.05695418340219785
2024,23599,breaking,0.039724319997707064
2024,23599,fastball,-0.03314379266040809
2024,23599,offspeed,0.006203929292588797
2024,23600,breaking,0.014644897828710262
2024,23600,fastball,0.04699462929337922
2024,23600,offspeed,-0.017298469428528043
2024,23614,breaking,0.011107096656029684
2024,23614,fastball,0.016094369764397935
2024,23614,offspeed,0.029521756545407566
2024,23615,breaking,0.010823548364198427
2024,23615,fastball,0.0046241048094219795
2024,23615,offspeed,-0.01788867640352869
2024,23617,breaking,-0.05871469241684962
2024,23617,fastball,-0.0406493129331236
2024,23617,offspeed,0.010342029175601971
2024,23618,breaking,0.01346271743774886
2024,23618,fastball,-0.018969521842141634
2024,23618,offspeed,0.01379939003398936
2024,23624,breaking,0.03622850923851497
2024,23624,fastball,0.011180883431107177
2024,23627,breaking,-0.018698474321534406
2024,23627,fastball,0.06888258945957601
2024,23627,offspeed,0.024616349039197825
2024,23628,breaking,0.015567439613337905
2024,23628,fastball,0.045247977111271855
2024,23628,offspeed,-0.014046602376319772
2024,23630,breaking,0.0697079013663189
2024,23630,fastball,0.07716986121159516
2024,23630,offspeed,-0.06346542204879545
2024,23631,breaking,0.062317798889597355
2024,23631,fastball,0.002452651123101911
2024,23631,offspeed,-0.06709032577620713
2024,23632,breaking,0.10694974772545683
2024,23632,fastball,-0.029879575139165594
2024,23632,offspeed,-0.04334306120098512
2024,23633,breaking,-0.05520179355484591
2024,23633,fastball,0.07225341667752802
2024,23633,offspeed,-0.046822095662739045
2024,23634,breaking,-0.02978464660258109
2024,23634,fastball,0.06282426716458277
2024,23634,offspeed,0.0520483115492512
2024,23636,breaking,0.0059647481671938445
2024,23636,fastball,0.020256487853970395
2024,23636,offspeed,0.01749112149752656
2024,23637,breaking,0.06567635591856778
2024,23637,fastball,-0.027031490011826757
2024,23637,offspeed,0.003246156741704816
2024,23638,breaking,-0.039887451042680384
2024,23638,fastball,-0.009610336467497567
2024,23638,offspeed,0.012986602290673143
2024,23640,breaking,-0.1264880693719938
2024,23640,fastball,-0.016226322723485984
2024,23640,offspeed,0.02206118238630498
2024,23642,breaking,-0.05265475676357403
2024,23642,fastball,0.019014758620392928
2024,23642,offspeed,-0.000754956079270115
2024,23643,breaking,0.030661586317583627
2024,23643,fastball,-0.03043048444492695
2024,23643,offspeed,0.03649639361209705
2024,23644,breaking,-0.019517811450647016
2024,23644,fastball,-0.012665037309939842
2024,23644,offspeed,0.0008847496503328334
2024,23648,breaking,0.007393804613658377
2024,23648,fastball,0.03253577265449106
2024,23648,offspeed,0.019137165997586244
2024,23650,breaking,-0.030062312470800552
2024,23650,fastball,0.004345773297786066
2024,23650,offspeed,-0.0468473371260941
2024,23651,breaking,-0.1023961131569773
2024,23651,fastball,0.030785142238458126
2024,23651,offspeed,-0.046253959807124524
2024,23652,breaking,0.02634710534051047
2024,23652,fastball,0.04481203038939547
2024,23653,breaking,-0.07291435544882878
2024,23653,fastball,-0.024847953152118556
2024,23653,offspeed,-0.008763545687671858
2024,23654,breaking,-0.08726475672017651
2024,23654,fastball,0.03244843519462439
2024,23654,offspeed,-0.03415484273457398
2024,23655,breaking,-0.03598762473070288
2024,23655,fastball,0.1138532200208134
2024,23655,offspeed,0.029528127971547972
2024,23660,fastball,-0.029016727617256613
2024,23665,breaking,-0.04317553296084573
2024,23665,fastball,-0.015706872310806568
2024,23665,offspeed,0.06616836519941768
2024,23672,breaking,-0.023893428184501426
2024,23672,fastball,0.004921203917652863
2024,23672,offspeed,-0.003972197865295196
2024,23673,breaking,-0.13027538075513773
2024,23673,fastball,0.08191086146649611
2024,23673,offspeed,-0.013800684331454439
2024,23676,breaking,-0.015276783224908953
2024,23676,fastball,0.02005948016910004
2024,23676,offspeed,-0.0029780757618638907
2024,23680,breaking,0.01635335852351771
2024,23680,fastball,0.054506858838343726
2024,23680,offspeed,0.01614317951550688
2024,23684,breaking,-0.01391149073869565
2024,23684,fastball,-0.07047899093102747
2024,23684,offspeed,-0.010678180224295031
2024,23689,breaking,-0.00964528036447143
2024,23689,fastball,-0.026367478368248768
2024,23689,offspeed,-0.05384140244490363
2024,23690,breaking,-0.0247309187395557
2024,23690,fastball,-0.017930764608052787
2024,23690,offspeed,0.004577051167110786
2024,23693,breaking,-0.008635664112400798
2024,23693,fastball,0.005806122285887827
2024,23694,breaking,-0.008008003018115177
2024,23694,fastball,0.08739595896698972
2024,23694,offspeed,-0.0580594917817405
2024,23695,breaking,-0.02581057305767615
2024,23695,fastball,0.02264069024678803
2024,23695,offspeed,-0.05150727477857267
2024,23696,breaking,-0.037994485065729985
2024,23696,fastball,0.1080490938524261
2024,23696,offspeed,0.0849691840414381
2024,23697,breaking,-0.13336210307386503
2024,23697,fastball,-0.016441504994824836
2024,23697,offspeed,-0.08795702430524381
2024,23699,breaking,-0.042226447986608115
2024,23699,fastball,-0.007203466044799412
2024,23699,offspeed,-0.04811914577671659
2024,23703,breaking,-0.02273321169015368
2024,23703,fastball,0.01568606761285451
2024,23703,offspeed,0.05286119039618376
2024,23713,breaking,-0.062370011150855414
2024,23713,fastball,-0.017055181897747823
2024,23713,offspeed,-0.04972992650274167
2024,23714,breaking,0.027797576621525297
2024,23714,fastball,0.014643291386404873
2024,23714,offspeed,0.020061510679721218
2024,23717,breaking,-0.0570980142317502
2024,23717,fastball,-0.008552221117249308
2024,23717,offspeed,-0.07478779939501132
2024,23719,breaking,0.05949660304685247
2024,23719,fastball,0.10948038649857836
2024,23719,offspeed,0.02718019889877702
2024,23721,breaking,-0.027628604467038922
2024,23721,fastball,-0.05978738968988157
2024,23721,offspeed,-0.05600823878180325
2024,23727,breaking,-0.036908973643007464
2024,23727,fastball,-0.04368672554981026
2024,23727,offspeed,-0.07631976126233081
2024,23729,breaking,0.009383106092976478
2024,23729,fastball,-0.012573269203378878
2024,23729,offspeed,-0.009236926223670908
2024,23731,breaking,-0.05979196643026962
2024,23731,fastball,-0.05654876018148184
2024,23731,offspeed,0.018533305814902715
2024,23736,breaking,-0.02521073011724317
2024,23736,fastball,-0.04256573303929472
2024,23736,offspeed,-0.020459393181189386
2024,23737,breaking,-0.08434520859548066
2024,23737,fastball,-0.05011802564988851
2024,23737,offspeed,-0.036624336537617666
2024,23738,breaking,0.009248184994917393
2024,23738,fastball,0.005471526052639845
2024,23738,offspeed,-0.010958055538599623
2024,23740,breaking,-0.03521578122774534
2024,23740,fastball,0.025372784540653087
2024,23740,offspeed,-0.0020468548272234003
2024,23743,breaking,0.004328329552197458
2024,23743,fastball,0.04812018237219328
2024,23743,offspeed,0.020108579990767993
2024,23745,breaking,-0.09111541934296497
2024,23745,fastball,0.05720094635875951
2024,23745,offspeed,0.057310016188980926
2024,23747,breaking,0.010309412197264634
2024,23747,fastball,-0.06271838614974025
2024,23747,offspeed,-0.05066675470400453
2024,23748,breaking,-0.0689817563186294
2024,23748,fastball,-0.002993108805024842
2024,23748,offspeed,0.003310708777513945
2024,23749,breaking,0.014483864756959399
2024,23749,fastball,-0.029186438762433407
2024,23749,offspeed,0.05699365334125778
2024,23751,breaking,-0.09451051657349174
2024,23751,fastball,0.006625601989813133
2024,23751,offspeed,0.012843241987337325
2024,23754,breaking,0.0026430858852329892
2024,23754,fastball,0.0007705495944982692
2024,23758,breaking,-0.04616342055983348
2024,23758,fastball,0.02282469290870627
2024,23758,offspeed,0.03312495875698399
2024,23759,breaking,-0.04939238452953191
2024,23759,fastball,0.007505281024860996
2024,23759,offspeed,0.0530410355788182
2024,23761,breaking,-0.08178424882566207
2024,23761,fastball,-0.04299794589916219
2024,23761,offspeed,-0.02514836221195951
2024,23762,breaking,-0.04524440720835288
2024,23762,fastball,-0.015568346834936178
2024,23762,offspeed,0.0034583773410470885
2024,23763,fastball,0.005221071479439228
2024,23764,breaking,-0.03605084122460237
2024,23764,offspeed,-0.04407542987075714
2024,23766,breaking,-0.049363398185033956
2024,23766,fastball,0.03992060636191752
2024,23766,offspeed,0.006780501512471707
2024,23767,breaking,-0.03388008063315852
2024,23767,fastball,0.0661332106771781
2024,23767,offspeed,-0.04483558093484094
2024,23769,breaking,-0.04494469761292523
2024,23769,fastball,-0.012160650713310918
2024,23769,offspeed,-0.058304123502219043
2024,23771,breaking,0.00412098275466909
2024,23771,fastball,-0.04253474094382755
2024,23771,offspeed,-0.0031137390722613713
2024,23772,breaking,-0.09317108802486597
2024,23772,fastball,-0.014359100882649271
2024,23772,offspeed,-0.006717290681997322
2024,23775,breaking,0.025558864508698213
2024,23775,fastball,0.016342602712029076
2024,23779,breaking,-0.008113715597371802
2024,23779,fastball,-0.08609629444161085
2024,23781,breaking,0.049495824175257955
2024,23781,fastball,0.12942356833014582
2024,23781,offspeed,0.010486667303908449
2024,23782,breaking,-0.010868079674273728
2024,23782,fastball,0.07328790546631507
2024,23782,offspeed,0.005664937488260455
2024,23783,breaking,-0.006684123000774387
2024,23783,fastball,0.07181879206624987
2024,23783,offspeed,-0.02254227809852964
2024,23784,breaking,-0.037080522297264856
2024,23784,fastball,-0.0019139881704970639
2024,23784,offspeed,-0.056822153995162356
2024,23786,breaking,-0.0034497864298985467
2024,23786,fastball,-0.021000223451238597
2024,23786,offspeed,-0.060110785904043236
2024,23787,breaking,-0.000128784929916789
2024,23787,fastball,0.008661718578821788
2024,23787,offspeed,-0.020319886878290328
2024,23790,breaking,0.06826700156990494
2024,23790,fastball,-0.03789355826024797
2024,23790,offspeed,0.07220359385358409
2024,23794,breaking,0.004895055339142833
2024,23794,fastball,0.012149593921928215
2024,23843,breaking,-0.0366888114321385
2024,23843,fastball,0.02616612174170081
2024,23843,offspeed,-0.022080755152229768
2024,23848,breaking,0.0015632605676595324
2024,23848,fastball,0.08538819170041657
2024,23848,offspeed,0.04974619090326602
2024,23849,breaking,0.028287603365014364
2024,23849,fastball,0.05514230754257623
2024,23849,offspeed,0.04592073199503417
2024,23850,breaking,-0.018351474031630337
2024,23850,fastball,-0.02906048961794826
2024,23850,offspeed,-0.004256003188155763
2024,23852,breaking,-0.07927760869024686
2024,23852,fastball,-0.029464890601400208
2024,23852,offspeed,-0.109337895126746
2024,23853,breaking,-0.09579007146332608
2024,23853,fastball,-0.03897458439063086
2024,23853,offspeed,0.019927733825731438
2024,23856,breaking,0.0034583773410470885
2024,23856,fastball,0.007429003185950146
2024,23857,breaking,0.005600694440256363
2024,23857,fastball,0.0019224158084590718
2024,23857,offspeed,-0.009406488354178405
2024,23858,breaking,0.00285714597546166
2024,23858,fastball,-0.0904906236200399
2024,23858,offspeed,-0.00619540875718138
2024,23860,breaking,-0.08939303189462129
2024,23860,fastball,0.04667989486026661
2024,23860,offspeed,0.047683260752990106
2024,23863,breaking,-0.035925782936687904
2024,23863,fastball,0.004574437605355653
2024,23863,offspeed,-0.0031242771339341398
2024,23866,breaking,-0.03494459086005666
2024,23866,fastball,-0.13543590275874465
2024,23867,breaking,-0.025028387076746
2024,23867,fastball,-0.03321279356031586
2024,23868,breaking,-0.014723424000752456
2024,23868,fastball,-0.004378161436979811
2024,23868,offspeed,-0.021444229165403283
2024,23869,breaking,-0.04098182968282042
2024,23869,fastball,0.033671170666487664
2024,23869,offspeed,-0.025152801726706225
2024,23870,breaking,-0.06310889254817832
2024,23870,fastball,-0.08895694681726905
2024,23870,offspeed,-0.062002797766153486
2024,23871,breaking,0.0007139848354814298
2024,23871,fastball,0.04043989704687175
2024,23871,offspeed,-0.0183989827872082
2024,23872,breaking,-0.04284530923188532
2024,23872,fastball,0.005934907741836568
2024,23872,offspeed,-0.024042393886650377
2024,23874,breaking,0.013743154395286358
2024,23874,fastball,0.02030051325825972
2024,23874,offspeed,0.009933623500883136
2024,23879,breaking,-0.03128299221656728
2024,23879,fastball,-0.016462433469488797
2024,23879,offspeed,-0.023380419725077872
2024,23880,breaking,0.03189401173839753
2024,23880,fastball,0.08285458095514882
2024,23880,offspeed,0.054302821365166926
2024,23884,breaking,-0.01528120842584211
2024,23884,offspeed,0.005688612342735079
2024,23886,breaking,0.006203929292588797
2024,23886,fastball,-0.0276007493285317
2024,23886,offspeed,-0.009236926223670908
2024,23887,breaking,0.05929691988843632
2024,23887,fastball,-0.04512399954290142
2024,23893,breaking,-0.03161051178986132
2024,23893,fastball,0.009966766374822623
2024,23893,offspeed,-0.02439746291496977
2024,23895,breaking,-0.023350357091989345
2024,23895,fastball,0.021608034463663536
2024,23895,offspeed,-0.010958055538599623
2024,23897,breaking,-0.0056201848509761865
2024,23897,fastball,0.040794768972923785
2024,23897,offspeed,0.008451298474576516
2024,23898,breaking,-0.047975990978753644
2024,23898,fastball,0.09441951900546856
2024,23898,offspeed,0.08222844922852834
2024,23902,breaking,-0.015179408462590733
2024,23902,fastball,-0.030259361680282936
2024,23902,offspeed,-0.026177677437998287
2024,23903,breaking,-0.09325979645738916
2024,23903,fastball,-0.05583584854679233
2024,23903,offspeed,-0.0008211459447490961
2024,23904,breaking,-0.07226816800150146
2024,23904,fastball,-0.037373717422906516
2024,23904,offspeed,-0.03792606083302582
2024,23908,breaking,-0.01745978831569298
2024,23908,fastball,0.012495664961327408
2024,23908,offspeed,-0.012003604467038922
2024,23909,breaking,0.02347586393171781
2024,23909,fastball,0.05363215573159952
2024,23909,offspeed,-0.010056910307668539
2024,23912,fastball,-0.022623487562005353
2024,23914,breaking,0.005415718644220723
2024,23914,fastball,0.016774809887993503
2024,23914,offspeed,-0.05447189453579283
2024,23915,breaking,-0.014087270189213049
2024,23915,fastball,0.11829006787608591
2024,23915,offspeed,-0.017141241664927493
2024,23916,breaking,-0.07940417602567415
2024,23916,fastball,0.06863142304430368
2024,23916,offspeed,-0.03576735692714864
2024,23917,breaking,0.050901379101254425
2024,23917,fastball,0.1126045267818362
2024,23917,offspeed,0.04842890642725368
2024,23920,fastball,0.008255132372142114
2024,23921,breaking,0.0010869339565285727
2024,23921,fastball,0.012262598298256948
2024,23922,breaking,-0.011498387283807986
2024,23922,fastball,-0.00035040607807178547
2024,23922,offspeed,-0.0016540456021724036
2024,23927,breaking,-0.008693909547975645
2024,23927,fastball,0.02102364153979453
2024,23927,offspeed,0.033043203856423314
2024,23929,breaking,-0.005774178912677758
2024,23929,fastball,0.061090551678321045
2024,23929,offspeed,0.014891083333520544
2024,23930,breaking,-0.04332525037601538
2024,23930,fastball,-0.03797016291079599
2024,23930,offspeed,-0.02437310383143457
2024,23931,breaking,-0.014286044075969324
2024,23931,fastball,0.0037918039069858777
2024,23931,offspeed,-0.011489976811972485
2024,23932,breaking,-0.04055390823137049
2024,23932,fastball,0.07515286682851278
2024,23932,offspeed,-0.11196910008597467
2024,23933,breaking,-0.018114078816183047
2024,23933,fastball,-0.006878949074102767
2024,23933,offspeed,-0.020919924210053824
2024,23934,breaking,-0.003585427386740309
2024,23934,fastball,0.009883098347807229
2024,23934,offspeed,-0.019590781227745338
2024,23935,breaking,0.02876296257612664
2024,23935,fastball,-0.02658292604156885
2024,23935,offspeed,-0.028854814125033504
2024,23936,breaking,-0.019590781227745338
2024,23936,fastball,0.00889551994652533
2024,23936,offspeed,-0.025518040473175078
2024,23942,breaking,0.049329647534580794
2024,23942,fastball,0.05795042904676958
2024,23942,offspeed,0.006409503716917537
2024,23944,breaking,0.03348645736588448
2024,23944,fastball,0.14447772622316354
2024,23944,offspeed,0.030868677466306317
2024,23947,breaking,-0.05470029358535019
2024,23947,fastball,-0.014413589034120995
2024,23947,offspeed,-0.040110874268584194
2024,23950,breaking,-0.011498387283807986
2024,23950,offspeed,-0.001556017916780069
2024,23951,breaking,0.011435718164906922
2024,23951,fastball,0.037613067778483736
2024,23951,offspeed,-0.042155738273682145
2024,23952,breaking,-0.05463141310916369
2024,23952,fastball,0.020665117321275014
2024,23952,offspeed,-0.01914083503269353
2024,23953,breaking,-0.06861600606735387
2024,23953,fastball,-0.032232532877594276
2024,23953,offspeed,-0.028933445636943878
2024,23954,breaking,-0.0639685052737511
2024,23954,fastball,-0.053035513694782835
2024,23954,offspeed,-0.025888982347936722
2024,23955,breaking,-0.012042864845166649
2024,23955,fastball,-0.027012796819179917
2024,23955,offspeed,-0.042391367940692204
2024,23959,breaking,-0.09046088117644512
2024,23959,fastball,-0.007090594521988154
2024,23959,offspeed,-0.007644345038485479
2024,23962,breaking,-0.03164028595525576
2024,23962,fastball,0.03603652506186252
2024,23962,offspeed,-0.08072308135273772
2024,23963,breaking,0.025295224160471436
2024,23963,fastball,-0.050898572526534666
2024,23963,offspeed,-0.06871986282024757
2024,23964,breaking,-0.0900947220898299
2024,23964,fastball,-0.0049808443840142205
2024,23964,offspeed,0.015439710163622106
2024,23966,breaking,0.01844719442021664
2024,23966,fastball,0.025380616412922392
2024,23966,offspeed,0.00517175500626961
2024,23967,breaking,-0.034404303507592764
2024,23967,fastball,-0.01613937726330306
2024,23967,offspeed,0.014082177430841116
2024,23968,breaking,-0.11060362256054791
2024,23968,fastball,-0.013151942747189683
2024,23968,offspeed,-0.04282219659806776
2024,23977,breaking,-0.07437890977181348
2024,23977,fastball,0.000489345464835285
2024,23977,offspeed,-0.005110231076566079
2024,23979,breaking,-0.04929114414526038
2024,23979,fastball,0.02407203310271482
2024,23979,offspeed,0.016056900284893667
2024,23982,breaking,-0.014924811014132835
2024,23982,fastball,0.03859580804489518
2024,23982,offspeed,0.013647644914252728
2024,23984,breaking,-0.026831071411615497
2024,23984,fastball,-0.05448416654797514
2024,23985,breaking,-0.07828703869471282
2024,23985,fastball,-0.07925796658196652
2024,23985,offspeed,0.008890606089506061
2024,23987,breaking,-0.05222970625848928
2024,23987,fastball,0.042473492579520836
2024,23987,offspeed,0.002136398385292627
2024,23988,breaking,-0.04957883892682062
2024,23988,fastball,0.054139213948712024
2024,23988,offspeed,-0.00020726591110433978
2024,23991,breaking,-0.007688631673256349
2024,23991,fastball,-0.059915657599450736
2024,23991,offspeed,-0.0005753260729009338
2024,24011,breaking,0.03482850972670009
2024,24011,fastball,0.0802629577830209
2024,24011,offspeed,-0.01305280280443376
2024,24012,fastball,0.03976822629956003
2024,24013,breaking,-0.08074604507640597
2024,24013,fastball,0.08616401554062086
2024,24013,offspeed,-0.06128288468483485
2024,24015,breaking,-0.00649682659071894
2024,24015,fastball,-0.0292424472236394
2024,24017,breaking,-0.025341294005880376
2024,24017,fastball,-0.03425327427798181
2024,24017,offspeed,-0.023757863906802033
2024,24018,breaking,-0.024282009101591295
2024,24018,fastball,0.05786489299667506
2024,24018,offspeed,-0.021621497339935212
2024,24020,breaking,-0.036179392189891704
2024,24020,fastball,-0.030170389146688247
2024,24020,offspeed,-0.0353615260247971
2024,24021,breaking,-0.0677345847881324
2024,24021,fastball,0.04482583529082773
2024,24021,offspeed,-0.03552572073295536
2024,24026,breaking,-0.0308436334058317
2024,24026,fastball,0.01844719442021664
2024,24026,offspeed,-0.00265090564013698
2024,24027,breaking,-0.011834418657264366
2024,24027,fastball,-0.018876386805103493
2024,24027,offspeed,-0.03221260786457662
2024,24028,breaking,0.004332755673881748
2024,24028,fastball,0.019494368249768492
2024,24028,offspeed,-0.0404472216026057
2024,24038,breaking,-0.04590952816572268
2024,24038,fastball,-0.03421757469150276
2024,24038,offspeed,0.02758474655105808
2024,24039,breaking,-0.05621277349668077
2024,24039,fastball,-0.045137386656500696
2024,24039,offspeed,0.023177938880172295
2024,24042,breaking,0.029171640790990622
2024,24042,fastball,0.0025591038494863242
2024,24042,offspeed,-0.03707904986206417
2024,24043,breaking,-0.001782840874931478
2024,24043,fastball,-0.0037955481590100652
2024,24043,offspeed,-0.04824625728494145
2024,24044,breaking,-0.014879540043722455
2024,24044,fastball,0.02530038940141621
2024,24044,offspeed,0.016081416439624487
2024,24047,breaking,-0.09636217353632875
2024,24047,fastball,-0.044638207138469874
2024,24047,offspeed,-0.016577109863626104
2024,24048,breaking,-0.011345207729059389
2024,24048,fastball,-0.055965569147223185
2024,24051,breaking,-0.008258864190117152
2024,24051,fastball,-0.05136402621431919
2024,24051,offspeed,-0.002805279567383248
2024,24052,breaking,0.00992957700601299
2024,24052,fastball,0.030982208584960362
2024,24052,offspeed,-0.0005130785109942542
2024,24053,breaking,-0.029327559564475067
2024,24053,fastball,-0.00922104684712907
2024,24053,offspeed,-0.07338733796817778
2024,24055,breaking,0.019439350275085143
2024,24055,fastball,0.01564387911112501
2024,24055,offspeed,0.04964959392192821
2024,24056,breaking,-0.015587127213238126
2024,24056,fastball,0.02910853753812306
2024,24056,offspeed,-0.01485355247647153
2024,24059,breaking,-0.040385472219481924
2024,24059,fastball,0.06425593378368433
2024,24063,breaking,-0.08731300649788071
2024,24063,fastball,0.0087666792373025
2024,24063,offspeed,-0.0352033244962015
2024,24064,breaking,0.017657156855983864
2024,24064,fastball,0.015127751106899423
2024,24064,offspeed,-0.02633254076779963
2024,24065,breaking,-0.03992767613618952
2024,24065,fastball,0.02613412425900684
2024,24065,offspeed,-0.017656993482599644
2024,24069,breaking,-0.00014264981043858965
2024,24069,fastball,-0.0006777494767328178
2024,24069,offspeed,0.006667356712265475
2024,24073,breaking,-0.05232982911880505
2024,24073,fastball,-0.024589496491513783
2024,24076,breaking,-0.1482688793720391
2024,24076,fastball,-0.007587040726165532
2024,24076,offspeed,0.059531605136127486
2024,24078,breaking,0.03761780879380443
2024,24078,fastball,-0.011879931830327876
2024,24078,offspeed,0.006813563463548598
2024,24084,breaking,-0.018309238573844287
2024,24084,fastball,0.03286612522923762
2024,24084,offspeed,-0.00649682659071894
2024,24085,breaking,-0.04329274471849799
2024,24085,fastball,-0.02127096313837581
2024,24085,offspeed,-0.05641868904330865
2024,24086,breaking,-0.1037888249913905
2024,24086,fastball,-0.09496248369400988
2024,24086,offspeed,0.0015193755714886484
2024,24088,breaking,-0.07700838530272561
2024,24088,fastball,-0.017605282412556034
2024,24088,offspeed,-0.0926738938880846
2024,24089,breaking,-0.02840078662977068
2024,24089,fastball,0.020585455045805993
2024,24089,offspeed,-0.011899453961365929
2024,24094,breaking,-0.029772830786041204
2024,24094,fastball,-0.04544274172606289
2024,24094,offspeed,-0.06180144209931836
2024,24097,breaking,-0.054072169402620815
2024,24097,fastball,-0.029346077054306117
2024,24099,breaking,-0.04462332547972817
2024,24099,fastball,0.002215239696973629
2024,24099,offspeed,-0.04601895761474394
2024,24100,breaking,0.0016304301107066316
2024,24100,fastball,-0.015355651236336296
2024,24100,offspeed,-0.0007757717700952205
2024,24102,breaking,0.011013290465672109
2024,24102,fastball,0.06502470994050893
2024,24105,breaking,-0.018309238573844287
2024,24105,fastball,-0.018059301268319748
2024,24105,offspeed,0.008523659975525876
2024,24109,breaking,0.04133278005589877
2024,24109,fastball,0.0741630038122885
2024,24109,offspeed,-0.06476465618406435
2024,24110,breaking,-0.0416486683793458
2024,24110,fastball,0.005769637730635781
2024,24110,offspeed,-0.013092424110745841
2024,24112,breaking,0.023544118304572644
2024,24112,fastball,-0.0270579904916326
2024,24112,offspeed,-0.07468855059851327
2024,24113,breaking,0.005923593349644013
2024,24113,fastball,0.001076241247279623
2024,24113,offspeed,-0.0005663841174167679
2024,24115,breaking,-0.15365909842783168
2024,24115,fastball,-0.12121258963715624
2024,24115,offspeed,0.016294526199386147
2024,24117,breaking,-0.04733350753897851
2024,24117,fastball,-0.13103390900107342
2024,24117,offspeed,-0.008693909547975645
2024,24118,breaking,0.04348557989850229
2024,24118,fastball,0.0249599425853186
2024,24118,offspeed,-0.01655791912011741
2024,24126,breaking,0.03380552093394946
2024,24126,fastball,0.11057621841096665
2024,24126,offspeed,0.043637826463671245
2024,24129,breaking,-0.10774076341294796
2024,24129,fastball,-0.060532212075078994
2024,24129,offspeed,-0.07594978716308197
2024,24131,fastball,0.020803972470342654
2024,24133,breaking,-0.051959687667778434
2024,24133,fastball,0.033659844235128286
2024,24133,offspeed,-0.054947344575080076
2024,24135,breaking,-0.0016194673432840115
2024,24135,fastball,-0.0143026296187849
2024,24135,offspeed,0.001346098952447612
2024,24136,breaking,-0.06365776444868652
2024,24136,fastball,-0.03924336428825974
2024,24136,offspeed,-0.022932198996651536
2024,24140,breaking,-0.010758762682990058
2024,24140,fastball,0.06878333844000939
2024,24140,offspeed,0.0640264252107705
2024,24146,breaking,-0.11298484358137253
2024,24146,fastball,-0.028260839760437726
2024,24146,offspeed,0.02932174550739841
2024,24147,breaking,0.029779903049225634
2024,24147,fastball,0.0023814637035675054
2024,24147,offspeed,-0.03295271692041094
2024,24151,breaking,-0.02636217353632875
2024,24151,fastball,-0.0626246372625875
2024,24151,offspeed,-0.023590982707732966
2024,24152,breaking,-0.07704516896848877
2024,24152,fastball,0.011733727217870553
2024,24152,offspeed,-0.04586610977560076
2024,24153,breaking,0.006775964581091136
2024,24153,fastball,-0.020636246291250087
2024,24154,breaking,0.0394764230676749
2024,24154,fastball,0.02106878837238441
2024,24154,offspeed,-0.009026881707266315
2024,24156,breaking,0.02338913172372902
2024,24156,fastball,0.004895055339142833
2024,24156,offspeed,0.02803167764743173
2024,24157,breaking,0.005216335717546932
2024,24157,fastball,0.03452255759807149
2024,24157,offspeed,0.010704067010050639
2024,24161,breaking,-0.08618385433528304
2024,24161,fastball,-0.0233476259758921
2024,24161,offspeed,0.00040434592562045525
2024,24164,breaking,-0.002283298149551976
2024,24164,fastball,0.10783824227201823
2024,24164,offspeed,-0.03390034837860366
2024,24165,breaking,-0.007289846156826451
2024,24165,fastball,0.006530285193248122
2024,24165,offspeed,-0.0013973844154425673
2024,24166,breaking,-0.07488025290253456
2024,24166,fastball,0.02316595061879855
2024,24166,offspeed,0.008172523108661626
2024,24167,breaking,-0.03693192108066162
2024,24167,fastball,0.02443656366763237
2024,24167,offspeed,-0.013579274181880745
2024,24168,breaking,0.007584490437516374
2024,24168,fastball,-0.019023400272617164
2024,24168,offspeed,-0.0016540456021724036
2024,24169,breaking,-0.030631460584149353
2024,24169,fastball,-0.021824375208845403
2024,24169,offspeed,-0.005666795147387006
2024,24170,breaking,-0.013261009469522848
2024,24170,fastball,0.02613412425900684
2024,24170,offspeed,-0.005100388257508788
2024,24173,breaking,-0.0038946182607818396
2024,24173,fastball,-0.006615436911846027
2024,24173,offspeed,0.017948681204720235
2024,24178,breaking,-0.001707869322034035
2024,24178,fastball,-0.031105503902521682
2024,24178,offspeed,-0.06246173001506291
2024,24179,breaking,0.03402896140340308
2024,24179,offspeed,-0.05595525047945611
2024,24181,breaking,-0.005077361776648421
2024,24181,fastball,0.007492853002317633
2024,24181,offspeed,-0.01276645954815331
2024,24183,breaking,-0.050238070928142316
2024,24183,fastball,-0.024831859979871876
2024,24183,offspeed,-0.016176648076504544
2024,24184,breaking,-0.022205002254648297
2024,24184,fastball,-0.03416581976846756
2024,24185,breaking,-0.06011118262368712
2024,24185,fastball,0.020156025899730208
2024,24185,offspeed,-0.011164598551238972
2024,24193,breaking,-0.030806585213756715
2024,24193,fastball,0.13615352438222622
2024,24193,offspeed,0.01656095278381111
2024,24197,breaking,-0.07272516477662301
2024,24197,fastball,0.015977361802365066
2024,24197,offspeed,0.012658134363714008
2024,24201,breaking,-0.02319046849012622
2024,24201,fastball,-0.0800151196637039
2024,24201,offspeed,-0.0336285514076615
2024,24202,breaking,-0.04861226887687459
2024,24202,fastball,-0.0016540456021724036
2024,24202,offspeed,0.01627147208677597
2024,24203,breaking,-0.10896999166184469
2024,24203,fastball,-0.017941140120631312
2024,24203,offspeed,0.019724666552773204
2024,24205,breaking,0.03997915643525475
2024,24205,fastball,-0.027927395443569078
2024,24205,offspeed,-0.018179972058490035
2024,24209,breaking,-0.035991315619555736
2024,24209,fastball,-0.0481449248541343
2024,24209,offspeed,-0.023429548333602182
2024,24211,breaking,0.012186520138072475
2024,24211,fastball,0.09026407141571366
2024,24211,offspeed,-0.01715191286961184
2024,24222,breaking,-0.09849271580087074
2024,24222,fastball,0.09859096506594343
2024,24222,offspeed,0.09739763887219192
2024,24223,breaking,0.013889044759087789
2024,24223,fastball,0.10393713964061845
2024,24223,offspeed,-0.019786366716207614
2024,24224,breaking,-0.1442772860151388
2024,24224,fastball,-0.028449292613632222
2024,24224,offspeed,-0.06542119444737814
2024,24226,breaking,-0.05611619123179855
2024,24226,fastball,-0.036118674517675475
2024,24226,offspeed,0.02512774954212157
2024,24229,breaking,-0.017449216278906308
2024,24229,fastball,-0.02240947249718081
2024,24229,offspeed,-0.018627789553909545
2024,24234,breaking,-0.07437046512862872
2024,24234,fastball,-0.01983574025581474
2024,24234,offspeed,-0.04929096070848566
2024,24237,breaking,-0.064509766668938
2024,24237,fastball,-0.03070009461445766
2024,24237,offspeed,-0.03749924765052003
2024,24239,breaking,0.030888197523504364
2024,24239,fastball,0.07593234333356903
2024,24239,offspeed,0.009012180296462034
2024,24240,breaking,-0.024891496327683622
2024,24240,fastball,0.0017528895245602144
2024,24240,offspeed,0.031000604465731267
2024,24241,breaking,0.03317511957174157
2024,24241,fastball,0.004524464711490869
2024,24241,offspeed,-0.028971129334034878
2024,24244,fastball,0.002562888959260505
2024,24244,offspeed,0.01773093454077411
2024,24246,breaking,0.0063863418042092385
2024,24246,fastball,-0.013579274181880745
2024,24246,offspeed,-0.006946991529124095
2024,24247,breaking,-0.011075982978000271
2024,24247,fastball,0.0040994831733631824
2024,24247,offspeed,-0.055558236697323606
2024,24248,breaking,0.045454772182896994
2024,24248,fastball,0.004895055339142833
2024,24248,offspeed,0.06157945830743037
2024,24252,breaking,0.012623771407766432
2024,24252,fastball,-0.015896659742039937
2024,24252,offspeed,-0.07213508481082812
2024,24253,breaking,0.05514910175474814
2024,24253,fastball,0.020170242483833076
2024,24253,offspeed,0.01829426337652482
2024,24254,breaking,-0.003157723422329134
2024,24254,fastball,0.004895055339142833
2024,24254,offspeed,0.001346098952447612
2024,24258,breaking,0.02296910582213176
2024,24258,offspeed,-0.011075982978000271
2024,24259,breaking,-0.00035040607807178547
2024,24259,fastball,-0.050958800172842614
2024,24259,offspeed,-0.04210925141687919
2024,24262,breaking,-0.0424003419604815
2024,24262,offspeed,0.03133127152597174
2024,24265,breaking,-0.15251563131558174
2024,24265,fastball,-0.03511431576326609
2024,24265,offspeed,0.017514737670676392
2024,24268,breaking,-0.06413062245911602
2024,24268,fastball,0.005868555815271837
2024,24268,offspeed,-0.015557023623951305
2024,24269,breaking,0.008706202563781046
2024,24269,fastball,0.019364596463891447
2024,24269,offspeed,-0.0062767394238225265
2024,24271,breaking,0.005413836135919676
2024,24271,fastball,-0.009306419762286211
2024,24271,offspeed,0.020737400831529917
2024,24276,breaking,-0.01861439275535534
2024,24276,fastball,0.01832427427720247
2024,24276,offspeed,-0.0120883376376619
2024,24277,breaking,-0.04023367445297927
2024,24277,fastball,-0.033465067916988694
2024,24277,offspeed,-0.04834837970651209
2024,24281,breaking,0.013932651884292959
2024,24281,fastball,0.04691526131261352
2024,24281,offspeed,-0.005100388257508788
2024,24283,breaking,0.01103448097131743
2024,24283,fastball,0.09566485584193343
2024,24283,offspeed,0.05334982074332806
2024,24286,breaking,-0.06059043614865635
2024,24286,fastball,0.024261954814179566
2024,24286,offspeed,0.09296582699006578
2024,24293,breaking,-0.007800124947099011
2024,24293,fastball,0.018092706092462555
2024,24293,offspeed,0.004895055339142833
2024,24300,breaking,-0.03498746369632333
2024,24300,fastball,0.009320751972963585
2024,24300,offspeed,0.039671980780987603
2024,24303,breaking,0.005571961703111636
2024,24303,fastball,0.057308927330612366
2024,24303,offspeed,0.05177690092411936
2024,24305,breaking,-0.10082288704150516
2024,24305,fastball,0.04076991412095037
2024,24305,offspeed,-0.02584837899265471
2024,24306,breaking,-0.0021719117325204127
2024,24306,fastball,0.1224948134872653
2024,24306,offspeed,-0.011027772368313538
2024,24307,breaking,-0.016607774970132935
2024,24307,fastball,-0.017809834157674127
2024,24307,offspeed,0.012521537090822415
2024,24310,breaking,-0.007970859080772871
2024,24310,fastball,0.08555391346602392
2024,24310,offspeed,0.041553468993322316
2024,24313,breaking,-0.08337968434242327
2024,24313,fastball,0.02768383058660623
2024,24313,offspeed,-0.02317799934141823
2024,24314,breaking,0.018669994429692444
2024,24314,fastball,0.010721121298486376
2024,24314,offspeed,0.00874909758446534
2024,24319,breaking,-0.07270261237352559
2024,24319,fastball,-0.024923853015100205
2024,24319,offspeed,-0.011302753271722043
2024,24327,breaking,-0.012488795457975923
2024,24327,fastball,0.06025479965428756
2024,24327,offspeed,-0.008067244087853104
2024,24329,breaking,-0.07237143394496676
2024,24329,fastball,0.021944904311791958
2024,24329,offspeed,-0.029209694542014223
2024,24333,breaking,-0.006331986381632424
2024,24333,fastball,0.01721596621459309
2024,24334,breaking,-0.00499232940547777
2024,24334,fastball,0.007485404979276888
2024,24334,offspeed,-0.0035839278618480484
2024,24338,breaking,0.0010869339565285727
2024,24338,offspeed,-0.007644345038485479
2024,24339,breaking,0.005615825442064293
2024,24339,fastball,0.03990667785831894
2024,24339,offspeed,-0.006331986381632424
2024,24340,breaking,-0.006555529602524176
2024,24340,fastball,0.012582010710646317
2024,24340,offspeed,0.05970478192567183
2024,24343,breaking,-0.04586856894681635
2024,24343,fastball,-0.044228468151821396
2024,24343,offspeed,-0.027218229125010516
2024,24344,breaking,-0.015705213333781717
2024,24344,fastball,0.04120641453914344
2024,24344,offspeed,0.030923863150384895
2024,24355,breaking,-0.12235693730713883
2024,24355,fastball,-0.03033538496022492
2024,24355,offspeed,0.006167616411455912
2024,24358,breaking,0.0017747354480421441
2024,24358,offspeed,0.04388560724464466
2024,24369,breaking,-0.02048500364212417
2024,24369,fastball,0.02590842788905523
2024,24369,offspeed,0.0010869339565285727
2024,24373,breaking,0.04372942602342984
2024,24373,fastball,-0.010821562501124142
2024,24373,offspeed,0.03547794435121094
2024,24376,breaking,-0.06305353388936533
2024,24376,fastball,-0.10428180728787104
2024,24376,offspeed,-0.01721008372862241
2024,24377,breaking,-0.0047381434512245
2024,24377,fastball,-0.015266665014355947
2024,24377,offspeed,0.015049445883101465
2024,24380,breaking,-0.007112180477141525
2024,24380,fastball,-0.032793422549583055
2024,24380,offspeed,-0.007805853105510836
2024,24387,breaking,-0.0725212617036822
2024,24387,fastball,0.039001611950862186
2024,24387,offspeed,-0.0005723615726770721
2024,24388,breaking,-0.047584010983758564
2024,24388,fastball,-0.043793735525102434
2024,24388,offspeed,-0.0736285514076615
2024,24389,breaking,-0.10991985896215231
2024,24389,fastball,-0.02421698907920801
2024,24389,offspeed,0.016625765728348306
2024,24392,breaking,0.029894594621400036
2024,24392,fastball,-0.020313860644039183
2024,24392,offspeed,-0.029371431154269576
2024,24398,breaking,0.02458665657252116
2024,24398,fastball,-0.03380344713484681
2024,24398,offspeed,0.00874909758446534
2024,24399,breaking,-0.029509486731924113
2024,24399,fastball,-0.09935730111960858
2024,24399,offspeed,-0.02063748219936973
2024,24410,breaking,-0.05636039831484076
2024,24410,fastball,0.04119701598458015
2024,24410,offspeed,0.009944483433662069
2024,24411,breaking,0.03244767911034881
2024,24411,fastball,-0.03435524205216163
2024,24411,offspeed,0.02271610983675588
2024,24412,breaking,0.017062280787617998
2024,24412,fastball,0.03182421311980892
2024,24412,offspeed,-0.030655079871768746
2024,24423,breaking,-0.021082923942593614
2024,24423,fastball,-0.04326403226248179
2024,24423,offspeed,0.02530723884126791
2024,24424,breaking,0.004469014904101071
2024,24424,fastball,-0.04243243160181255
2024,24424,offspeed,0.017129725425337756
2024,24425,breaking,-0.0004462598797984026
2024,24425,fastball,-0.026574664317343868
2024,24425,offspeed,0.014074844232622733
2024,24434,breaking,-0.04695788778677515
2024,24434,fastball,-0.0005535338893653263
2024,24434,offspeed,-9.225564822755439e-05
2024,24440,breaking,-0.025115383593767807
2024,24440,fastball,0.02445796866658927
2024,24440,offspeed,0.06766403011318592
2024,24444,breaking,0.02168915610645865
2024,24444,fastball,0.02261656123396922
2024,24444,offspeed,0.01637608495455535
2024,24447,breaking,-0.05419326776058427
2024,24447,fastball,0.00010473999409427116
2024,24447,offspeed,0.02055357808087449
2024,24452,fastball,-0.007644345038485479
2024,24452,offspeed,0.005615825442064293
2024,24459,breaking,-0.04129895952704396
2024,24459,fastball,0.021403824687924563
2024,24459,offspeed,0.03432474509451293
2024,24460,breaking,-0.14592159885092226
2024,24460,fastball,0.024097749327170064
2024,24460,offspeed,0.04612041443342147
2024,24461,breaking,-0.011643295572181018
2024,24461,fastball,0.025411532417914703
2024,24461,offspeed,0.05173278109719557
2024,24463,breaking,0.053990702629534135
2024,24463,fastball,0.026224476143079857
2024,24463,offspeed,-0.08248913198710948
2024,24465,breaking,0.06738349207964336
2024,24465,fastball,0.08642820177376727
2024,24465,offspeed,0.09384988615296658
2024,24467,breaking,-0.06881231058856398
2024,24467,fastball,0.056368047271687774
2024,24467,offspeed,0.0802034057249703
2025,20700,breaking,-0.03300245812206095
2025,20700,fastball,0.06909337081165942
2025,20700,offspeed,-0.015897348352370593
2025,20938,breaking,-0.05548209002099276
2025,20938,fastball,0.07304412131955107
2025,20938,offspeed,-0.005283198291796661
2025,21095,breaking,-0.01202434793715752
2025,21095,fastball,0.05391916355712019
2025,21095,offspeed,-0.040194788560182985
2025,21170,breaking,-0.008457466128538064
2025,21170,fastball,0.00298191720397439
2025,21170,offspeed,-0.0005130785109942542
2025,21178,breaking,-0.010277041154605331
2025,21178,fastball,0.06460102414159194
2025,21178,offspeed,-0.037211648442218935
2025,21279,breaking,-0.05222430618928732
2025,21279,fastball,0.025818983183222503
2025,21279,offspeed,0.03264675053192928
2025,21372,breaking,-0.06448582808319149
2025,21372,fastball,-0.03511036112979902
2025,21372,offspeed,-0.025667637922045555
2025,21402,breaking,0.07253886802634907
2025,21402,fastball,0.08529017230496477
2025,21402,offspeed,0.07517755676507146
2025,21414,breaking,0.021972775403912292
2025,21414,fastball,0.048558419208041076
2025,21414,offspeed,0.002384283897402771
2025,21415,breaking,-0.09111616528026957
2025,21415,fastball,-0.018339120393916372
2025,21415,offspeed,-0.004775789182499682
2025,21432,breaking,-0.08727182391298671
2025,21432,fastball,0.010329681648499504
2025,21432,offspeed,0.06353356140230744
2025,21441,breaking,-0.027847028799069775
2025,21441,fastball,0.03948109204786864
2025,21441,offspeed,-0.025134347763320738
2025,21549,breaking,0.04392142825531082
2025,21549,fastball,0.18849473511435622
2025,21549,offspeed,-0.013693145446787484
2025,21558,breaking,-0.020296961252192883
2025,21558,fastball,0.011349466469984689
2025,21558,offspeed,0.0865270393262022
2025,21571,breaking,0.04302040810395921
2025,21571,fastball,0.008447876324455653
2025,21571,offspeed,0.011555822252182506
2025,21587,breaking,0.004750609683832402
2025,21587,fastball,-0.017946641712042386
2025,21587,offspeed,-0.006781058364071724
2025,21588,breaking,-0.015600097388997558
2025,21588,fastball,0.0006988769360707633
2025,21588,offspeed,-0.034261770541171827
2025,21595,breaking,-0.10403952812779892
2025,21595,fastball,-0.04291224092905299
2025,21595,offspeed,-0.022227797182698943
2025,21622,breaking,-0.045846734944957133
2025,21622,fastball,0.0764637370660797
2025,21622,offspeed,0.02129578845009178
2025,21624,fastball,-0.022080755152229768
2025,21654,breaking,-0.05058645072822396
2025,21654,fastball,0.029862546852352
2025,21654,offspeed,0.018809931828297818
2025,21690,breaking,0.04957181402571558
2025,21690,fastball,0.04563870674905881
2025,21690,offspeed,0.060675920789668325
2025,21699,breaking,-0.005576328659889788
2025,21699,fastball,-0.016303835253702763
2025,21699,offspeed,-0.01465061574579673
2025,21733,breaking,-0.055483704996106005
2025,21733,fastball,0.02817223008953682
2025,21733,offspeed,-0.04967087253103796
2025,21754,breaking,-0.025799411827360716
2025,21754,fastball,0.00493621135769111
2025,21754,offspeed,0.010683224462420126
2025,21789,breaking,-0.07038864682666027
2025,21789,fastball,0.049678130773322844
2025,21789,offspeed,-0.002200595672734535
2025,21795,breaking,-0.09795208180922772
2025,21795,fastball,-0.02171547271162684
2025,21795,offspeed,-0.03469394969762115
2025,21813,breaking,-0.06123734100413531
2025,21813,fastball,0.04678731970517867
2025,21813,offspeed,-0.0784756103742893
2025,21830,breaking,-0.008147175939833155
2025,21830,fastball,0.12513538232179613
2025,21830,offspeed,0.002376027599714234
2025,21840,breaking,-0.042056502099509306
2025,21840,fastball,0.02023547572550831
2025,21840,offspeed,-0.053925411978932435
2025,21857,breaking,0.006906706977982813
2025,21857,fastball,0.012030938209535085
2025,21874,breaking,0.07635971323369165
2025,21874,fastball,0.06877879163315333
2025,21874,offspeed,0.04588510706540065
2025,21875,breaking,-0.005797880726290847
2025,21875,fastball,-0.020548981439055508
2025,21875,offspeed,0.02147953833688571
2025,21916,breaking,-0.01403909169541354
2025,21916,fastball,0.04561526778006606
2025,21916,offspeed,0.06001081525257375
2025,21936,breaking,-0.03063768673276891
2025,21936,fastball,-0.004164716059103403
2025,21936,offspeed,-0.038792247240596836
2025,21940,breaking,-0.023282079130018753
2025,21940,fastball,0.05794826279785009
2025,21940,offspeed,-0.0018912700842436672
2025,21943,breaking,-0.01958605936111107
2025,21943,fastball,-0.039951796016956226
2025,21943,offspeed,-0.040351105811159416
2025,21955,breaking,-0.02574989632537071
2025,21955,fastball,0.010022857274212144
2025,21955,offspeed,0.06246819270238391
2025,21961,breaking,-0.05381197422474168
2025,21961,fastball,0.04968732969578092
2025,21961,offspeed,0.0521545974422529
2025,21978,breaking,0.004559593557218148
2025,21978,fastball,0.05673515109778789
2025,21978,offspeed,-0.0303387443878579
2025,21991,breaking,-0.02065287684298927
2025,21991,fastball,-0.04733675750693083
2025,21991,offspeed,-0.009038959246157535
2025,21994,breaking,-0.0022292429264084996
2025,21994,fastball,-0.006764712886093586
2025,21994,offspeed,0.0235013817385983
2025,21998,breaking,-0.044238137535047434
2025,21998,fastball,0.06890660810478474
2025,21998,offspeed,-0.02298873892298848
2025,22007,breaking,0.04296227437076859
2025,22007,fastball,0.03349610418027195
2025,22007,offspeed,0.08816697052076444
2025,22015,breaking,-0.09212657717685364
2025,22015,fastball,-0.10038214953334486
2025,22015,offspeed,-0.0854336217591715
2025,22028,breaking,-0.05795266498546797
2025,22028,fastball,0.008933136971636939
2025,22028,offspeed,-0.042297563817317786
2025,22029,breaking,0.017348944685184425
2025,22029,fastball,0.058783170108844957
2025,22029,offspeed,0.0002621194066820488
2025,22094,breaking,-0.08340298331788193
2025,22094,fastball,-0.08399056156758028
2025,22094,offspeed,0.015492237777579144
2025,22099,breaking,0.0031576577224254193
2025,22099,fastball,-0.054681892752824625
2025,22099,offspeed,-0.07917994859471211
2025,22110,breaking,0.051915815444303084
2025,22110,fastball,0.02448144465863398
2025,22110,offspeed,0.015633184556921087
2025,22118,breaking,-0.1594093150526853
2025,22118,fastball,-0.019859859903889988
2025,22118,offspeed,0.014754075230432333
2025,22123,breaking,-0.035741096445252564
2025,22123,fastball,0.09575878214596742
2025,22123,offspeed,-0.03599693853075283
2025,22131,breaking,0.01571723250837219
2025,22131,fastball,0.14921593959624388
2025,22131,offspeed,0.1820483559528622
2025,22136,breaking,-0.03889261846120411
2025,22136,fastball,-0.046213030058519726
2025,22136,offspeed,-0.06970682232382397
2025,22143,breaking,-0.0724337459587408
2025,22143,fastball,-0.008072176755378925
2025,22143,offspeed,0.02983438471360302
2025,22154,breaking,-0.01316786524302787
2025,22154,fastball,0.010689227736172004
2025,22154,offspeed,0.00089176326696003
2025,22156,breaking,-0.03058584274960143
2025,22156,fastball,0.01902158880175614
2025,22156,offspeed,-0.0031885824756288307
2025,22163,breaking,-0.06193720486755279
2025,22163,fastball,0.08570361846742676
2025,22163,offspeed,-0.0048210495664004465
2025,22180,breaking,0.0442054690453245
2025,22180,fastball,0.02168954979553149
2025,22180,offspeed,0.011392362193275342
2025,22192,breaking,-0.04852645216941719
2025,22192,fastball,-0.0328967783333178
2025,22192,offspeed,-0.02081526532328616
2025,22201,breaking,-0.06573067027731352
2025,22201,fastball,0.048563512328195536
2025,22201,offspeed,-0.060666629625432254
2025,22203,breaking,-0.0020736258390265127
2025,22203,fastball,0.00837625067658454
2025,22205,breaking,-0.026181594173895754
2025,22205,fastball,0.03200290125195051
2025,22205,offspeed,-0.005257837125928652
2025,22220,breaking,0.027282185639211618
2025,22220,fastball,-0.038874092226834515
2025,22220,offspeed,-0.024163096877446343
2025,22231,breaking,0.05362743653148693
2025,22231,fastball,0.055656615226352235
2025,22231,offspeed,-0.0097619424016034
2025,22233,breaking,-0.0542744153995408
2025,22233,fastball,-0.04465243968800163
2025,22233,offspeed,-0.008477908406632572
2025,22234,breaking,0.02338114388197822
2025,22234,fastball,-0.017119011902303076
2025,22234,offspeed,-0.06111865885387344
2025,22249,breaking,-0.05305495198726011
2025,22249,fastball,-0.003985189645499621
2025,22249,offspeed,-0.030927260119567247
2025,22250,breaking,-0.025518040473175078
2025,22250,fastball,-0.0010300361854395461
2025,22250,offspeed,-0.0105754166073209
2025,22253,breaking,0.04753186711259868
2025,22253,fastball,0.02000628593369152
2025,22253,offspeed,0.016958654255009725
2025,22254,breaking,0.0627237186518519
2025,22254,fastball,0.07523194677893989
2025,22254,offspeed,-0.004656678945569675
2025,22261,breaking,0.05414497279180018
2025,22261,fastball,-0.003244450502467885
2025,22261,offspeed,-0.008447064635287202
2025,22277,breaking,-0.004386724894952796
2025,22277,fastball,0.01799744704500886
2025,22277,offspeed,0.008142364100327457
2025,22278,breaking,-0.1069896198018972
2025,22278,fastball,-0.04293507657272299
2025,22278,offspeed,0.00807044192313605
2025,22280,breaking,-0.08023778835884017
2025,22280,fastball,-0.0373273948001227
2025,22280,offspeed,0.03174209664460601
2025,22292,breaking,-0.0765480378693121
2025,22292,fastball,0.005748387876365753
2025,22292,offspeed,-0.021214901894070597
2025,22293,breaking,0.005008260682992082
2025,22293,fastball,0.034800532267501516
2025,22293,offspeed,-0.09120863286918963
2025,22302,breaking,-0.05429530050730862
2025,22302,fastball,-0.029155514359258193
2025,22302,offspeed,-0.00437510425269918
2025,22305,breaking,-0.08493883637975856
2025,22305,fastball,-0.0292424472236394
2025,22309,breaking,0.04125850114950248
2025,22309,fastball,0.13093993676102908
2025,22309,offspeed,0.017759607667729438
2025,22311,breaking,-0.036456655301530735
2025,22311,fastball,-0.01751069298365499
2025,22311,offspeed,0.0011596363551186833
2025,22312,breaking,-0.07559049556837893
2025,22312,fastball,-0.0499096402343296
2025,22312,offspeed,-0.05128399213106034
2025,22318,breaking,0.06444713338035515
2025,22318,fastball,0.00945090165277393
2025,22318,offspeed,0.004225036018500535
2025,22321,breaking,0.04447757714104042
2025,22321,fastball,0.07020165635947578
2025,22321,offspeed,0.01676486879132396
2025,22332,breaking,-0.008457466128538064
2025,22332,fastball,-0.056660307054048176
2025,22335,breaking,-0.037195179872784534
2025,22335,fastball,0.0015930151897207562
2025,22335,offspeed,0.006089227294176591
2025,22345,fastball,-0.009320998616918796
2025,22345,offspeed,-0.024566925420991516
2025,22349,breaking,-0.03381965758505826
2025,22349,fastball,-0.012742963919015244
2025,22368,breaking,-0.03683807884834499
2025,22368,fastball,-0.045082866218893604
2025,22368,offspeed,0.020191334201946392
2025,22380,breaking,-0.01082953765042413
2025,22380,fastball,0.009400765168347723
2025,22380,offspeed,-0.004825970199557446
2025,22389,breaking,0.023322633776797923
2025,22389,fastball,0.053374489384343485
2025,22389,offspeed,0.03183245346028302
2025,22397,breaking,-0.006688895664985734
2025,22397,fastball,0.040195825813716515
2025,22397,offspeed,-0.015732870140900863
2025,22404,breaking,0.026705010714599655
2025,22404,fastball,0.09535110929551421
2025,22404,offspeed,-0.011659140172091496
2025,22414,fastball,0.04638634180420924
2025,22414,offspeed,0.009632205667345576
2025,22419,breaking,-0.04695258392795616
2025,22419,fastball,0.039632369184661675
2025,22419,offspeed,0.009891103714257532
2025,22427,breaking,-0.013677007050467987
2025,22427,fastball,0.06684971607002282
2025,22427,offspeed,-0.001958238297359069
2025,22428,breaking,-0.02591376179451895
2025,22428,fastball,0.020219546961238673
2025,22428,offspeed,0.05433369841445799
2025,22435,breaking,-0.005670516869251043
2025,22435,fastball,0.10117179974738602
2025,22435,offspeed,0.015861242388785158
2025,22458,breaking,0.03954107539805553
2025,22458,fastball,0.03345983974101247
2025,22458,offspeed,-0.07453785284421513
2025,22469,breaking,-0.09120180718230753
2025,22469,fastball,-0.021229595654131572
2025,22469,offspeed,-0.02859452979744269
2025,22473,breaking,-0.036309558718801586
2025,22473,fastball,-0.007752253443750411
2025,22473,offspeed,-0.08959667460862905
2025,22478,breaking,-0.07151988201107164
2025,22478,fastball,-0.08116752190181949
2025,22487,breaking,-0.10695157155737717
2025,22487,fastball,-0.04399422987748656
2025,22487,offspeed,-0.06468315443753359
2025,22491,breaking,0.02942008341380606
2025,22491,fastball,0.043313496761308086
2025,22491,offspeed,-0.06591127884687636
2025,22505,breaking,-0.03274495504616354
2025,22505,fastball,-0.016610582614143925
2025,22505,offspeed,-0.03276863729186701
2025,22508,breaking,-0.04030213968713062
2025,22508,fastball,-0.0016466425996658047
2025,22508,offspeed,0.07126116630654249
2025,22525,breaking,-0.027432105009698674
2025,22525,fastball,0.00495316139451345
2025,22525,offspeed,-0.013096189021478414
2025,22539,breaking,-0.04783077684968186
2025,22539,fastball,-0.06927586290353302
2025,22539,offspeed,-0.02291009062213624
2025,22540,breaking,0.012209771125715141
2025,22540,fastball,0.027882595487141167
2025,22540,offspeed,-0.02700966882690774
2025,22541,breaking,-0.08599049608606768
2025,22541,fastball,-0.0677719210285523
2025,22541,offspeed,-0.030579923405881965
2025,22547,breaking,-0.08038026774560515
2025,22547,fastball,-0.038356890385790106
2025,22547,offspeed,0.04249214229668186
2025,22548,breaking,-0.03432194984875283
2025,22548,fastball,0.04578219404695154
2025,22548,offspeed,0.015328104663472354
2025,22551,breaking,-0.03924713917586334
2025,22551,fastball,-0.047342529313935136
2025,22551,offspeed,-0.006781058364071724
2025,22575,breaking,-0.007857107780835478
2025,22575,fastball,0.005510721681361397
2025,22575,offspeed,-0.03869754483963833
2025,22579,breaking,-0.01573586825156254
2025,22579,fastball,0.018240400969412082
2025,22579,offspeed,-0.017946641712042386
2025,22583,breaking,-0.04314795232879031
2025,22583,fastball,-0.0008999743781262315
2025,22583,offspeed,-0.08013528210530729
2025,22592,breaking,-0.06740254370627904
2025,22592,fastball,-0.0020553447429307093
2025,22592,offspeed,-0.013541590963878752
2025,22595,breaking,-0.05208119704219197
2025,22595,fastball,-0.04928930875799514
2025,22595,offspeed,-0.018793134274022804
2025,22596,breaking,0.06866378788534472
2025,22596,fastball,0.1002100274594934
2025,22596,offspeed,0.028464372880544903
2025,22597,breaking,-0.04282624187859856
2025,22597,fastball,-0.10656295752092858
2025,22597,offspeed,-0.0659184588834755
2025,22598,breaking,0.004222952812059379
2025,22598,fastball,-0.0029868776622841544
2025,22598,offspeed,0.024495500260405177
2025,22615,breaking,-0.06672382692818529
2025,22615,fastball,0.041853273509726806
2025,22615,offspeed,0.04170300837370501
2025,22617,breaking,-0.02490653380174188
2025,22617,fastball,0.01722595679946434
2025,22617,offspeed,-0.010477055351630965
2025,22621,breaking,-0.08314854692656114
2025,22621,fastball,0.03246563561367584
2025,22621,offspeed,0.02111859133070956
2025,22622,breaking,-0.08188390535125929
2025,22622,fastball,-0.03756192510823801
2025,22622,offspeed,0.01703470521240414
2025,22624,breaking,-0.042591716721541516
2025,22624,fastball,-0.024777044936738872
2025,22624,offspeed,-0.058642686645814256
2025,22640,breaking,-0.028103646533233557
2025,22640,fastball,-0.12001651925108305
2025,22640,offspeed,-0.042015235445086514
2025,22651,breaking,-0.0005015123960254069
2025,22651,fastball,0.015859322363236717
2025,22651,offspeed,-0.01857667166631818
2025,22666,breaking,-0.027700979964128635
2025,22666,fastball,-0.037253522293297224
2025,22666,offspeed,-0.016489576428413918
2025,22667,breaking,-0.09851757493860268
2025,22667,fastball,-0.005551644233574523
2025,22667,offspeed,0.07126238426532525
2025,22668,breaking,0.009588737028668862
2025,22668,fastball,0.04915980331079852
2025,22668,offspeed,0.008282696312070957
2025,22675,breaking,0.03576938587215413
2025,22675,fastball,0.009432112869875307
2025,22675,offspeed,0.008443306192208722
2025,22703,breaking,-0.10452214281071177
2025,22703,fastball,0.030360764242760806
2025,22703,offspeed,-0.009430118270834485
2025,22708,breaking,-0.035237931445057914
2025,22708,fastball,0.003140827500965378
2025,22708,offspeed,-0.03135926233328872
2025,22710,breaking,0.0014920807909736668
2025,22710,fastball,0.051333937561503305
2025,22710,offspeed,-0.021185379774279943
2025,22717,breaking,-0.12847832003181153
2025,22717,fastball,-0.054230627498411905
2025,22717,offspeed,0.034500413930394803
2025,22720,breaking,0.04255286592127656
2025,22720,fastball,0.014222727587960166
2025,22720,offspeed,-0.04538356001854437
2025,22721,breaking,-0.030271747938098868
2025,22721,fastball,0.017804269656713657
2025,22721,offspeed,0.04916533795403106
2025,22722,breaking,-0.005260537632529367
2025,22722,fastball,0.025709250836995514
2025,22729,breaking,-0.049882237327858465
2025,22729,fastball,0.028820449521799966
2025,22729,offspeed,-0.011053235017942059
2025,22730,breaking,0.028441503377392312
2025,22730,fastball,0.012957969890026082
2025,22730,offspeed,0.002647046948491134
2025,22731,breaking,0.011025524549327594
2025,22731,fastball,0.020558872099374938
2025,22731,offspeed,0.010566624284913291
2025,22734,breaking,-0.06316921870889132
2025,22734,fastball,-0.028520084197172186
2025,22734,offspeed,-0.004820988101984708
2025,22735,breaking,-0.05302269869262686
2025,22735,fastball,0.020517884873816457
2025,22735,offspeed,-0.056362885310710056
2025,22738,breaking,-0.01506335371113388
2025,22738,fastball,0.01892028269315253
2025,22738,offspeed,-0.016089521039960725
2025,22741,breaking,0.022495917534738976
2025,22741,fastball,0.07493239632808939
2025,22741,offspeed,0.02935662163087348
2025,22742,breaking,-0.004550352127249534
2025,22742,fastball,-0.0017454029385449044
2025,22742,offspeed,-0.01704031365344701
2025,22743,breaking,0.019404249911262123
2025,22743,fastball,-0.009160790349239131
2025,22743,offspeed,0.023782991459004622
2025,22759,breaking,-0.01030232633771659
2025,22759,fastball,0.006809061398441937
2025,22759,offspeed,-0.016616313678257385
2025,22761,breaking,0.03442147348996729
2025,22761,fastball,0.035476821424799077
2025,22761,offspeed,0.020507025036448724
2025,22772,breaking,-0.044194559504495634
2025,22772,fastball,0.01468097008792518
2025,22772,offspeed,-0.029523459721713646
2025,22776,breaking,-0.017369345998512857
2025,22776,fastball,0.03758204815714353
2025,22776,offspeed,-0.037021609008015446
2025,22782,breaking,-0.06670359187733536
2025,22782,fastball,0.012986895801742684
2025,22782,offspeed,0.01894111942729699
2025,22784,breaking,-0.06183297263572426
2025,22784,fastball,-0.01659346275811661
2025,22785,breaking,-0.06874647706692663
2025,22785,fastball,-0.006937934123951389
2025,22785,offspeed,-0.011985243847808906
2025,22786,breaking,0.018111699419611035
2025,22786,fastball,0.015350900522334865
2025,22786,offspeed,-0.011642832939118417
2025,22795,breaking,0.011051575201937648
2025,22795,fastball,0.006424015790139
2025,22795,offspeed,0.011878184557003894
2025,22810,breaking,-0.003551420901425247
2025,22810,fastball,0.037925501084802554
2025,22810,offspeed,-0.0009560747774779011
2025,22815,breaking,-0.012004526959661563
2025,22815,fastball,0.016845851769651785
2025,22820,breaking,-0.11219935619953347
2025,22820,fastball,-0.058199169374099295
2025,22820,offspeed,-0.007279377583472992
2025,22821,breaking,-0.03307936325030691
2025,22821,fastball,0.021444843092141362
2025,22821,offspeed,-0.07080653869736116
2025,22834,breaking,-0.06453650476689045
2025,22834,fastball,-0.04873229159338781
2025,22834,offspeed,-0.0015541477877894084
2025,22836,breaking,-0.04554633555302781
2025,22836,fastball,-0.05448416654797514
2025,22836,offspeed,0.024534621244491628
2025,22840,breaking,-0.04316842586463978
2025,22840,fastball,0.009498945199003775
2025,22840,offspeed,0.0016820514613895073
2025,22851,breaking,-0.021981968875856323
2025,22851,fastball,-0.01786538138158733
2025,22851,offspeed,0.008852476847305607
2025,22867,breaking,-0.05719726451751015
2025,22867,fastball,-0.041350315665781054
2025,22867,offspeed,-0.008693909547975645
2025,22869,breaking,-0.1533191709804543
2025,22869,fastball,-0.07535326772482086
2025,22869,offspeed,-0.010111294399683873
2025,22870,breaking,0.0010869339565285727
2025,22870,fastball,0.050977054536456935
2025,22870,offspeed,0.0595266933298365
2025,22881,breaking,-0.0020736258390265127
2025,22881,fastball,0.043177551061191574
2025,22881,offspeed,-0.008477908406632572
2025,22890,breaking,-0.043690747716141246
2025,22890,fastball,-0.01572162284556109
2025,22890,offspeed,-0.02978213101607224
2025,22893,fastball,0.00517175500626961
2025,22899,breaking,-0.03881346532882512
2025,22899,fastball,-0.010727199532201052
2025,22899,offspeed,-0.04058945688529048
2025,22901,breaking,-0.03507088565082219
2025,22901,fastball,0.0024007863702478864
2025,22901,offspeed,-0.02682945872079539
2025,22904,breaking,-0.11184713214121718
2025,22904,fastball,-0.01357917490831403
2025,22904,offspeed,-0.004461701593505528
2025,22905,breaking,0.020486392067528336
2025,22905,fastball,0.02859915395996757
2025,22905,offspeed,-0.062188309159209934
2025,22908,breaking,0.017943897011159136
2025,22908,fastball,0.03764901753487859
2025,22908,offspeed,0.025827945286705876
2025,22911,breaking,-0.013657402582904455
2025,22911,fastball,0.06477220561031156
2025,22911,offspeed,-0.10601352133163627
2025,22915,breaking,0.012818300907483024
2025,22915,fastball,-0.03421231247898634
2025,22915,offspeed,-0.03432194984875283
2025,22922,breaking,-0.057631851370663276
2025,22922,fastball,-0.08506160252870507
2025,22922,offspeed,-0.015141683977396335
2025,22923,breaking,-0.018915742582480875
2025,22923,fastball,-0.07500652084442903
2025,22925,breaking,-0.0276315524452602
2025,22925,fastball,0.0009377238923862516
2025,22925,offspeed,-0.007224764411579225
2025,22926,breaking,-0.06299354193674232
2025,22926,fastball,-0.047209244187429666
2025,22926,offspeed,0.0006964995941796513
2025,22932,breaking,0.029520080856846365
2025,22932,fastball,0.018344870729309133
2025,22932,offspeed,-0.03967547009076742
2025,22933,breaking,0.013951530571471957
2025,22933,fastball,-0.03200189164668254
2025,22933,offspeed,-0.023846243949605682
2025,22960,breaking,0.028146265275073856
2025,22960,fastball,-0.00722609715393337
2025,22960,offspeed,0.02573270123315004
2025,22964,breaking,0.011773666178917303
2025,22964,fastball,0.01425173019755228
2025,22964,offspeed,0.027324343707381352
2025,22978,breaking,-0.08101510998603202
2025,22978,fastball,-0.039290593688636924
2025,22978,offspeed,-0.07087655898646221
2025,22985,breaking,-0.008276889698682916
2025,22985,fastball,0.032355279009401744
2025,22985,offspeed,0.02270074833694939
2025,22996,breaking,0.03302780116404562
2025,22996,fastball,0.07899784773808709
2025,22996,offspeed,0.00521743801388696
2025,23005,breaking,-0.025492670296921233
2025,23005,fastball,-0.03384964238997623
2025,23005,offspeed,0.0042830758874242885
2025,23023,breaking,-0.06878319941798557
2025,23023,fastball,-0.000630885278057856
2025,23024,breaking,0.012752111692894934
2025,23024,fastball,-0.05148845443984444
2025,23030,breaking,-0.04193229729683513
2025,23030,fastball,-0.06120965885047164
2025,23030,offspeed,-0.09732159098971024
2025,23035,breaking,-0.1164080323947132
2025,23035,fastball,-0.016827715486677584
2025,23035,offspeed,-0.016237085111999443
2025,23041,breaking,0.015350900522334865
2025,23041,fastball,0.011192774913373628
2025,23041,offspeed,0.018111699419611035
2025,23043,breaking,-0.03288709433829122
2025,23043,fastball,-0.022975389249488793
2025,23043,offspeed,-0.012302386783351871
2025,23047,breaking,-0.06558415289312026
2025,23047,fastball,0.0020864679046097537
2025,23047,offspeed,-0.036446588005275546
2025,23053,breaking,-0.05385401336530658
2025,23053,fastball,-0.08589382670833288
2025,23053,offspeed,-0.053171317273457405
2025,23054,breaking,-0.011424340790676061
2025,23054,fastball,0.006573933537004263
2025,23054,offspeed,-0.05317820331086683
2025,23082,breaking,0.038865733849646596
2025,23082,fastball,0.03154079185256518
2025,23082,offspeed,0.015160892066655047
2025,23090,breaking,-0.020377524005610874
2025,23090,fastball,0.04096075615864446
2025,23090,offspeed,-0.019671950957799833
2025,23091,breaking,-0.028763300580388965
2025,23091,fastball,-0.04892435710325946
2025,23092,breaking,-0.041347276689011524
2025,23092,fastball,-0.046029299242969966
2025,23092,offspeed,-0.06895095354358349
2025,23094,breaking,-0.044733371861464685
2025,23094,fastball,0.06911289782188737
2025,23094,offspeed,-0.03637073851347979
2025,23097,breaking,-0.07642331777673234
2025,23097,fastball,-0.11785260187957068
2025,23097,offspeed,-0.0299423301697566
2025,23101,breaking,-0.025493906699375696
2025,23101,fastball,-0.07457961512773732
2025,23101,offspeed,0.025738456259033385
2025,23105,breaking,-0.022347902079708347
2025,23105,fastball,-0.015699110710086565
2025,23105,offspeed,-0.013006653693072728
2025,23110,breaking,-0.04374769781943369
2025,23110,fastball,-0.004027485311329824
2025,23110,offspeed,-0.03622894712233805
2025,23112,breaking,-0.006360554699136281
2025,23112,fastball,0.06869317398984554
2025,23112,offspeed,-0.04522917629310529
2025,23115,breaking,-0.026084052486606845
2025,23115,fastball,-0.05445914960343217
2025,23115,offspeed,-0.011345207729059389
2025,23116,fastball,0.026299223737025444
2025,23117,breaking,0.0024866994196110354
2025,23117,fastball,0.03824526438988225
2025,23117,offspeed,-0.019110255389656675
2025,23122,breaking,-0.09289186867583242
2025,23122,fastball,0.0348516542687851
2025,23122,offspeed,-0.005545011931190136
2025,23137,breaking,-0.0037487125603246265
2025,23137,fastball,-0.006925294776944348
2025,23137,offspeed,-0.006232062637034258
2025,23139,breaking,-0.017227662766504236
2025,23139,fastball,0.0005756256203237532
2025,23139,offspeed,0.0025854316099353293
2025,23145,breaking,-0.06367018156031645
2025,23145,fastball,0.0013877667393549138
2025,23145,offspeed,-0.04256837696731379
2025,23150,breaking,0.00213390461652987
2025,23150,fastball,0.050385819281797604
2025,23151,breaking,-0.03980370856405716
2025,23151,fastball,0.0015218461657609337
2025,23151,offspeed,-0.0015531013889343859
2025,23154,breaking,0.0007459151172925483
2025,23154,fastball,-0.0403672009889515
2025,23154,offspeed,-0.014093032017396912
2025,23157,breaking,-0.07018016639961612
2025,23157,fastball,-0.054119490540681645
2025,23157,offspeed,0.02839876939722175
2025,23158,breaking,-0.04163989629210175
2025,23158,fastball,-0.011277501862587625
2025,23158,offspeed,-0.02522341689946098
2025,23175,breaking,-0.01119057210452022
2025,23175,fastball,-0.0456061777295984
2025,23175,offspeed,-0.008635664112400798
2025,23177,breaking,0.006945365105698278
2025,23177,fastball,0.05414698183022701
2025,23177,offspeed,0.004943116094233735
2025,23182,breaking,0.027196875086125494
2025,23182,fastball,0.01330714319646011
2025,23182,offspeed,-0.009236926223670908
2025,23190,breaking,-0.04620157791041614
2025,23190,fastball,-0.010881861035892901
2025,23190,offspeed,-0.03515601334701001
2025,23194,breaking,-0.0016194673432840115
2025,23194,fastball,-0.012587601519517946
2025,23194,offspeed,0.001346098952447612
2025,23204,breaking,-0.0716518475798218
2025,23204,fastball,-0.039632674094294856
2025,23204,offspeed,-0.04349162255781936
2025,23206,breaking,-0.07101645307908651
2025,23206,fastball,0.018822743929116065
2025,23206,offspeed,0.010649490088712028
2025,23225,breaking,-0.13338444550950776
2025,23225,fastball,-0.01916885085906103
2025,23225,offspeed,0.015147246114065692
2025,23229,breaking,0.008091186323144062
2025,23229,fastball,0.058517148744215174
2025,23229,offspeed,-0.021727734689003943
2025,23231,breaking,-0.04447423847346442
2025,23231,fastball,0.01671953998831325
2025,23231,offspeed,-0.028417826908481922
2025,23232,breaking,-0.04771517661344975
2025,23232,fastball,-0.003825113665672227
2025,23232,offspeed,-0.01613154598147627
2025,23235,breaking,0.008912869200020131
2025,23235,fastball,0.13302102934206672
2025,23235,offspeed,0.03805281288507019
2025,23236,breaking,0.026755849230986867
2025,23236,fastball,-0.014487594736747923
2025,23236,offspeed,0.022369495969323354
2025,23238,breaking,-0.007521617230718239
2025,23238,fastball,0.016298058958002803
2025,23238,offspeed,-0.05774582681758059
2025,23240,breaking,-0.0011457360288772576
2025,23240,fastball,0.028677989014377698
2025,23240,offspeed,-0.003965781227745338
2025,23257,breaking,-0.055893740837638095
2025,23257,fastball,0.01929807193392011
2025,23257,offspeed,-0.06473951655514538
2025,23258,breaking,-0.052068668450956
2025,23258,fastball,-0.08062193382331316
2025,23258,offspeed,0.00979209079064547
2025,23260,breaking,-0.024835928457419103
2025,23260,fastball,-0.08215762685704504
2025,23260,offspeed,-0.06783929013114995
2025,23262,breaking,-0.018175887085287917
2025,23262,fastball,0.005471526052639845
2025,23262,offspeed,-0.0020468548272234003
2025,23267,breaking,0.04489660701199355
2025,23267,fastball,0.027009309333702478
2025,23267,offspeed,-0.008477908406632572
2025,23284,breaking,-0.032450764134009366
2025,23284,fastball,-0.027146181853182225
2025,23284,offspeed,-0.005728524463864212
2025,23286,breaking,-0.05113051094994251
2025,23286,fastball,0.021168378409881713
2025,23286,offspeed,-0.0018219087439965728
2025,23288,breaking,0.047456336304346924
2025,23288,fastball,0.057119714584144186
2025,23288,offspeed,-0.021381925297579443
2025,23289,breaking,-0.07455870883931848
2025,23289,fastball,0.04243967328685842
2025,23289,offspeed,-0.023511119320500425
2025,23293,breaking,0.007003092263142727
2025,23293,fastball,0.0395680239206188
2025,23293,offspeed,0.03843163228364358
2025,23294,breaking,-0.0055628736578743326
2025,23294,fastball,-0.02875080790310857
2025,23294,offspeed,0.016611030053628514
2025,23302,breaking,-0.1413298034823338
2025,23302,fastball,-0.05348857761477621
2025,23302,offspeed,-0.012742963919015244
2025,23306,breaking,0.0003106825718369446
2025,23306,fastball,0.013257714956766696
2025,23306,offspeed,0.006683959228218288
2025,23307,breaking,-0.0645700215521008
2025,23307,fastball,-0.02452404932508987
2025,23307,offspeed,-0.02649407701420132
2025,23312,breaking,-0.0568027206786493
2025,23312,fastball,0.037565491712593095
2025,23312,offspeed,0.034266547074340487
2025,23314,breaking,-0.11280511395841872
2025,23314,fastball,-0.03822452299640193
2025,23314,offspeed,-0.010859431389029176
2025,23331,breaking,-0.04609839780479767
2025,23331,fastball,-0.02782401176876881
2025,23331,offspeed,-0.035295399370537675
2025,23332,breaking,-0.03270700449157742
2025,23332,fastball,-0.03644609835339458
2025,23332,offspeed,-0.02291009062213624
2025,23334,breaking,-0.016648977658439257
2025,23334,fastball,0.015595617627006161
2025,23334,offspeed,-0.0240901498972093
2025,23336,breaking,0.05226478473856493
2025,23336,fastball,0.002060580862237718
2025,23336,offspeed,0.019598911315370657
2025,23342,breaking,0.03959133494116313
2025,23342,fastball,0.0008614243895891056
2025,23342,offspeed,-0.02604813405826707
2025,23343,breaking,0.0062712437138484145
2025,23343,fastball,-0.006993794757241728
2025,23343,offspeed,-0.009612044134303145
2025,23347,breaking,-0.023242423447372963
2025,23347,fastball,0.07810352424812377
2025,23347,offspeed,-0.005142515916635738
2025,23348,offspeed,-0.0003056419762286211
2025,23360,breaking,0.004438252783627002
2025,23360,fastball,-0.04884862747996889
2025,23360,offspeed,0.003314811725284335
2025,23361,breaking,-0.01199396795934523
2025,23361,fastball,-0.009289880481212693
2025,23361,offspeed,0.0009933732996234956
2025,23362,breaking,-0.03510928821111491
2025,23362,fastball,0.008006731098885733
2025,23362,offspeed,-0.0013176220490506276
2025,23363,breaking,-0.04513865521728838
2025,23363,fastball,-0.0147792421518236
2025,23363,offspeed,0.021695143276760826
2025,23366,breaking,0.004668960876480331
2025,23366,fastball,-0.030437806965481123
2025,23366,offspeed,-0.021418660812778142
2025,23369,breaking,-0.06752985021889255
2025,23369,fastball,-0.028715581490893274
2025,23369,offspeed,0.0062681136886639155
2025,23383,breaking,-0.10683868905928637
2025,23383,fastball,0.019869820830882817
2025,23383,offspeed,0.0051933544194834955
2025,23384,breaking,-0.035497327448830086
2025,23384,fastball,-0.09358880146296818
2025,23384,offspeed,0.01454350975548241
2025,23385,breaking,-0.016597282583349877
2025,23385,fastball,-0.08405815066672176
2025,23385,offspeed,-0.013935559921060242
2025,23411,breaking,-0.05696629652864794
2025,23411,fastball,0.05476458565880426
2025,23411,offspeed,0.005373856708735971
2025,23414,breaking,-0.005602103087545075
2025,23414,fastball,0.007961069218183785
2025,23414,offspeed,-0.04699374275232587
2025,23415,breaking,0.04670665624380479
2025,23415,fastball,0.13506071139300888
2025,23415,offspeed,-0.07273373621016202
2025,23418,breaking,-0.0196149404004519
2025,23418,fastball,0.051599577462771655
2025,23418,offspeed,-0.032026379151512914
2025,23421,breaking,0.021294524974135018
2025,23421,fastball,0.019364171785085267
2025,23421,offspeed,-0.0005017521935077189
2025,23422,breaking,-0.18251190793130528
2025,23422,fastball,-0.010429279506044328
2025,23422,offspeed,-0.061025661733324625
2025,23423,breaking,0.0038327162360238436
2025,23423,fastball,-0.014321585677115315
2025,23423,offspeed,0.047500349992564216
2025,23424,breaking,-0.08291468436427778
2025,23424,fastball,-0.012842087058793064
2025,23424,offspeed,-0.06811499859863374
2025,23426,breaking,-0.010481583516889085
2025,23426,fastball,-0.007180259564601464
2025,23426,offspeed,-0.006461755135596115
2025,23428,breaking,-0.04790559787460011
2025,23428,fastball,-0.020907787283445316
2025,23428,offspeed,0.015555861077135608
2025,23429,breaking,-0.09680437183360813
2025,23429,fastball,0.01523206885709605
2025,23429,offspeed,0.053572454439939195
2025,23437,breaking,-0.0941197807330199
2025,23437,fastball,-0.022247127737433352
2025,23437,offspeed,-0.04847517344815997
2025,23439,breaking,0.02391354077844372
2025,23439,fastball,0.0576081350260579
2025,23439,offspeed,0.007733617392676772
2025,23440,breaking,-0.01500705676217853
2025,23440,fastball,0.025141493223941932
2025,23440,offspeed,-0.04770467803405211
2025,23446,breaking,-0.004781644060257565
2025,23446,fastball,0.01971026047094046
2025,23446,offspeed,-0.006781058364071724
2025,23455,breaking,-0.0015149129492438385
2025,23455,fastball,-0.057433667762255655
2025,23455,offspeed,-0.07956332340362375
2025,23458,breaking,-0.009478535964971358
2025,23458,fastball,0.030800386593082534
2025,23458,offspeed,-0.01663272618267083
2025,23459,breaking,0.04341085496454169
2025,23459,fastball,0.03376022656190083
2025,23459,offspeed,-0.04620231920499591
2025,23461,breaking,0.007424127224806244
2025,23461,fastball,0.012847439133913438
2025,23461,offspeed,-0.0055338303784066975
2025,23462,breaking,-0.02763213867959919
2025,23462,fastball,0.016953024540362755
2025,23462,offspeed,-0.017678559270507117
2025,23475,breaking,-0.026338837004191238
2025,23475,fastball,-0.017966031494420744
2025,23475,offspeed,0.013806938479848036
2025,23476,fastball,-0.009298875217846402
2025,23478,breaking,-0.09736894904694054
2025,23478,fastball,-0.004766764469213432
2025,23478,offspeed,-0.08380552085377248
2025,23479,breaking,0.0030631775138532506
2025,23479,offspeed,0.020251568979449634
2025,23484,breaking,-0.044461397823796434
2025,23484,fastball,-0.045002591889716774
2025,23484,offspeed,-0.06829670594570977
2025,23485,breaking,-0.011578319215206825
2025,23485,fastball,-0.011498387283807986
2025,23485,offspeed,0.02577779293068859
2025,23487,breaking,-0.07258316020784654
2025,23487,fastball,0.014112457145985344
2025,23487,offspeed,-0.05122025880061221
2025,23488,breaking,-0.03810314977326266
2025,23488,fastball,-0.025568602668601722
2025,23488,offspeed,-0.04637186085701597
2025,23496,breaking,-0.05121168280910277
2025,23496,fastball,0.04060041173818108
2025,23496,offspeed,-0.01508971325693363
2025,23497,breaking,0.0026430858852329892
2025,23497,fastball,0.03809297537023837
2025,23497,offspeed,-0.005679931646029143
2025,23498,breaking,-0.07470995228650758
2025,23498,fastball,-0.059027283837860975
2025,23498,offspeed,0.04501037818653926
2025,23499,breaking,0.015295636627239864
2025,23499,fastball,-0.004210243470911271
2025,23499,offspeed,0.023844114995541496
2025,23500,breaking,-0.00758922501022517
2025,23500,fastball,0.0015970249346597485
2025,23500,offspeed,0.05250708846816962
2025,23501,breaking,-0.07164957401816235
2025,23501,fastball,0.01647605247023919
2025,23501,offspeed,-0.005138711545540757
2025,23504,breaking,-0.03487722577848065
2025,23504,fastball,0.05025029353652235
2025,23504,offspeed,-0.002825100482258791
2025,23512,breaking,0.005451503057630679
2025,23512,fastball,0.03947138600138226
2025,23512,offspeed,-0.05042662433711446
2025,23513,breaking,-0.01102528879751106
2025,23513,fastball,-0.03140146502952936
2025,23513,offspeed,-0.019410819340010283
2025,23514,breaking,-0.02769374018870961
2025,23514,fastball,-8.997930116454659e-05
2025,23514,offspeed,0.02296910582213176
2025,23515,breaking,-0.10010432304030263
2025,23515,fastball,-0.03117621128246673
2025,23515,offspeed,0.006306313979477101
2025,23516,breaking,0.025017951196548073
2025,23516,fastball,0.04938700355409446
2025,23516,offspeed,0.006404514222300693
2025,23518,breaking,0.008791899520196055
2025,23518,fastball,0.10122838296699929
2025,23518,offspeed,0.04653765429618284
2025,23519,breaking,-0.039917113738516856
2025,23519,fastball,0.0007705495944982692
2025,23519,offspeed,0.006906706977982813
2025,23520,breaking,-0.02048500364212417
2025,23520,offspeed,0.006374720772072981
2025,23532,breaking,-0.020273918506197468
2025,23532,fastball,-0.015134776484315958
2025,23532,offspeed,0.035811934833617595
2025,23534,breaking,-0.010947423679233343
2025,23534,fastball,0.04029046571556322
2025,23534,offspeed,0.022999792742424627
2025,23535,breaking,-0.06755162318772007
2025,23535,fastball,-0.04906175396616763
2025,23535,offspeed,-0.05013531333920754
2025,23536,breaking,-0.04863277553991953
2025,23536,fastball,-0.006588124847794447
2025,23536,offspeed,-0.031138876834890906
2025,23538,breaking,-0.01807546302801353
2025,23538,fastball,-0.027786147674380448
2025,23540,breaking,0.0029570906378484293
2025,23540,fastball,0.028395288165898293
2025,23540,offspeed,-0.02463000490302554
2025,23542,breaking,0.052991039805647185
2025,23542,fastball,-0.0017187680311371656
2025,23542,offspeed,-0.01764423642605563
2025,23554,breaking,-0.06399753136898706
2025,23554,fastball,0.012867943424220164
2025,23554,offspeed,-0.04768857726664599
2025,23555,breaking,-0.045090956077377314
2025,23555,fastball,-0.04412910985630459
2025,23555,offspeed,0.018032538638690043
2025,23556,breaking,-0.03886095358434894
2025,23556,fastball,-0.01873627776145836
2025,23556,offspeed,-0.02739224744646329
2025,23557,breaking,-0.10323553619578078
2025,23557,fastball,0.04095707767110524
2025,23557,offspeed,0.0356997229793021
2025,23558,breaking,-0.04259200950896596
2025,23558,fastball,-0.014477189020998229
2025,23558,offspeed,-0.040470545283657185
2025,23560,breaking,-0.0712997945528608
2025,23560,fastball,-0.05823923069593783
2025,23560,offspeed,0.02362751791325119
2025,23561,breaking,0.08562431329896605
2025,23561,fastball,0.05932594082567063
2025,23561,offspeed,0.03354428130828245
2025,23564,breaking,-0.043544964901125895
2025,23564,fastball,-0.02029651487961315
2025,23564,offspeed,-0.006871432561687723
2025,23565,breaking,-0.05418136018869536
2025,23565,fastball,-0.004949737284685915
2025,23565,offspeed,-0.026397663157557538
2025,23567,breaking,-0.022908260877750202
2025,23567,fastball,-0.02466353512472163
2025,23567,offspeed,-0.010542673939431157
2025,23568,breaking,-0.0713773396583947
2025,23568,fastball,-0.01242219307167477
2025,23568,offspeed,-0.01967209411421217
2025,23574,breaking,-0.06594682307824819
2025,23574,fastball,0.032018861596201854
2025,23574,offspeed,-0.008418895525386256
2025,23589,breaking,-0.03435392978860136
2025,23589,fastball,0.03512114556964497
2025,23589,offspeed,0.02390171423902066
2025,23590,breaking,-0.07226045294928961
2025,23590,fastball,-0.04682544025902666
2025,23590,offspeed,-0.009913627838399754
2025,23591,breaking,-0.008423112461885051
2025,23591,fastball,0.024307314417121584
2025,23591,offspeed,0.004750609683832402
2025,23593,breaking,0.0018577644928379257
2025,23593,fastball,0.03583764911750471
2025,23593,offspeed,-0.02205605628334097
2025,23596,breaking,-0.022529339298669432
2025,23596,fastball,0.027404809899605236
2025,23597,breaking,-0.0362901489224377
2025,23597,fastball,-0.011286095222876828
2025,23597,offspeed,-0.05070214833894567
2025,23599,breaking,0.039724319997707064
2025,23599,fastball,-0.03314379266040809
2025,23599,offspeed,0.006203929292588797
2025,23600,breaking,0.014644897828710262
2025,23600,fastball,0.04699462929337922
2025,23600,offspeed,-0.017298469428528043
2025,23614,breaking,0.011107096656029684
2025,23614,fastball,0.016094369764397935
2025,23614,offspeed,0.029521756545407566
2025,23615,breaking,0.010823548364198427
2025,23615,fastball,0.0046241048094219795
2025,23615,offspeed,-0.01788867640352869
2025,23617,breaking,-0.05187527450255943
2025,23617,fastball,-0.034931859385222724
2025,23617,offspeed,0.0026769383493582435
2025,23618,breaking,0.01346271743774886
2025,23618,fastball,-0.018969521842141634
2025,23618,offspeed,0.01379939003398936
2025,23624,breaking,0.03622850923851497
2025,23624,fastball,0.011180883431107177
2025,23627,breaking,-0.015096432193249534
2025,23627,fastball,0.058227400185631474
2025,23627,offspeed,0.016243748808662035
2025,23628,breaking,0.015567439613337905
2025,23628,fastball,0.045247977111271855
2025,23628,offspeed,-0.014046602376319772
2025,23630,breaking,0.08067226648865987
2025,23630,fastball,0.05963171986033117
2025,23630,offspeed,-0.05671835230372833
2025,23631,breaking,0.062317798889597355
2025,23631,fastball,0.002452651123101911
2025,23631,offspeed,-0.06709032577620713
2025,23632,breaking,0.10702905680223493
2025,23632,fastball,-0.029591172359379882
2025,23632,offspeed,-0.06318321081324137
2025,23633,breaking,-0.03732323255692539
2025,23633,fastball,0.07919084651137041
2025,23633,offspeed,-0.029700725797085582
2025,23634,breaking,-0.02978464660258109
2025,23634,fastball,0.06282426716458277
2025,23634,offspeed,0.0520483115492512
2025,23636,breaking,0.0059647481671938445
2025,23636,fastball,0.020256487853970395
2025,23636,offspeed,0.01749112149752656
2025,23637,breaking,0.06633616582670658
2025,23637,fastball,-0.010863027585140564
2025,23637,offspeed,0.003398603235916374
2025,23638,breaking,-0.013555200580606828
2025,23638,fastball,-0.008993021055450195
2025,23638,offspeed,0.021279447163487224
2025,23640,breaking,-0.1262774971812995
2025,23640,fastball,-0.005492138232518317
2025,23640,offspeed,0.0412805157034496
2025,23642,breaking,-0.03211279531043116
2025,23642,fastball,0.023500654212736848
2025,23642,offspeed,0.02365086231349493
2025,23643,breaking,0.030661586317583627
2025,23643,fastball,-0.03043048444492695
2025,23643,offspeed,0.03649639361209705
2025,23644,breaking,-0.022513548772935026
2025,23644,fastball,-0.00878790865895361
2025,23644,offspeed,-0.007670656492381116
2025,23648,breaking,0.007393804613658377
2025,23648,fastball,0.03253577265449106
2025,23648,offspeed,0.019137165997586244
2025,23650,breaking,-0.03671317650133983
2025,23650,fastball,-0.008302423088824595
2025,23650,offspeed,-0.04375210168323813
2025,23651,breaking,-0.1023961131569773
2025,23651,fastball,0.030785142238458126
2025,23651,offspeed,-0.046253959807124524
2025,23652,breaking,0.02634710534051047
2025,23652,fastball,0.04481203038939547
2025,23653,breaking,-0.07462817243497455
2025,23653,fastball,-0.0671937728421081
2025,23653,offspeed,-0.016281205145970347
2025,23654,breaking,-0.08726475672017651
2025,23654,fastball,0.03244843519462439
2025,23654,offspeed,-0.03415484273457398
2025,23655,breaking,-0.03598762473070288
2025,23655,fastball,0.1138532200208134
2025,23655,offspeed,0.029528127971547972
2025,23660,fastball,-0.029016727617256613
2025,23665,breaking,-0.051520145930850345
2025,23665,fastball,-0.022424372617069456
2025,23665,offspeed,0.07874248292012939
2025,23672,breaking,-0.023893428184501426
2025,23672,fastball,0.004921203917652863
2025,23672,offspeed,-0.003972197865295196
2025,23673,breaking,-0.13027538075513773
2025,23673,fastball,0.08191086146649611
2025,23673,offspeed,-0.013800684331454439
2025,23676,breaking,-0.029778592846600203
2025,23676,fastball,0.015690519942681867
2025,23676,offspeed,-0.03844991392445111
2025,23680,breaking,0.01635335852351771
2025,23680,fastball,0.054506858838343726
2025,23680,offspeed,0.01614317951550688
2025,23684,breaking,-0.018850993695637277
2025,23684,fastball,-0.06562742184755249
2025,23684,offspeed,-0.010678180224295031
2025,23689,breaking,-0.00964528036447143
2025,23689,fastball,-0.026367478368248768
2025,23689,offspeed,-0.05384140244490363
2025,23690,breaking,-0.0247309187395557
2025,23690,fastball,-0.017930764608052787
2025,23690,offspeed,0.004577051167110786
2025,23693,breaking,-0.008635664112400798
2025,23693,fastball,0.005806122285887827
2025,23694,breaking,-0.008008003018115177
2025,23694,fastball,0.08739595896698972
2025,23694,offspeed,-0.0580594917817405
2025,23695,breaking,-0.033250093790598685
2025,23695,fastball,0.025341382491876473
2025,23695,offspeed,-0.06056794698251026
2025,23696,breaking,-0.037994485065729985
2025,23696,fastball,0.1080490938524261
2025,23696,offspeed,0.0849691840414381
2025,23697,breaking,-0.13336210307386503
2025,23697,fastball,-0.016441504994824836
2025,23697,offspeed,-0.08795702430524381
2025,23699,breaking,-0.0339317186020286
2025,23699,fastball,0.018003191213026522
2025,23699,offspeed,-0.039780866174270735
2025,23703,breaking,-0.02273321169015368
2025,23703,fastball,0.01568606761285451
2025,23703,offspeed,0.05286119039618376
2025,23713,breaking,-0.062370011150855414
2025,23713,fastball,-0.017055181897747823
2025,23713,offspeed,-0.04972992650274167
2025,23714,breaking,0.027797576621525297
2025,23714,fastball,0.014643291386404873
2025,23714,offspeed,0.020061510679721218
2025,23717,breaking,-0.0570980142317502
2025,23717,fastball,-0.008552221117249308
2025,23717,offspeed,-0.07478779939501132
2025,23719,breaking,0.06435777368673
2025,23719,fastball,0.10793193017028709
2025,23719,offspeed,0.02663441660935493
2025,23721,breaking,-0.027628604467038922
2025,23721,fastball,-0.05978738968988157
2025,23721,offspeed,-0.05600823878180325
2025,23727,breaking,-0.034411510821474305
2025,23727,fastball,-0.025829471383387162
2025,23727,offspeed,-0.0822189218414549
2025,23729,breaking,0.009383106092976478
2025,23729,fastball,-0.012573269203378878
2025,23729,offspeed,-0.009236926223670908
2025,23731,breaking,-0.05979196643026962
2025,23731,fastball,-0.05654876018148184
2025,23731,offspeed,0.018533305814902715
2025,23736,breaking,-0.056864036655910374
2025,23736,fastball,-0.04434030432663582
2025,23736,offspeed,-0.05074547426269525
2025,23737,breaking,-0.09579829012319598
2025,23737,fastball,-0.02137896801645857
2025,23737,offspeed,-0.04581561339802119
2025,23738,breaking,-0.011984494371367433
2025,23738,fastball,0.009309777439828628
2025,23738,offspeed,-0.028983293660986495
2025,23740,breaking,-0.03521578122774534
2025,23740,fastball,0.025372784540653087
2025,23740,offspeed,-0.0020468548272234003
2025,23743,breaking,0.005248520787042564
2025,23743,fastball,0.0564435503039652
2025,23743,offspeed,0.015393887948439443
2025,23745,breaking,-0.09080184679860105
2025,23745,fastball,0.05738524430051572
2025,23745,offspeed,0.058699185381687315
2025,23747,breaking,0.010309412197264634
2025,23747,fastball,-0.06271838614974025
2025,23747,offspeed,-0.05066675470400453
2025,23748,breaking,-0.07618939458067767
2025,23748,fastball,-0.0019273857413438474
2025,23748,offspeed,0.014047034890466159
2025,23749,breaking,-0.009910617718504074
2025,23749,fastball,-0.03790541411235689
2025,23749,offspeed,-0.03170203259960436
2025,23751,breaking,-0.07183299656547046
2025,23751,fastball,-0.034787946338350736
2025,23751,offspeed,-0.04625711733140006
2025,23754,breaking,0.0026430858852329892
2025,23754,fastball,0.0007705495944982692
2025,23758,breaking,-0.04616342055983348
2025,23758,fastball,0.02282469290870627
2025,23758,offspeed,0.03312495875698399
2025,23759,breaking,-0.04939238452953191
2025,23759,fastball,0.007505281024860996
2025,23759,offspeed,0.0530410355788182
2025,23761,breaking,-0.071671615155948
2025,23761,fastball,-0.036428135758503385
2025,23761,offspeed,-0.032359944199221176
2025,23762,breaking,-0.04524440720835288
2025,23762,fastball,-0.015568346834936178
2025,23762,offspeed,0.0034583773410470885
2025,23763,fastball,0.005221071479439228
2025,23764,breaking,-0.03605084122460237
2025,23764,offspeed,-0.04407542987075714
2025,23766,breaking,-0.049363398185033956
2025,23766,fastball,0.03992060636191752
2025,23766,offspeed,0.006780501512471707
2025,23767,breaking,-0.03388008063315852
2025,23767,fastball,0.0661332106771781
2025,23767,offspeed,-0.04483558093484094
2025,23769,breaking,-0.046917578869088844
2025,23769,fastball,-0.010840060171847868
2025,23769,offspeed,-0.06096415860845189
2025,23771,breaking,0.019790394145969413
2025,23771,fastball,-0.04457589733236248
2025,23771,offspeed,-0.04835950684620786
2025,23772,breaking,-0.06789577118330144
2025,23772,fastball,-0.016278563342336655
2025,23772,offspeed,0.02144821074296442
2025,23775,breaking,0.025558864508698213
2025,23775,fastball,0.016342602712029076
2025,23779,breaking,-0.008113715597371802
2025,23779,fastball,-0.08609629444161085
2025,23781,breaking,0.0577696194147039
2025,23781,fastball,0.12584034399382654
2025,23781,offspeed,0.01826460512674094
2025,23782,breaking,-0.00601999124508134
2025,23782,fastball,0.07447534133730227
2025,23782,offspeed,0.00899956074698766
2025,23783,breaking,-0.012604036297715874
2025,23783,fastball,0.03736651321509506
2025,23783,offspeed,-0.02254227809852964
2025,23784,breaking,-0.037080522297264856
2025,23784,fastball,-0.0019139881704970639
2025,23784,offspeed,-0.056822153995162356
2025,23786,breaking,-0.011360712038213322
2025,23786,fastball,-0.02411508483822935
2025,23786,offspeed,-0.033684540270404545
2025,23787,breaking,-0.000128784929916789
2025,23787,fastball,-0.004315654889065052
2025,23787,offspeed,-0.00923887105431698
2025,23790,breaking,0.06511567709498348
2025,23790,fastball,-0.03789355826024797
2025,23790,offspeed,0.07484733078185474
2025,23794,breaking,0.004895055339142833
2025,23794,fastball,0.012149593921928215
2025,23819,breaking,-0.0792610066734148
2025,23819,fastball,-0.004831905889873684
2025,23819,offspeed,0.026138680346761357
2025,23843,breaking,-0.0366888114321385
2025,23843,fastball,0.02616612174170081
2025,23843,offspeed,-0.022080755152229768
2025,23848,breaking,-0.0012167327944924632
2025,23848,fastball,0.08379767919841197
2025,23848,offspeed,0.06412369342162288
2025,23849,breaking,0.028287603365014364
2025,23849,fastball,0.05514230754257623
2025,23849,offspeed,0.04592073199503417
2025,23850,breaking,-0.018351474031630337
2025,23850,fastball,-0.02906048961794826
2025,23850,offspeed,-0.004256003188155763
2025,23852,breaking,-0.07927760869024686
2025,23852,fastball,-0.029464890601400208
2025,23852,offspeed,-0.109337895126746
2025,23853,breaking,-0.09249326283829347
2025,23853,fastball,-0.039288068554744114
2025,23853,offspeed,0.022840333000173692
2025,23856,breaking,0.004742774086087778
2025,23856,fastball,0.01670620448635828
2025,23856,offspeed,-0.021719109238241004
2025,23857,breaking,-0.04532695205455629
2025,23857,fastball,0.015200881605318423
2025,23857,offspeed,0.008750114630969405
2025,23858,breaking,-0.07586800835952477
2025,23858,fastball,-0.026659821177591383
2025,23858,offspeed,-0.00047036707099620427
2025,23860,breaking,-0.08476228705267158
2025,23860,fastball,0.012036809025981064
2025,23860,offspeed,0.030621470377161123
2025,23863,breaking,-0.035925782936687904
2025,23863,fastball,0.004574437605355653
2025,23863,offspeed,-0.0031242771339341398
2025,23866,breaking,-0.03494459086005666
2025,23866,fastball,-0.13543590275874465
2025,23867,breaking,-0.04119362108648282
2025,23867,fastball,-0.05555615727717862
2025,23868,breaking,-0.03377565761961273
2025,23868,fastball,-0.020472714845711174
2025,23868,offspeed,-0.045060393690092126
2025,23869,breaking,-0.05605114398819233
2025,23869,fastball,0.00730407348868117
2025,23869,offspeed,-0.021203984568451094
2025,23870,breaking,-0.06310889254817832
2025,23870,fastball,-0.08895694681726905
2025,23870,offspeed,-0.062002797766153486
2025,23871,breaking,-0.016544971141117006
2025,23871,fastball,0.02608957612217207
2025,23871,offspeed,-0.0014648007820424708
2025,23872,breaking,-0.04284530923188532
2025,23872,fastball,0.005934907741836568
2025,23872,offspeed,-0.024042393886650377
2025,23874,breaking,0.013743154395286358
2025,23874,fastball,0.02030051325825972
2025,23874,offspeed,0.009933623500883136
2025,23879,breaking,-0.03128299221656728
2025,23879,fastball,-0.016462433469488797
2025,23879,offspeed,-0.023380419725077872
2025,23880,breaking,0.03189401173839753
2025,23880,fastball,0.08285458095514882
2025,23880,offspeed,0.054302821365166926
2025,23884,breaking,-0.01528120842584211
2025,23884,offspeed,0.005688612342735079
2025,23886,breaking,-0.052146862463044834
2025,23886,fastball,-0.027596319084975503
2025,23886,offspeed,-0.011120022906843427
2025,23887,breaking,0.05929691988843632
2025,23887,fastball,-0.04512399954290142
2025,23893,breaking,-0.029655178284733227
2025,23893,fastball,0.00409060703281918
2025,23893,offspeed,-0.04548729612302381
2025,23895,breaking,-0.04252337328076136
2025,23895,fastball,0.006495971549298917
2025,23895,offspeed,-0.010958055538599623
2025,23897,breaking,-0.0056201848509761865
2025,23897,fastball,0.040794768972923785
2025,23897,offspeed,0.008451298474576516
2025,23898,breaking,-0.047975990978753644
2025,23898,fastball,0.09441951900546856
2025,23898,offspeed,0.08222844922852834
2025,23902,breaking,-0.05316510977685252
2025,23902,fastball,-0.034833326479404125
2025,23902,offspeed,-0.041304231159383996
2025,23903,breaking,-0.10751440294971247
2025,23903,fastball,-0.05662700443090776
2025,23903,offspeed,-0.00504986043559248
2025,23904,breaking,-0.08726971953321429
2025,23904,fastball,-0.04808757685767624
2025,23904,offspeed,-0.044671847253708645
2025,23908,breaking,-0.01745978831569298
2025,23908,fastball,0.012495664961327408
2025,23908,offspeed,-0.012003604467038922
2025,23909,breaking,0.02347586393171781
2025,23909,fastball,0.05363215573159952
2025,23909,offspeed,-0.010056910307668539
2025,23912,fastball,-0.022623487562005353
2025,23914,breaking,0.005415718644220723
2025,23914,fastball,0.016774809887993503
2025,23914,offspeed,-0.05447189453579283
2025,23915,breaking,-0.014087270189213049
2025,23915,fastball,0.11829006787608591
2025,23915,offspeed,-0.017141241664927493
2025,23916,breaking,-0.07940417602567415
2025,23916,fastball,0.06863142304430368
2025,23916,offspeed,-0.03576735692714864
2025,23917,breaking,0.050901379101254425
2025,23917,fastball,0.1126045267818362
2025,23917,offspeed,0.04842890642725368
2025,23920,fastball,0.008255132372142114
2025,23921,breaking,0.0010869339565285727
2025,23921,fastball,0.012262598298256948
2025,23922,breaking,-0.011498387283807986
2025,23922,fastball,-0.00035040607807178547
2025,23922,offspeed,-0.0016540456021724036
2025,23923,breaking,-0.042494566676530586
2025,23923,fastball,-0.01122025880061222
2025,23927,breaking,-0.016852488078126115
2025,23927,fastball,0.024430566033411778
2025,23927,offspeed,0.023819406049596294
2025,23929,breaking,0.01955579800070682
2025,23929,fastball,0.06538387341616421
2025,23929,offspeed,0.036121487571470844
2025,23930,breaking,-0.04371504047111408
2025,23930,fastball,-0.03290104148204516
2025,23930,offspeed,-0.02346281303372292
2025,23931,breaking,-0.014286044075969324
2025,23931,fastball,0.0037918039069858777
2025,23931,offspeed,-0.011489976811972485
2025,23932,breaking,-0.04324805803946568
2025,23932,fastball,0.0570862174253648
2025,23932,offspeed,-0.0894701459848498
2025,23933,breaking,0.016101865363770174
2025,23933,fastball,0.004890157946265198
2025,23933,offspeed,-0.017216002483939955
2025,23934,breaking,0.009018220244959907
2025,23934,fastball,0.019393647978700114
2025,23934,offspeed,-0.019590781227745338
2025,23935,breaking,0.02876296257612664
2025,23935,fastball,-0.02658292604156885
2025,23935,offspeed,-0.028854814125033504
2025,23936,breaking,-0.019590781227745338
2025,23936,fastball,0.00889551994652533
2025,23936,offspeed,-0.025518040473175078
2025,23942,breaking,0.049329647534580794
2025,23942,fastball,0.05795042904676958
2025,23942,offspeed,0.006409503716917537
2025,23944,breaking,0.03348645736588448
2025,23944,fastball,0.14447772622316354
2025,23944,offspeed,0.030868677466306317
2025,23947,breaking,-0.13560584121354474
2025,23947,fastball,0.004912771604744571
2025,23947,offspeed,-0.06262773693874069
2025,23950,breaking,-0.011498387283807986
2025,23950,offspeed,-0.001556017916780069
2025,23951,breaking,0.011435718164906922
2025,23951,fastball,0.037613067778483736
2025,23951,offspeed,-0.042155738273682145
2025,23952,breaking,-0.06130429840501922
2025,23952,fastball,0.000642390690413622
2025,23952,offspeed,-0.015589311594404378
2025,23953,breaking,-0.051738357234232736
2025,23953,fastball,0.0045175202922229755
2025,23953,offspeed,-0.016642798822268094
2025,23954,breaking,-0.0639685052737511
2025,23954,fastball,-0.053035513694782835
2025,23954,offspeed,-0.025888982347936722
2025,23955,breaking,-0.03303555855576741
2025,23955,fastball,-0.03133632697979753
2025,23955,offspeed,-0.04275832057672881
2025,23959,breaking,-0.09046088117644512
2025,23959,fastball,-0.007090594521988154
2025,23959,offspeed,-0.007644345038485479
2025,23962,breaking,-0.03164028595525576
2025,23962,fastball,0.03603652506186252
2025,23962,offspeed,-0.08072308135273772
2025,23963,breaking,0.025295224160471436
2025,23963,fastball,-0.050898572526534666
2025,23963,offspeed,-0.06871986282024757
2025,23964,breaking,-0.0900947220898299
2025,23964,fastball,-0.0049808443840142205
2025,23964,offspeed,0.015439710163622106
2025,23966,breaking,0.01844719442021664
2025,23966,fastball,0.025380616412922392
2025,23966,offspeed,0.00517175500626961
2025,23967,breaking,-0.046807156169224186
2025,23967,fastball,-0.01613937726330306
2025,23967,offspeed,0.017489780695538006
2025,23968,breaking,-0.11060362256054791
2025,23968,fastball,-0.013151942747189683
2025,23968,offspeed,-0.04282219659806776
2025,23972,breaking,-0.02896077945909399
2025,23972,fastball,-0.048799975897761534
2025,23972,offspeed,-0.004363115749131406
2025,23977,breaking,-0.06131073086920356
2025,23977,fastball,-0.009019981510406987
2025,23977,offspeed,0.01363048372178749
2025,23979,breaking,-0.060392837038151535
2025,23979,fastball,0.022152447009514156
2025,23979,offspeed,0.0007221374169109413
2025,23982,breaking,-0.006973823243133083
2025,23982,fastball,0.03579753369893844
2025,23982,offspeed,-0.023768421011889182
2025,23984,breaking,-0.026831071411615497
2025,23984,fastball,-0.05448416654797514
2025,23985,breaking,-0.07828703869471282
2025,23985,fastball,-0.07925796658196652
2025,23985,offspeed,0.008890606089506061
2025,23987,breaking,-0.05222970625848928
2025,23987,fastball,0.042473492579520836
2025,23987,offspeed,0.002136398385292627
2025,23988,breaking,-0.04811317510370353
2025,23988,fastball,0.052436762283516306
2025,23988,offspeed,0.0005686768326139109
2025,23991,breaking,-0.0011546947047134497
2025,23991,fastball,-0.060303320674829436
2025,23991,offspeed,-0.0005753260729009338
2025,24011,breaking,-0.03983571959400454
2025,24011,fastball,0.11115854118236478
2025,24011,offspeed,0.026129570427777925
2025,24012,breaking,-0.09651426808024732
2025,24012,fastball,0.05557380123560883
2025,24012,offspeed,-0.037886925467278884
2025,24013,breaking,-0.0043537007349372615
2025,24013,fastball,0.06894224286054594
2025,24013,offspeed,0.01017577377803372
2025,24015,breaking,-0.00649682659071894
2025,24015,fastball,-0.0292424472236394
2025,24017,breaking,-0.025341294005880376
2025,24017,fastball,-0.03425327427798181
2025,24017,offspeed,-0.023757863906802033
2025,24018,breaking,-0.024282009101591295
2025,24018,fastball,0.05786489299667506
2025,24018,offspeed,-0.021621497339935212
2025,24020,breaking,-0.042461996448331644
2025,24020,fastball,-0.02271668613356381
2025,24020,offspeed,-0.04825290307495001
2025,24021,breaking,-0.0677345847881324
2025,24021,fastball,0.04482583529082773
2025,24021,offspeed,-0.03552572073295536
2025,24026,breaking,-0.06598752555645282
2025,24026,fastball,-0.007089677948267929
2025,24026,offspeed,-0.027564739302039586
2025,24027,breaking,-0.011834418657264366
2025,24027,fastball,-0.018876386805103493
2025,24027,offspeed,-0.03221260786457662
2025,24028,breaking,0.01866548107559936
2025,24028,fastball,0.014273357074269622
2025,24028,offspeed,-0.04509174944591914
2025,24038,breaking,-0.021361359870112572
2025,24038,fastball,-0.033828676320128
2025,24038,offspeed,0.01980819090781668
2025,24039,breaking,-0.05621277349668077
2025,24039,fastball,-0.045137386656500696
2025,24039,offspeed,0.023177938880172295
2025,24042,breaking,0.003607973862348681
2025,24042,fastball,-0.015811766800241683
2025,24042,offspeed,-0.03582077522624313
2025,24043,breaking,-0.001782840874931478
2025,24043,fastball,-0.0037955481590100652
2025,24043,offspeed,-0.04824625728494145
2025,24044,breaking,-0.11059169430626986
2025,24044,fastball,0.07952344212708047
2025,24044,offspeed,0.05298594628218047
2025,24045,breaking,-0.0058460933652251315
2025,24045,fastball,-0.0588860840008746
2025,24045,offspeed,-0.021719109238241004
2025,24047,breaking,-0.06281732808559266
2025,24047,fastball,-0.037625204278171474
2025,24047,offspeed,-0.025976679242491356
2025,24048,breaking,-0.011345207729059389
2025,24048,fastball,-0.055965569147223185
2025,24051,breaking,-0.008258864190117152
2025,24051,fastball,-0.044742215568528955
2025,24051,offspeed,0.0013680332995199746
2025,24052,breaking,0.00992957700601299
2025,24052,fastball,0.030982208584960362
2025,24052,offspeed,-0.0005130785109942542
2025,24053,breaking,-0.029327559564475067
2025,24053,fastball,-0.00922104684712907
2025,24053,offspeed,-0.07338733796817778
2025,24055,breaking,0.03459967511042947
2025,24055,fastball,0.030075708908787184
2025,24055,offspeed,-0.03501545929741608
2025,24056,breaking,-0.03268733821197142
2025,24056,fastball,0.02910853753812306
2025,24056,offspeed,0.004033625366707324
2025,24059,breaking,-0.040385472219481924
2025,24059,fastball,0.06425593378368433
2025,24063,breaking,-0.08463856496408499
2025,24063,fastball,0.008553856129938286
2025,24063,offspeed,-0.0019070875721221008
2025,24064,breaking,0.017657156855983864
2025,24064,fastball,0.015127751106899423
2025,24064,offspeed,-0.02633254076779963
2025,24065,breaking,-0.03992767613618952
2025,24065,fastball,0.02613412425900684
2025,24065,offspeed,-0.017656993482599644
2025,24069,breaking,-0.016418191206870533
2025,24069,fastball,0.014969889200329285
2025,24069,offspeed,0.008825695801232051
2025,24073,breaking,-0.05232982911880505
2025,24073,fastball,-0.024589496491513783
2025,24076,breaking,-0.1316345424891115
2025,24076,fastball,-0.002854173362838811
2025,24076,offspeed,0.013275700220363921
2025,24078,breaking,-0.0833512132761294
2025,24078,fastball,-0.05408327376528509
2025,24078,offspeed,-0.01340723177409107
2025,24084,breaking,-0.018309238573844287
2025,24084,fastball,0.03286612522923762
2025,24084,offspeed,-0.00649682659071894
2025,24085,breaking,-0.04329274471849799
2025,24085,fastball,-0.02127096313837581
2025,24085,offspeed,-0.05641868904330865
2025,24086,breaking,-0.1037888249913905
2025,24086,fastball,-0.09496248369400988
2025,24086,offspeed,0.0015193755714886484
2025,24088,breaking,-0.07700838530272561
2025,24088,fastball,-0.017605282412556034
2025,24088,offspeed,-0.0926738938880846
2025,24089,breaking,-0.02840078662977068
2025,24089,fastball,0.020585455045805993
2025,24089,offspeed,-0.011899453961365929
2025,24094,breaking,-0.029772830786041204
2025,24094,fastball,-0.04544274172606289
2025,24094,offspeed,-0.06180144209931836
2025,24097,breaking,-0.054072169402620815
2025,24097,fastball,-0.029346077054306117
2025,24099,breaking,-0.021152643659068205
2025,24099,fastball,0.002100903994442761
2025,24099,offspeed,-0.04500713035886525
2025,24100,breaking,0.008047050326664276
2025,24100,fastball,-0.028148826323099552
2025,24100,offspeed,0.017119579929365365
2025,24102,breaking,-0.021465281133232494
2025,24102,fastball,0.010881421314172694
2025,24102,offspeed,0.0527152134033788
2025,24105,breaking,-0.018309238573844287
2025,24105,fastball,-0.018059301268319748
2025,24105,offspeed,0.008523659975525876
2025,24107,breaking,-0.02841005963427707
2025,24107,fastball,0.012049118536993617
2025,24109,breaking,0.04133278005589877
2025,24109,fastball,0.0741630038122885
2025,24109,offspeed,-0.06476465618406435
2025,24110,breaking,-0.0416486683793458
2025,24110,fastball,0.005769637730635781
2025,24110,offspeed,-0.013092424110745841
2025,24112,breaking,0.023544118304572644
2025,24112,fastball,-0.0270579904916326
2025,24112,offspeed,-0.07468855059851327
2025,24113,breaking,0.008444587973315137
2025,24113,fastball,0.029641989783861747
2025,24113,offspeed,0.0020113022660241406
2025,24115,breaking,-0.15111306422881363
2025,24115,fastball,-0.12006523221714274
2025,24115,offspeed,0.011867502099004926
2025,24117,breaking,-0.04733350753897851
2025,24117,fastball,-0.13103390900107342
2025,24117,offspeed,-0.008693909547975645
2025,24118,breaking,0.04348557989850229
2025,24118,fastball,0.0249599425853186
2025,24118,offspeed,-0.01655791912011741
2025,24126,breaking,0.03380552093394946
2025,24126,fastball,0.11057621841096665
2025,24126,offspeed,0.043637826463671245
2025,24129,breaking,-0.11190656352722951
2025,24129,fastball,-0.04268662606080758
2025,24129,offspeed,-0.07005371033813719
2025,24131,fastball,0.020803972470342654
2025,24133,breaking,-0.03259308485644682
2025,24133,fastball,0.04094238037965369
2025,24133,offspeed,-0.05700454431573639
2025,24135,breaking,-0.0016194673432840115
2025,24135,fastball,-0.0143026296187849
2025,24135,offspeed,0.001346098952447612
2025,24136,breaking,-0.018560916186183714
2025,24136,fastball,-0.022042650004802232
2025,24136,offspeed,-0.01630160300801644
2025,24140,breaking,-0.010758762682990058
2025,24140,fastball,0.06878333844000939
2025,24140,offspeed,0.0640264252107705
2025,24146,breaking,-0.11298484358137253
2025,24146,fastball,-0.028260839760437726
2025,24146,offspeed,0.02932174550739841
2025,24147,breaking,0.029779903049225634
2025,24147,fastball,0.0023814637035675054
2025,24147,offspeed,-0.03295271692041094
2025,24151,breaking,-0.02636217353632875
2025,24151,fastball,-0.0626246372625875
2025,24151,offspeed,-0.023590982707732966
2025,24152,breaking,-0.07704516896848877
2025,24152,fastball,0.011733727217870553
2025,24152,offspeed,-0.04586610977560076
2025,24153,breaking,0.006775964581091136
2025,24153,fastball,-0.020636246291250087
2025,24154,breaking,0.0394764230676749
2025,24154,fastball,0.02106878837238441
2025,24154,offspeed,-0.009026881707266315
2025,24156,breaking,0.007913674882068893
2025,24156,fastball,0.00613326647113636
2025,24156,offspeed,0.023675437888000132
2025,24157,breaking,0.0008778849925545695
2025,24157,fastball,0.044730940470179496
2025,24157,offspeed,0.010704067010050639
2025,24161,breaking,-0.08618385433528304
2025,24161,fastball,-0.0233476259758921
2025,24161,offspeed,0.00040434592562045525
2025,24164,breaking,-0.002283298149551976
2025,24164,fastball,0.10783824227201823
2025,24164,offspeed,-0.03390034837860366
2025,24165,breaking,-0.007289846156826451
2025,24165,fastball,0.006530285193248122
2025,24165,offspeed,-0.0013973844154425673
2025,24166,breaking,-0.010636673039533967
2025,24166,fastball,0.04471883511092971
2025,24166,offspeed,-0.04697847319527519
2025,24167,breaking,-0.03693192108066162
2025,24167,fastball,0.02443656366763237
2025,24167,offspeed,-0.013579274181880745
2025,24168,breaking,0.007584490437516374
2025,24168,fastball,-0.019023400272617164
2025,24168,offspeed,-0.0016540456021724036
2025,24169,breaking,-0.041818058366418866
2025,24169,fastball,-0.07379898262752183
2025,24169,offspeed,-0.023780118990696267
2025,24170,breaking,-0.013261009469522848
2025,24170,fastball,0.02613412425900684
2025,24170,offspeed,-0.005100388257508788
2025,24173,breaking,-0.0038946182607818396
2025,24173,fastball,-0.006615436911846027
2025,24173,offspeed,0.017948681204720235
2025,24178,breaking,-0.017590739309426846
2025,24178,fastball,-0.004438112416355297
2025,24178,offspeed,-0.056562526205040424
2025,24179,breaking,0.03402896140340308
2025,24179,offspeed,-0.05595525047945611
2025,24181,breaking,-0.005077361776648421
2025,24181,fastball,0.007492853002317633
2025,24181,offspeed,-0.01276645954815331
2025,24183,breaking,-0.07598070216842258
2025,24183,fastball,0.027826329242172262
2025,24183,offspeed,0.00889425960700324
2025,24184,breaking,-0.04292571118404693
2025,24184,fastball,0.019541031377289093
2025,24185,breaking,-0.05171426560247541
2025,24185,fastball,0.020134308439871542
2025,24185,offspeed,-0.01161763945439932
2025,24193,breaking,-0.030806585213756715
2025,24193,fastball,0.13615352438222622
2025,24193,offspeed,0.01656095278381111
2025,24197,breaking,-0.0838084024120381
2025,24197,fastball,-0.0023557898793990554
2025,24197,offspeed,0.007562923185814279
2025,24201,breaking,-0.02319046849012622
2025,24201,fastball,-0.0800151196637039
2025,24201,offspeed,-0.0336285514076615
2025,24202,breaking,-0.04861226887687459
2025,24202,fastball,-0.0016540456021724036
2025,24202,offspeed,0.01627147208677597
2025,24203,breaking,-0.10896999166184469
2025,24203,fastball,-0.017941140120631312
2025,24203,offspeed,0.019724666552773204
2025,24205,breaking,0.023530242522014987
2025,24205,fastball,-0.02372857066432576
2025,24205,offspeed,-0.0011317421225482108
2025,24209,breaking,-0.014083034677810536
2025,24209,fastball,-0.02224622333434694
2025,24209,offspeed,-0.018689850588373323
2025,24211,breaking,0.0038736605160912562
2025,24211,fastball,0.08053961411088935
2025,24211,offspeed,-0.03200136874622272
2025,24222,breaking,-0.10090617014268206
2025,24222,fastball,0.09396759996634052
2025,24222,offspeed,0.08151335223047819
2025,24223,breaking,0.013889044759087789
2025,24223,fastball,0.10393713964061845
2025,24223,offspeed,-0.019786366716207614
2025,24224,breaking,-0.1484651678481587
2025,24224,fastball,-0.03812601703943927
2025,24224,offspeed,-0.04125241255022516
2025,24226,breaking,-0.05611619123179855
2025,24226,fastball,-0.036118674517675475
2025,24226,offspeed,0.02512774954212157
2025,24229,breaking,-0.017449216278906308
2025,24229,fastball,-0.02240947249718081
2025,24229,offspeed,-0.018627789553909545
2025,24234,breaking,-0.07507360360025678
2025,24234,fastball,0.0176658404777389
2025,24234,offspeed,-0.03058336366971895
2025,24237,breaking,-0.064509766668938
2025,24237,fastball,-0.03070009461445766
2025,24237,offspeed,-0.03749924765052003
2025,24239,breaking,0.030888197523504364
2025,24239,fastball,0.07593234333356903
2025,24239,offspeed,0.009012180296462034
2025,24240,breaking,-0.038848697466020855
2025,24240,fastball,0.004075791011795924
2025,24240,offspeed,0.012841897500108192
2025,24241,breaking,0.03317511957174157
2025,24241,fastball,0.004524464711490869
2025,24241,offspeed,-0.028971129334034878
2025,24244,breaking,0.008916372229458016
2025,24244,fastball,-0.0045608449958240765
2025,24244,offspeed,0.0004091529394793582
2025,24246,breaking,0.0063863418042092385
2025,24246,fastball,-0.013579274181880745
2025,24246,offspeed,-0.006946991529124095
2025,24247,breaking,-0.04077498412824251
2025,24247,fastball,0.020549828607107815
2025,24247,offspeed,-0.012571115161172704
2025,24248,breaking,0.045454772182896994
2025,24248,fastball,0.004895055339142833
2025,24248,offspeed,0.06157945830743037
2025,24252,breaking,0.012301528537169119
2025,24252,fastball,-7.631926217499692e-05
2025,24252,offspeed,-0.05186825851913534
2025,24253,breaking,0.05514910175474814
2025,24253,fastball,0.020170242483833076
2025,24253,offspeed,0.01829426337652482
2025,24254,breaking,-0.003157723422329134
2025,24254,fastball,0.004895055339142833
2025,24254,offspeed,0.001346098952447612
2025,24258,breaking,0.02296910582213176
2025,24258,offspeed,-0.011075982978000271
2025,24259,breaking,-0.00035040607807178547
2025,24259,fastball,-0.050958800172842614
2025,24259,offspeed,-0.04210925141687919
2025,24262,breaking,-0.0424003419604815
2025,24262,offspeed,0.03133127152597174
2025,24265,breaking,-0.19676417700292026
2025,24265,fastball,-0.05040931028394057
2025,24265,offspeed,0.030695342940495206
2025,24268,breaking,-0.06413062245911602
2025,24268,fastball,0.005868555815271837
2025,24268,offspeed,-0.015557023623951305
2025,24269,breaking,0.008706202563781046
2025,24269,fastball,0.019364596463891447
2025,24269,offspeed,-0.0062767394238225265
2025,24271,breaking,0.005413836135919676
2025,24271,fastball,-0.009306419762286211
2025,24271,offspeed,0.020737400831529917
2025,24276,breaking,-0.01861439275535534
2025,24276,fastball,0.01832427427720247
2025,24276,offspeed,-0.0120883376376619
2025,24277,breaking,-0.04023367445297927
2025,24277,fastball,-0.033465067916988694
2025,24277,offspeed,-0.04834837970651209
2025,24281,breaking,0.013932651884292959
2025,24281,fastball,0.04691526131261352
2025,24281,offspeed,-0.005100388257508788
2025,24283,breaking,0.01103448097131743
2025,24283,fastball,0.09566485584193343
2025,24283,offspeed,0.05334982074332806
2025,24286,breaking,-0.05103643925858367
2025,24286,fastball,-0.0306953316937611
2025,24286,offspeed,-0.02547698592357951
2025,24293,breaking,-0.007800124947099011
2025,24293,fastball,0.018092706092462555
2025,24293,offspeed,0.004895055339142833
2025,24300,breaking,-0.04471928553707615
2025,24300,fastball,0.006876351419566924
2025,24300,offspeed,0.06104925685784076
2025,24303,breaking,0.005571961703111636
2025,24303,fastball,0.057308927330612366
2025,24303,offspeed,0.05177690092411936
2025,24305,breaking,-0.10103282454852185
2025,24305,fastball,0.033782723437087055
2025,24305,offspeed,-0.034446695047000805
2025,24306,breaking,-0.0021719117325204127
2025,24306,fastball,0.1224948134872653
2025,24306,offspeed,-0.011027772368313538
2025,24307,breaking,-0.016607774970132935
2025,24307,fastball,-0.017809834157674127
2025,24307,offspeed,0.012521537090822415
2025,24310,breaking,-0.008304347291236957
2025,24310,fastball,0.08634196880077999
2025,24310,offspeed,0.07658166342781408
2025,24313,breaking,-0.08337968434242327
2025,24313,fastball,0.02768383058660623
2025,24313,offspeed,-0.02317799934141823
2025,24314,breaking,-0.05960917572712184
2025,24314,fastball,-0.012005989877063736
2025,24314,offspeed,-0.027718474245129448
2025,24317,breaking,-0.03777868180176525
2025,24317,fastball,0.03999334436189674
2025,24317,offspeed,0.03321687005417237
2025,24319,breaking,-0.05611829523075188
2025,24319,fastball,-0.0065267390769176295
2025,24319,offspeed,-0.015737684659863107
2025,24327,breaking,-0.012488795457975923
2025,24327,fastball,0.06025479965428756
2025,24327,offspeed,-0.008067244087853104
2025,24328,breaking,0.03824349412868004
2025,24328,fastball,-0.018262520298754817
2025,24328,offspeed,-0.0615584465517041
2025,24329,breaking,-0.0759549276873139
2025,24329,fastball,0.0060477384760755015
2025,24329,offspeed,-0.03386733270054593
2025,24333,breaking,-0.020171042000753307
2025,24333,fastball,0.03505641050362214
2025,24334,breaking,-0.00499232940547777
2025,24334,fastball,0.007485404979276888
2025,24334,offspeed,-0.0035839278618480484
2025,24338,breaking,0.0010869339565285727
2025,24338,offspeed,-0.007644345038485479
2025,24339,breaking,0.005615825442064293
2025,24339,fastball,0.03990667785831894
2025,24339,offspeed,-0.006331986381632424
2025,24340,breaking,-0.006555529602524176
2025,24340,fastball,0.012582010710646317
2025,24340,offspeed,0.05970478192567183
2025,24343,breaking,-0.07748833592599962
2025,24343,fastball,-0.04877860741789786
2025,24343,offspeed,-0.02179979597286199
2025,24344,breaking,-0.007642122591985272
2025,24344,fastball,0.011021254379896017
2025,24344,offspeed,0.028646853672565604
2025,24349,breaking,-0.07819674412133018
2025,24349,fastball,0.020804167673942622
2025,24349,offspeed,0.01754511954828835
2025,24355,breaking,-0.10705785983031219
2025,24355,fastball,-0.049393781391949554
2025,24355,offspeed,-0.008029772340603534
2025,24358,breaking,0.0017747354480421441
2025,24358,offspeed,0.04388560724464466
2025,24369,breaking,-0.02048500364212417
2025,24369,fastball,0.02590842788905523
2025,24369,offspeed,0.0010869339565285727
2025,24373,breaking,0.04372942602342984
2025,24373,fastball,-0.010821562501124142
2025,24373,offspeed,0.03547794435121094
2025,24376,breaking,-0.06305353388936533
2025,24376,fastball,-0.10428180728787104
2025,24376,offspeed,-0.01721008372862241
2025,24377,breaking,-0.0047381434512245
2025,24377,fastball,-0.015266665014355947
2025,24377,offspeed,0.015049445883101465
2025,24380,breaking,-0.007112180477141525
2025,24380,fastball,-0.032793422549583055
2025,24380,offspeed,-0.007805853105510836
2025,24387,breaking,-0.0725212617036822
2025,24387,fastball,0.039001611950862186
2025,24387,offspeed,-0.0005723615726770721
2025,24388,breaking,-0.047584010983758564
2025,24388,fastball,-0.043793735525102434
2025,24388,offspeed,-0.0736285514076615
2025,24389,breaking,-0.08038030623288239
2025,24389,fastball,-0.016583430270780606
2025,24389,offspeed,0.05842384212812651
2025,24392,breaking,-0.0602671506821311
2025,24392,fastball,-0.07240109531683717
2025,24392,offspeed,-0.03594901990820145
2025,24398,breaking,0.02458665657252116
2025,24398,fastball,-0.03380344713484681
2025,24398,offspeed,0.00874909758446534
2025,24399,breaking,-0.029509486731924113
2025,24399,fastball,-0.09935730111960858
2025,24399,offspeed,-0.02063748219936973
2025,24401,breaking,0.021201290704500997
2025,24401,fastball,-0.0007602882273860571
2025,24401,offspeed,-0.033934186161413735
2025,24410,breaking,-0.018276748211553628
2025,24410,fastball,0.05900379911385508
2025,24410,offspeed,0.0017984581500926314
2025,24411,breaking,0.036508230780175246
2025,24411,fastball,0.01080690555975915
2025,24411,offspeed,-0.0015825819343087072
2025,24412,breaking,0.017062280787617998
2025,24412,fastball,0.03182421311980892
2025,24412,offspeed,-0.030655079871768746
2025,24420,breaking,-0.06506820109786039
2025,24420,fastball,0.06354162852518802
2025,24420,offspeed,0.003198415609713784
2025,24423,breaking,-0.021082923942593614
2025,24423,fastball,-0.04326403226248179
2025,24423,offspeed,0.02530723884126791
2025,24424,breaking,0.004469014904101071
2025,24424,fastball,-0.04243243160181255
2025,24424,offspeed,0.017129725425337756
2025,24425,breaking,-0.0004462598797984026
2025,24425,fastball,-0.026574664317343868
2025,24425,offspeed,0.014074844232622733
2025,24434,breaking,-0.07066140438323044
2025,24434,fastball,-0.015855796173751987
2025,24434,offspeed,0.01492980042171161
2025,24440,breaking,-0.025115383593767807
2025,24440,fastball,0.02445796866658927
2025,24440,offspeed,0.06766403011318592
2025,24444,breaking,-0.0006044010660791177
2025,24444,fastball,0.010653247071679472
2025,24444,offspeed,0.042110079648343665
2025,24446,breaking,0.035332187621042496
2025,24446,fastball,0.09523804180487169
2025,24446,offspeed,0.011069131230533762
2025,24447,breaking,-0.012201722420874635
2025,24447,fastball,-0.0018617505381242985
2025,24447,offspeed,0.02403713747830415
2025,24450,breaking,-0.0028762545973347415
2025,24450,fastball,0.0062712437138484145
2025,24450,offspeed,-0.012881330875191319
2025,24452,breaking,-0.03638398033486388
2025,24452,fastball,0.004541705037948332
2025,24452,offspeed,0.005615825442064293
2025,24459,breaking,-0.049630161500401296
2025,24459,fastball,0.03526693671528802
2025,24459,offspeed,0.024666459931838566
2025,24460,breaking,-0.1402891009183886
2025,24460,fastball,0.05405163806432712
2025,24460,offspeed,0.05400754879760073
2025,24461,breaking,-0.011643295572181018
2025,24461,fastball,0.025411532417914703
2025,24461,offspeed,0.05173278109719557
2025,24463,breaking,0.053990702629534135
2025,24463,fastball,0.026224476143079857
2025,24463,offspeed,-0.08248913198710948
2025,24465,breaking,0.0739010264636847
2025,24465,fastball,0.13418585861667534
2025,24465,offspeed,0.07718073346436255
2025,24467,breaking,-0.06881231058856398
2025,24467,fastball,0.056368047271687774
2025,24467,offspeed,0.0802034057249703
2025,24469,breaking,-0.0297673410145401
2025,24469,fastball,0.018594281112879193
2025,24477,breaking,0.008417757887994837
2025,24477,fastball,0.030600735174261755
2025,24478,breaking,-0.03435021566717685
2025,24478,fastball,0.04211307453272112
2025,24478,offspeed,0.008305160594015468
2025,24482,breaking,-0.07231925077426907
2025,24482,fastball,-0.04237164698751591
2025,24482,offspeed,-0.06854107171965003
2025,24483,breaking,0.06941090560094289
2025,24483,fastball,0.09609255677640116
2025,24483,offspeed,0.03887802943861508
2025,24484,breaking,0.010310670567004056
2025,24484,fastball,0.018115122767012305
2025,24484,offspeed,-0.02976440891601138
2025,24485,breaking,0.03457652673433465
2025,24485,fastball,0.07915319721591428
2025,24485,offspeed,0.049861407757832876
2025,24486,breaking,-0.05456353807543456
2025,24486,fastball,-0.02155012299220178
2025,24486,offspeed,-0.048363136021407904
2025,24487,breaking,-0.06687131858448124
2025,24487,fastball,0.05440699553681326
2025,24487,offspeed,0.061338683942580643
2025,24488,breaking,-0.06513539429772285
2025,24488,fastball,0.0008366654729509218
2025,24488,offspeed,0.019510535998639514
2025,24494,breaking,-0.09407564714893711
2025,24494,fastball,0.1704734060836818
2025,24494,offspeed,-0.013560885163421094
2025,24498,breaking,-0.06557768445551944
2025,24498,fastball,-0.007477070393492805
2025,24498,offspeed,-0.012612542293504198
2025,24499,breaking,0.029774484961803776
2025,24499,fastball,0.06421699698859581
2025,24499,offspeed,0.015885222195961248
2025,24502,breaking,0.02742804291875922
2025,24502,fastball,-0.013562456585401629
2025,24508,breaking,0.02140792348729075
2025,24508,fastball,0.0020393059498291922
2025,24508,offspeed,0.06844844382795119
2025,24509,breaking,-0.0005099151328571915
2025,24509,fastball,0.030614152285904278
2025,24509,offspeed,0.08281282385501228
2025,24512,breaking,-0.11723623909936853
2025,24512,fastball,-0.0757042930038151
2025,24512,offspeed,0.021040341642473787
2025,24515,breaking,-0.04801085735306713
2025,24515,fastball,-0.040838440482301355
2025,24515,offspeed,0.01621221352611376
2025,24516,breaking,-0.03114762026330073
2025,24516,fastball,-0.11101845671977958
2025,24516,offspeed,-0.007477070393492805
2025,24518,breaking,-0.02046132677828796
2025,24518,fastball,0.04195780223148478
2025,24518,offspeed,0.022994560284110854
2025,24525,breaking,0.0006316405613265574
2025,24525,fastball,0.008362397524282375
2025,24525,offspeed,0.06119491248269591
2025,24527,breaking,0.01793560325721652
2025,24527,fastball,-0.03869071352134236
2025,24527,offspeed,-0.06008196870697618
2025,24531,breaking,-0.01110518661167767
2025,24531,fastball,0.00546824968584129
2025,24533,breaking,-0.028331067846860254
2025,24533,fastball,0.02143636536729328
2025,24533,offspeed,-0.009541328706242483
2025,24537,breaking,0.0645450425062353
2025,24537,fastball,-0.004756789003815727
2025,24537,offspeed,-0.022299519309136543
2025,24540,breaking,0.039583212220209704
2025,24540,fastball,0.06300395982588554
2025,24540,offspeed,0.09712277033066757
2025,24541,breaking,-0.08712866771624178
2025,24541,fastball,0.0034319931016136155
2025,24541,offspeed,0.0009877427523353297
2025,24544,breaking,-0.10980351882588432
2025,24544,fastball,-0.039169960606566134
2025,24544,offspeed,-0.08810630718740908
2025,24546,breaking,-0.09617565888731736
2025,24546,fastball,-0.0827636576650933
2025,24546,offspeed,0.010858616736753009
2025,24552,breaking,0.008916372229458016
2025,24552,fastball,0.029172441583739755
2025,24552,offspeed,-0.0058460933652251315
2025,24559,breaking,0.005512499444304501
2025,24559,fastball,0.05781986884037794
2025,24559,offspeed,0.02141795861573764
2025,24560,breaking,-0.06378062735814205
2025,24560,fastball,0.06652841174541665
2025,24560,offspeed,0.09374719317064586
2025,24566,breaking,0.016256640561326557
2025,24566,fastball,-0.013040728369033269
2025,24566,offspeed,-0.03862854749003853
2025,24568,breaking,0.02336259687625033
2025,24568,fastball,0.023316218115783813
2025,24568,offspeed,-0.02450100372787073
2025,24570,breaking,-0.08879850182850478
2025,24570,fastball,0.03660634676162094
2025,24570,offspeed,0.11558960006183062
2025,24571,breaking,-0.028271086896097464
2025,24571,fastball,-0.005507343942248446
2025,24571,offspeed,-0.09595750040751003
2025,24572,breaking,-0.09979779988408138
2025,24572,fastball,-0.03577135476095213
2025,24573,breaking,-0.07621589352662363
2025,24573,fastball,-0.025472917459047284
2025,24573,offspeed,-0.009483689297720144
2025,24577,breaking,-0.0058460933652251315
2025,24577,fastball,0.04859200907621667
2025,24579,breaking,0.007173025084966903
2025,24579,fastball,-0.009712271066943032
2025,24579,offspeed,-0.007477070393492805
2025,24580,breaking,-0.04823910455606574
2025,24580,fastball,-0.00024104554977002918
2025,24580,offspeed,-0.015510555026347433
2025,24585,breaking,-0.0058460933652251315
2025,24585,fastball,-0.012881330875191319
2025,24585,offspeed,-0.007477070393492805
2025,24591,breaking,0.029899664517724897
2025,24591,fastball,0.056450555854673186
2025,24591,offspeed,0.008916372229458016
2025,24596,breaking,0.013843461492483491
2025,24596,fastball,-0.00842942513997672
2025,24596,offspeed,-0.02424721105918366
2025,24597,breaking,0.0027436691248086814
2025,24597,fastball,-0.02455359213394555
2025,24604,breaking,0.0329690383414473
2025,24604,fastball,0.13870791800183324
2025,24604,offspeed,0.13102532628460373
2025,24605,breaking,-0.02850633087519132
2025,24605,fastball,-0.06515732771472302
2025,24605,offspeed,-0.022300184857580157
2025,24607,breaking,-0.0442672493337105
2025,24607,fastball,0.02617934694019558
2025,24607,offspeed,-0.020890578119655764
2025,24608,breaking,-0.0008479583343542408
2025,24608,fastball,-0.03734152068484783
2025,24608,offspeed,0.00909315432528687
2025,24619,breaking,-0.04597539829984155
2025,24619,fastball,-0.02115779433231623
2025,24619,offspeed,-0.04345625030800177
2025,24621,breaking,-0.014712944967840681
2025,24621,fastball,-0.030505965884457246
2025,24621,offspeed,-0.007477070393492805
2025,24622,breaking,-0.014615916763202187
2025,24622,fastball,0.039119812210334906
2025,24622,offspeed,-0.037860466633411145
2025,24623,breaking,-0.017431557391727383
2025,24623,fastball,0.009877485671819553
2025,24623,offspeed,0.015798128351457434
2025,24624,breaking,-0.06150625069705663
2025,24624,fastball,-0.019386496281603185
2025,24624,offspeed,-0.0185157743431679
2025,24626,breaking,-0.10752242139214131
2025,24626,fastball,-0.02846395092097267
2025,24626,offspeed,0.03886578339755123
2025,24627,breaking,0.012317625729126631
2025,24627,fastball,0.0329690383414473
2025,24627,offspeed,-0.006285332027688296
2025,24629,breaking,0.0072459898355952245
2025,24629,fastball,0.009819524078600943
2025,24629,offspeed,-0.12172903082133112
2025,24631,breaking,0.0033687496604083065
2025,24631,fastball,-0.04784440837731451
2025,24631,offspeed,-0.022299519309136543
2025,24633,breaking,-0.005476496636711632
2025,24633,fastball,-0.08526286794669855
2025,24633,offspeed,0.008417757887994837
